model,window_end,mean_active_topics_mean,mean_active_topics_q05,mean_active_topics_q25,mean_active_topics_q75,mean_active_topics_q95,mean_topic_popularity_mean,mean_topic_popularity_q05,mean_topic_popularity_q25,mean_topic_popularity_q75,mean_topic_popularity_q95,mean_active_topics_obs,mean_topic_popularity_obs
one_stage,1961,3.9283854166666665,3.5958333333333337,3.8333333333333335,4.0,4.2375,1.0475694444444443,0.9588888888888889,1.0222222222222221,1.0666666666666667,1.13,2.5833333333333335,0.6888888888888889
one_stage,1962,2.819444444444444,2.35,2.6666666666666665,3.0,3.111111111111111,0.5638888888888889,0.47000000000000003,0.5333333333333333,0.6,0.6222222222222222,1.5555555555555556,0.3111111111111111
one_stage,1964,6.83984375,6.345833333333333,6.666666666666667,7.020833333333333,7.320833333333333,1.8239583333333333,1.6922222222222223,1.7777777777777777,1.8722222222222222,1.952222222222222,2.5,0.6666666666666666
one_stage,1966,8.23046875,7.666666666666667,8.0625,8.416666666666666,8.75,2.1947916666666667,2.0444444444444443,2.15,2.2444444444444445,2.3333333333333335,3.3333333333333335,0.8888888888888888
one_stage,1968,4.205729166666667,3.8333333333333335,4.0,4.333333333333333,4.654166666666667,1.1215277777777777,1.0222222222222221,1.0666666666666667,1.1555555555555554,1.241111111111111,2.0,0.5333333333333333
one_stage,1970,6.732638888888889,6.222222222222222,6.444444444444445,6.888888888888889,7.222222222222222,1.3465277777777778,1.2444444444444445,1.288888888888889,1.3777777777777778,1.4444444444444444,3.3333333333333335,0.6666666666666666
one_stage,1972,6.899038461538462,6.461538461538462,6.6923076923076925,7.096153846153846,7.373076923076923,1.9930555555555556,1.8666666666666667,1.9333333333333333,2.05,2.13,3.4615384615384617,1.0
one_stage,1975,5.101041666666667,4.8,5.0,5.2,5.39,1.7003472222222222,1.6,1.6666666666666667,1.7333333333333334,1.7966666666666666,3.0,1.0
one_stage,1977,5.927455357142857,5.439285714285715,5.767857142857142,6.071428571428571,6.357142857142857,1.8440972222222223,1.6922222222222223,1.7944444444444445,1.8888888888888888,1.9777777777777779,3.2142857142857144,1.0
one_stage,1979,6.743055555555555,6.333333333333333,6.555555555555555,6.888888888888889,7.222222222222222,1.3486111111111112,1.2666666666666666,1.3111111111111111,1.3777777777777778,1.4444444444444444,2.888888888888889,0.5777777777777777
one_stage,1981,2.8474264705882355,2.7058823529411766,2.764705882352941,2.9411764705882355,3.0,1.0756944444444445,1.0222222222222221,1.0444444444444445,1.1111111111111112,1.1333333333333333,2.0588235294117645,0.7777777777777778
one_stage,1983,3.9046875,3.515,3.775,4.1,4.3,0.8677083333333333,0.7811111111111111,0.8388888888888889,0.9111111111111111,0.9555555555555556,2.4,0.5333333333333333
one_stage,1985,3.3984375,3.134375,3.3125,3.5,3.625,1.2083333333333333,1.1144444444444446,1.1777777777777778,1.2444444444444445,1.288888888888889,1.875,0.6666666666666666
one_stage,1987,3.207175925925926,3.037037037037037,3.111111111111111,3.2962962962962963,3.3703703703703702,1.9243055555555555,1.8222222222222222,1.8666666666666667,1.9777777777777779,2.022222222222222,2.5185185185185186,1.511111111111111
one_stage,1989,4.1416015625,3.9375,4.0,4.25,4.428125,1.4725694444444444,1.4,1.4222222222222223,1.511111111111111,1.5744444444444443,2.875,1.0222222222222221
one_stage,1991,4.05625,3.9,4.0,4.125,4.2,3.6055555555555556,3.466666666666667,3.5555555555555554,3.6666666666666665,3.7333333333333334,2.35,2.088888888888889
one_stage,1992,3.216517857142857,3.057142857142857,3.142857142857143,3.2857142857142856,3.424285714285714,2.501736111111111,2.3777777777777778,2.4444444444444446,2.5555555555555554,2.663333333333333,2.4857142857142858,1.9333333333333333
one_stage,1994,3.4956597222222223,3.3333333333333335,3.4166666666666665,3.5833333333333335,3.6624999999999996,2.796527777777778,2.6666666666666665,2.7333333333333334,2.8666666666666667,2.9299999999999997,2.6944444444444446,2.1555555555555554
one_stage,1995,2.6048519736842106,2.5,2.5526315789473686,2.6578947368421053,2.710526315789474,2.1996527777777777,2.111111111111111,2.1555555555555554,2.2444444444444445,2.2888888888888888,2.263157894736842,1.9111111111111112
one_stage,1996,3.793918918918919,3.5175675675675677,3.7027027027027026,3.918918918918919,4.077027027027027,3.1194444444444445,2.8922222222222222,3.0444444444444443,3.2222222222222223,3.352222222222222,3.3513513513513513,2.7555555555555555
one_stage,1997,3.624599358974359,3.4397435897435895,3.5384615384615383,3.698717948717949,3.7948717948717947,3.1413194444444446,2.9811111111111113,3.066666666666667,3.2055555555555557,3.2888888888888888,3.1025641025641026,2.688888888888889
one_stage,1998,2.8359375,2.6296875,2.78125,2.90625,2.96875,2.0166666666666666,1.87,1.9777777777777779,2.066666666666667,2.111111111111111,2.75,1.9555555555555555
one_stage,1999,3.800685975609756,3.5853658536585367,3.682926829268293,3.902439024390244,4.045121951219512,3.4628472222222224,3.2666666666666666,3.3555555555555556,3.5555555555555554,3.6855555555555557,3.7560975609756095,3.422222222222222
one_stage,2001,2.8510416666666667,2.7383333333333333,2.8,2.9,2.966666666666667,1.9006944444444445,1.8255555555555556,1.8666666666666667,1.9333333333333333,1.9777777777777779,2.3333333333333335,1.5555555555555556
one_stage,2002,3.6517857142857144,3.4657142857142857,3.5714285714285716,3.7142857142857144,3.8,2.8402777777777777,2.695555555555556,2.7777777777777777,2.888888888888889,2.9555555555555557,3.3714285714285714,2.6222222222222222
one_stage,2003,3.9447115384615383,3.717948717948718,3.8461538461538463,4.0576923076923075,4.153846153846154,3.41875,3.2222222222222223,3.3333333333333335,3.5166666666666666,3.6,3.641025641025641,3.1555555555555554
one_stage,2004,4.022381756756757,3.814864864864865,3.945945945945946,4.108108108108108,4.243243243243243,3.3072916666666665,3.1366666666666667,3.2444444444444445,3.3777777777777778,3.488888888888889,3.5945945945945947,2.9555555555555557
one_stage,2005,4.943256578947368,4.688157894736842,4.815789473684211,5.078947368421052,5.2065789473684205,4.174305555555556,3.958888888888889,4.066666666666666,4.288888888888889,4.3966666666666665,4.394736842105263,3.7111111111111112
one_stage,2006,4.140625,3.9743589743589745,4.0256410256410255,4.256410256410256,4.380769230769231,3.5885416666666665,3.4444444444444446,3.488888888888889,3.688888888888889,3.7966666666666664,3.8974358974358974,3.3777777777777778
one_stage,2007,4.534455128205128,4.256410256410256,4.435897435897436,4.647435897435898,4.842307692307692,3.9298611111111112,3.688888888888889,3.8444444444444446,4.027777777777778,4.196666666666666,4.333333333333333,3.7555555555555555
one_stage,2008,4.551809210526316,4.2894736842105265,4.473684210526316,4.631578947368421,4.7105263157894735,3.84375,3.6222222222222222,3.7777777777777777,3.911111111111111,3.977777777777778,4.368421052631579,3.688888888888889
one_stage,2009,4.466796875,4.225,4.375,4.55625,4.7212499999999995,3.970486111111111,3.7555555555555555,3.888888888888889,4.05,4.196666666666666,3.85,3.422222222222222
one_stage,2010,5.048713235294118,4.794117647058823,4.9338235294117645,5.176470588235294,5.294117647058823,3.814583333333333,3.6222222222222222,3.727777777777778,3.911111111111111,4.0,4.617647058823529,3.488888888888889
one_stage,2011,5.239285714285714,4.975714285714286,5.114285714285714,5.3428571428571425,5.481428571428571,4.075,3.87,3.977777777777778,4.155555555555556,4.263333333333333,4.542857142857143,3.533333333333333
one_stage,2012,4.696428571428571,4.485714285714286,4.6,4.771428571428571,4.91,3.6527777777777777,3.488888888888889,3.577777777777778,3.7111111111111112,3.818888888888889,3.4571428571428573,2.688888888888889
one_stage,2013,4.956330128205129,4.721794871794872,4.846153846153846,5.102564102564102,5.2012820512820515,4.295486111111111,4.0922222222222215,4.2,4.4222222222222225,4.507777777777777,4.256410256410256,3.688888888888889
one_stage,2014,4.710726351351352,4.486486486486487,4.594594594594595,4.8108108108108105,4.941891891891892,3.873263888888889,3.688888888888889,3.7777777777777777,3.9555555555555557,4.063333333333333,3.891891891891892,3.2
one_stage,2015,4.670731707317073,4.487804878048781,4.585365853658536,4.73780487804878,4.915853658536585,4.2555555555555555,4.088888888888889,4.177777777777778,4.316666666666666,4.478888888888888,3.8292682926829267,3.488888888888889
one_stage,2016,4.642755681818182,4.409090909090909,4.545454545454546,4.75,4.863636363636363,4.539583333333334,4.311111111111111,4.444444444444445,4.644444444444445,4.7555555555555555,3.8863636363636362,3.8
one_stage,2017,5.087053571428571,4.8979591836734695,4.994897959183674,5.183673469387755,5.303061224489795,5.539236111111111,5.333333333333333,5.438888888888889,5.644444444444445,5.774444444444444,3.9183673469387754,4.266666666666667
one_stage,2018,3.834201388888889,3.638888888888889,3.7777777777777777,3.9166666666666665,4.0,3.067361111111111,2.911111111111111,3.022222222222222,3.1333333333333333,3.2,3.138888888888889,2.511111111111111
one_stage,2019,5.551970108695652,5.326086956521739,5.434782608695652,5.673913043478261,5.844565217391304,5.675347222222222,5.444444444444445,5.555555555555555,5.8,5.974444444444444,4.195652173913044,4.288888888888889
one_stage,2021,6.00218023255814,5.747674418604651,5.930232558139535,6.093023255813954,6.205813953488373,5.735416666666667,5.492222222222222,5.666666666666667,5.822222222222222,5.93,4.093023255813954,3.911111111111111
one_stage,2022,5.259084302325581,5.023255813953488,5.1395348837209305,5.372093023255814,5.465116279069767,5.025347222222222,4.8,4.911111111111111,5.133333333333334,5.222222222222222,3.9767441860465116,3.8
one_stage,2023,6.6171875,6.340909090909091,6.4772727272727275,6.784090909090909,6.909090909090909,6.470138888888889,6.2,6.333333333333333,6.633333333333333,6.7555555555555555,4.340909090909091,4.2444444444444445
one_stage,2024,6.220108695652174,6.0,6.086956521739131,6.331521739130435,6.555434782608695,6.358333333333333,6.133333333333334,6.222222222222222,6.472222222222222,6.701111111111111,4.5,4.6
one_stage,2025,5.999335106382978,5.732978723404256,5.8936170212765955,6.132978723404255,6.252127659574468,6.2659722222222225,5.987777777777778,6.155555555555556,6.405555555555556,6.529999999999999,4.659574468085107,4.866666666666666
split_support,1961,2.35546875,1.8333333333333333,2.1666666666666665,2.5833333333333335,2.75,0.628125,0.4888888888888889,0.5777777777777777,0.6888888888888889,0.7333333333333333,2.5833333333333335,0.6888888888888889
split_support,1962,2.4895833333333335,2.0,2.3333333333333335,2.6666666666666665,2.888888888888889,0.4979166666666667,0.4,0.4666666666666667,0.5333333333333333,0.5777777777777777,1.5555555555555556,0.3111111111111111
split_support,1964,2.8216145833333335,2.2625,2.5833333333333335,3.0833333333333335,3.4166666666666665,0.7524305555555556,0.6033333333333333,0.6888888888888889,0.8222222222222222,0.9111111111111111,2.5,0.6666666666666666
split_support,1966,2.4635416666666665,2.0125,2.25,2.604166666666667,2.9874999999999994,0.6569444444444444,0.5366666666666666,0.6,0.6944444444444444,0.7966666666666666,3.3333333333333335,0.8888888888888888
split_support,1968,2.05859375,1.5833333333333333,1.8958333333333335,2.1875,2.5,0.5489583333333333,0.4222222222222222,0.5055555555555555,0.5833333333333333,0.6666666666666666,2.0,0.5333333333333333
split_support,1970,3.1527777777777777,2.4611111111111112,2.888888888888889,3.361111111111111,3.888888888888889,0.6305555555555555,0.4922222222222222,0.5777777777777777,0.6722222222222222,0.7777777777777778,3.3333333333333335,0.6666666666666666
split_support,1972,2.933894230769231,2.3076923076923075,2.6153846153846154,3.1538461538461537,3.5384615384615383,0.8475694444444445,0.6666666666666666,0.7555555555555555,0.9111111111111111,1.0222222222222221,3.4615384615384617,1.0
split_support,1975,2.48125,2.0,2.2666666666666666,2.7333333333333334,3.0,0.8270833333333333,0.6666666666666666,0.7555555555555555,0.9111111111111111,1.0,3.0,1.0
split_support,1977,2.4888392857142856,2.0,2.3392857142857144,2.6607142857142856,3.0607142857142855,0.7743055555555556,0.6222222222222222,0.7277777777777777,0.8277777777777777,0.9522222222222222,3.2142857142857144,1.0
split_support,1979,2.7256944444444446,2.2222222222222223,2.4444444444444446,3.0277777777777777,3.3333333333333335,0.5451388888888888,0.4444444444444444,0.4888888888888889,0.6055555555555555,0.6666666666666666,2.888888888888889,0.5777777777777777
split_support,1981,1.775735294117647,1.4794117647058824,1.6470588235294117,1.8823529411764706,2.0588235294117645,0.6708333333333333,0.5588888888888889,0.6222222222222222,0.7111111111111111,0.7777777777777778,2.0588235294117645,0.7777777777777778
split_support,1983,1.946875,1.5,1.775,2.1,2.4,0.4326388888888889,0.3333333333333333,0.3944444444444445,0.4666666666666667,0.5333333333333333,2.4,0.5333333333333333
split_support,1985,1.826171875,1.446875,1.6875,1.953125,2.1875,0.6493055555555556,0.5144444444444444,0.6,0.6944444444444444,0.7777777777777778,1.875,0.6666666666666666
split_support,1987,1.8611111111111112,1.635185185185185,1.7407407407407407,1.962962962962963,2.105555555555555,1.1166666666666667,0.981111111111111,1.0444444444444445,1.1777777777777778,1.2633333333333332,2.5185185185185186,1.511111111111111
split_support,1989,2.248046875,1.9375,2.125,2.4375,2.5531249999999996,0.7993055555555556,0.6888888888888889,0.7555555555555555,0.8666666666666667,0.9077777777777777,2.875,1.0222222222222221
split_support,1991,2.148828125,1.95,2.05,2.25,2.37125,1.9100694444444444,1.7333333333333334,1.8222222222222222,2.0,2.1077777777777778,2.35,2.088888888888889
split_support,1992,2.7839285714285715,2.547142857142857,2.7071428571428573,2.857142857142857,3.024285714285714,2.165277777777778,1.9811111111111113,2.1055555555555556,2.2222222222222223,2.352222222222222,2.4857142857142858,1.9333333333333333
split_support,1994,2.2313368055555554,2.0319444444444446,2.111111111111111,2.3125,2.4638888888888886,1.7850694444444444,1.6255555555555556,1.6888888888888889,1.85,1.971111111111111,2.6944444444444446,2.1555555555555554
split_support,1995,2.4732730263157894,2.248684210526316,2.3684210526315788,2.5526315789473686,2.6578947368421053,2.0885416666666665,1.8988888888888888,2.0,2.1555555555555554,2.2444444444444445,2.263157894736842,1.9111111111111112
split_support,1996,3.282939189189189,3.027027027027027,3.189189189189189,3.3783783783783785,3.5594594594594593,2.6993055555555556,2.488888888888889,2.6222222222222222,2.7777777777777777,2.9266666666666663,3.3513513513513513,2.7555555555555555
split_support,1997,3.410657051282051,3.1794871794871793,3.3076923076923075,3.5128205128205128,3.6628205128205127,2.9559027777777778,2.7555555555555555,2.8666666666666667,3.0444444444444443,3.174444444444444,3.1025641025641026,2.688888888888889
split_support,1998,2.80859375,2.59375,2.71875,2.90625,3.0265625,1.9972222222222222,1.8444444444444446,1.9333333333333333,2.066666666666667,2.152222222222222,2.75,1.9555555555555555
split_support,1999,3.3155487804878048,3.05609756097561,3.213414634146342,3.4146341463414633,3.5573170731707315,3.0208333333333335,2.7844444444444445,2.9277777777777776,3.111111111111111,3.241111111111111,3.7560975609756095,3.422222222222222
split_support,2001,2.1109375,1.8666666666666667,2.033333333333333,2.2083333333333335,2.3616666666666664,1.4072916666666666,1.2444444444444445,1.3555555555555556,1.472222222222222,1.5744444444444443,2.3333333333333335,1.5555555555555556
split_support,2002,2.9803571428571427,2.718571428571429,2.8785714285714286,3.1142857142857143,3.1714285714285713,2.3180555555555555,2.1144444444444446,2.238888888888889,2.422222222222222,2.466666666666667,3.3714285714285714,2.6222222222222222
split_support,2003,3.4350961538461537,3.183333333333333,3.3076923076923075,3.5448717948717947,3.6923076923076925,2.9770833333333333,2.758888888888889,2.8666666666666667,3.0722222222222224,3.2,3.641025641025641,3.1555555555555554
split_support,2004,3.810810810810811,3.4364864864864866,3.72972972972973,3.945945945945946,4.081081081081081,3.1333333333333333,2.825555555555556,3.066666666666667,3.2444444444444445,3.3555555555555556,3.5945945945945947,2.9555555555555557
split_support,2005,4.3984375,4.105263157894737,4.2631578947368425,4.526315789473684,4.732894736842105,3.714236111111111,3.466666666666667,3.6,3.8222222222222224,3.9966666666666666,4.394736842105263,3.7111111111111112
split_support,2006,3.7672275641025643,3.4871794871794872,3.608974358974359,3.923076923076923,4.069230769230769,3.2649305555555554,3.022222222222222,3.1277777777777778,3.4,3.5266666666666664,3.8974358974358974,3.3777777777777778
split_support,2007,4.137419871794871,3.8974358974358974,4.019230769230769,4.282051282051282,4.453846153846154,3.5857638888888888,3.3777777777777778,3.4833333333333334,3.7111111111111112,3.86,4.333333333333333,3.7555555555555555
split_support,2008,4.080180921052632,3.7973684210526315,3.986842105263158,4.2105263157894735,4.342105263157895,3.4454861111111112,3.206666666666667,3.3666666666666667,3.5555555555555554,3.6666666666666665,4.368421052631579,3.688888888888889
split_support,2009,4.067578125,3.8074999999999997,3.95,4.18125,4.39625,3.615625,3.3844444444444446,3.511111111111111,3.716666666666667,3.9077777777777776,3.85,3.422222222222222
split_support,2010,4.291360294117647,3.911764705882353,4.169117647058824,4.4411764705882355,4.672058823529412,3.2423611111111112,2.9555555555555557,3.15,3.3555555555555556,3.53,4.617647058823529,3.488888888888889
split_support,2011,4.359821428571428,3.955714285714286,4.228571428571429,4.514285714285714,4.71,3.390972222222222,3.0766666666666667,3.2888888888888888,3.511111111111111,3.663333333333333,4.542857142857143,3.533333333333333
split_support,2012,3.999107142857143,3.694285714285714,3.907142857142857,4.085714285714285,4.305714285714285,3.1104166666666666,2.8733333333333335,3.0388888888888888,3.1777777777777776,3.348888888888889,3.4571428571428573,2.688888888888889
split_support,2013,4.185096153846154,3.8243589743589745,3.9935897435897436,4.384615384615385,4.56025641025641,3.627083333333333,3.3144444444444443,3.4611111111111112,3.8,3.9522222222222223,4.256410256410256,3.688888888888889
split_support,2014,4.074746621621622,3.67972972972973,3.918918918918919,4.243243243243243,4.424324324324324,3.350347222222222,3.0255555555555556,3.2222222222222223,3.488888888888889,3.6377777777777776,3.891891891891892,3.2
split_support,2015,4.006478658536586,3.686585365853659,3.8780487804878048,4.103658536585366,4.337804878048781,3.6503472222222224,3.358888888888889,3.533333333333333,3.738888888888889,3.9522222222222223,3.8292682926829267,3.488888888888889
split_support,2016,3.9680397727272725,3.6363636363636362,3.8636363636363638,4.096590909090909,4.246590909090909,3.879861111111111,3.5555555555555554,3.7777777777777777,4.0055555555555555,4.152222222222222,3.8863636363636362,3.8
split_support,2017,4.2260841836734695,3.9418367346938776,4.061224489795919,4.377551020408163,4.530612244897959,4.601736111111111,4.292222222222222,4.4222222222222225,4.766666666666667,4.933333333333334,3.9183673469387754,4.266666666666667
split_support,2018,3.6966145833333335,3.4444444444444446,3.611111111111111,3.8055555555555554,3.9402777777777778,2.957291666666667,2.7555555555555555,2.888888888888889,3.0444444444444443,3.152222222222222,3.138888888888889,2.511111111111111
split_support,2019,4.1915760869565215,3.854347826086957,4.065217391304348,4.326086956521739,4.558695652173912,4.284722222222222,3.94,4.155555555555556,4.4222222222222225,4.66,4.195652173913044,4.288888888888889
split_support,2021,2.7013081395348837,2.425581395348837,2.5813953488372094,2.813953488372093,2.9499999999999997,2.58125,2.3177777777777777,2.466666666666667,2.688888888888889,2.818888888888889,4.093023255813954,3.911111111111111
split_support,2022,3.917151162790698,3.588372093023256,3.7906976744186047,4.052325581395349,4.205813953488373,3.7430555555555554,3.428888888888889,3.6222222222222222,3.8722222222222222,4.018888888888888,3.9767441860465116,3.8
split_support,2023,4.5546875,4.1431818181818185,4.426136363636363,4.704545454545454,4.951136363636363,4.4534722222222225,4.051111111111111,4.3277777777777775,4.6,4.84111111111111,4.340909090909091,4.2444444444444445
split_support,2024,4.755095108695652,4.317391304347826,4.608695652173913,4.891304347826087,5.127173913043478,4.860763888888889,4.413333333333334,4.711111111111111,5.0,5.241111111111111,4.5,4.6
split_support,2025,4.886968085106383,4.477659574468085,4.776595744680852,5.026595744680851,5.230851063829787,5.104166666666667,4.676666666666667,4.988888888888889,5.25,5.463333333333333,4.659574468085107,4.866666666666666
two_stage,1961,2.38671875,1.9291666666666667,2.1666666666666665,2.5,2.9166666666666665,0.6364583333333333,0.5144444444444444,0.5777777777777777,0.6666666666666666,0.7777777777777778,2.5833333333333335,0.6888888888888889
two_stage,1962,2.2447916666666665,1.7777777777777777,2.0833333333333335,2.4444444444444446,2.6666666666666665,0.44895833333333335,0.35555555555555557,0.4166666666666667,0.4888888888888889,0.5333333333333333,1.5555555555555556,0.3111111111111111
two_stage,1964,2.9270833333333335,2.5,2.6666666666666665,3.1666666666666665,3.5,0.7805555555555556,0.6666666666666666,0.7111111111111111,0.8444444444444444,0.9333333333333333,2.5,0.6666666666666666
two_stage,1966,2.5703125,2.0,2.3333333333333335,2.854166666666667,3.154166666666666,0.6854166666666667,0.5333333333333333,0.6222222222222222,0.7611111111111111,0.841111111111111,3.3333333333333335,0.8888888888888888
two_stage,1968,2.1223958333333335,1.6791666666666667,1.9166666666666667,2.3333333333333335,2.5,0.5659722222222222,0.4477777777777778,0.5111111111111111,0.6222222222222222,0.6666666666666666,2.0,0.5333333333333333
two_stage,1970,3.1979166666666665,2.572222222222222,2.888888888888889,3.5555555555555554,3.888888888888889,0.6395833333333333,0.5144444444444444,0.5777777777777777,0.7111111111111111,0.7777777777777778,3.3333333333333335,0.6666666666666666
two_stage,1972,3.074519230769231,2.473076923076923,2.923076923076923,3.3076923076923075,3.6038461538461535,0.8881944444444444,0.7144444444444444,0.8444444444444444,0.9555555555555556,1.041111111111111,3.4615384615384617,1.0
two_stage,1975,2.5833333333333335,2.1433333333333335,2.3333333333333335,2.75,3.1133333333333324,0.8611111111111112,0.7144444444444444,0.7777777777777778,0.9166666666666666,1.0377777777777777,3.0,1.0
two_stage,1977,2.6049107142857144,2.1535714285714285,2.357142857142857,2.732142857142857,3.1321428571428567,0.8104166666666667,0.6699999999999999,0.7333333333333333,0.85,0.9744444444444443,3.2142857142857144,1.0
two_stage,1979,2.913194444444444,2.238888888888889,2.5555555555555554,3.25,3.5555555555555554,0.5826388888888889,0.4477777777777778,0.5111111111111111,0.65,0.7111111111111111,2.888888888888889,0.5777777777777777
two_stage,1981,1.8207720588235294,1.5294117647058822,1.7058823529411764,1.9411764705882353,2.1176470588235294,0.6878472222222222,0.5777777777777777,0.6444444444444445,0.7333333333333333,0.8,2.0588235294117645,0.7777777777777778
two_stage,1983,2.04375,1.5,1.8,2.3,2.5,0.45416666666666666,0.3333333333333333,0.4,0.5111111111111111,0.5555555555555556,2.4,0.5333333333333333
two_stage,1985,1.9306640625,1.5625,1.75,2.125,2.25,0.6864583333333333,0.5555555555555556,0.6222222222222222,0.7555555555555555,0.8,1.875,0.6666666666666666
two_stage,1987,1.910300925925926,1.635185185185185,1.7777777777777777,2.0,2.211111111111111,1.1461805555555555,0.981111111111111,1.0666666666666667,1.2,1.3266666666666664,2.5185185185185186,1.511111111111111
two_stage,1989,2.3203125,1.946875,2.125,2.5,2.75,0.825,0.6922222222222222,0.7555555555555555,0.8888888888888888,0.9777777777777777,2.875,1.0222222222222221
two_stage,1991,2.245703125,2.075,2.14375,2.325,2.525,1.9961805555555556,1.8444444444444446,1.9055555555555557,2.066666666666667,2.2444444444444445,2.35,2.088888888888889
two_stage,1992,2.4026785714285714,2.1757142857142857,2.3142857142857145,2.492857142857143,2.5714285714285716,1.86875,1.6922222222222223,1.8,1.9388888888888889,2.0,2.4857142857142858,1.9333333333333333
two_stage,1994,2.3198784722222223,2.0597222222222222,2.1875,2.4444444444444446,2.6027777777777774,1.8559027777777777,1.6477777777777778,1.75,1.9555555555555555,2.082222222222222,2.6944444444444446,2.1555555555555554
two_stage,1995,2.2516447368421053,2.1315789473684212,2.1842105263157894,2.3157894736842106,2.3947368421052633,1.9013888888888888,1.8,1.8444444444444446,1.9555555555555555,2.022222222222222,2.263157894736842,1.9111111111111112
two_stage,1996,2.8048986486486487,2.4716216216216216,2.7567567567567566,2.918918918918919,3.05,2.30625,2.0322222222222224,2.2666666666666666,2.4,2.5077777777777777,3.3513513513513513,2.7555555555555555
two_stage,1997,2.8834134615384617,2.6153846153846154,2.7948717948717947,3.0256410256410255,3.1243589743589744,2.4989583333333334,2.2666666666666666,2.422222222222222,2.6222222222222222,2.707777777777778,3.1025641025641026,2.688888888888889
two_stage,1998,2.4443359375,2.21875,2.34375,2.5390625,2.6875,1.7381944444444444,1.5777777777777777,1.6666666666666667,1.8055555555555556,1.9111111111111112,2.75,1.9555555555555555
two_stage,1999,2.7599085365853657,2.5365853658536586,2.658536585365854,2.8780487804878048,3.020731707317073,2.5145833333333334,2.311111111111111,2.422222222222222,2.6222222222222222,2.752222222222222,3.7560975609756095,3.422222222222222
two_stage,2001,2.154166666666667,1.9,2.033333333333333,2.3,2.3666666666666667,1.4361111111111111,1.2666666666666666,1.3555555555555556,1.5333333333333334,1.5777777777777777,2.3333333333333335,1.5555555555555556
two_stage,2002,2.6053571428571427,2.3714285714285714,2.4857142857142858,2.7285714285714286,2.8814285714285712,2.026388888888889,1.8444444444444446,1.9333333333333333,2.1222222222222222,2.241111111111111,3.3714285714285714,2.6222222222222222
two_stage,2003,2.79286858974359,2.491025641025641,2.6923076923076925,2.923076923076923,3.1243589743589744,2.4204861111111113,2.158888888888889,2.3333333333333335,2.533333333333333,2.707777777777778,3.641025641025641,3.1555555555555554
two_stage,2004,3.034206081081081,2.787837837837838,2.9121621621621623,3.1621621621621623,3.3513513513513513,2.4947916666666665,2.292222222222222,2.3944444444444444,2.6,2.7555555555555555,3.5945945945945947,2.9555555555555557
two_stage,2005,3.4263980263157894,3.113157894736842,3.263157894736842,3.5526315789473686,3.785526315789473,2.8934027777777778,2.628888888888889,2.7555555555555555,3.0,3.1966666666666668,4.394736842105263,3.7111111111111112
two_stage,2006,2.9471153846153846,2.641025641025641,2.8205128205128207,3.1025641025641026,3.2051282051282053,2.5541666666666667,2.2888888888888888,2.4444444444444446,2.688888888888889,2.7777777777777777,3.8974358974358974,3.3777777777777778
two_stage,2007,3.2327724358974357,2.982051282051282,3.121794871794872,3.314102564102564,3.508974358974359,2.801736111111111,2.5844444444444448,2.7055555555555557,2.8722222222222222,3.041111111111111,4.333333333333333,3.7555555555555555
two_stage,2008,3.15625,2.8157894736842106,3.0460526315789473,3.2960526315789473,3.4210526315789473,2.665277777777778,2.3777777777777778,2.5722222222222224,2.783333333333333,2.888888888888889,4.368421052631579,3.688888888888889
two_stage,2009,3.128125,2.87875,3.025,3.225,3.4425,2.7805555555555554,2.5588888888888888,2.688888888888889,2.8666666666666667,3.06,3.85,3.422222222222222
two_stage,2010,3.284466911764706,2.945588235294118,3.110294117647059,3.411764705882353,3.6470588235294117,2.4815972222222222,2.2255555555555557,2.35,2.577777777777778,2.7555555555555555,4.617647058823529,3.488888888888889
two_stage,2011,3.2785714285714285,2.89,3.1142857142857143,3.4,3.657142857142857,2.55,2.247777777777778,2.422222222222222,2.6444444444444444,2.8444444444444446,4.542857142857143,3.533333333333333
two_stage,2012,3.0428571428571427,2.7714285714285714,2.907142857142857,3.1785714285714284,3.3714285714285714,2.3666666666666667,2.1555555555555554,2.261111111111111,2.4722222222222223,2.6222222222222222,3.4571428571428573,2.688888888888889
two_stage,2013,3.0809294871794872,2.769230769230769,2.923076923076923,3.2051282051282053,3.3807692307692307,2.670138888888889,2.4,2.533333333333333,2.7777777777777777,2.9299999999999997,4.256410256410256,3.688888888888889
two_stage,2014,3.0249155405405403,2.7027027027027026,2.9391891891891895,3.141891891891892,3.3513513513513513,2.4871527777777778,2.2222222222222223,2.4166666666666665,2.5833333333333335,2.7555555555555555,3.891891891891892,3.2
two_stage,2015,3.0682164634146343,2.7390243902439027,2.902439024390244,3.268292682926829,3.362195121951219,2.795486111111111,2.4955555555555557,2.6444444444444444,2.977777777777778,3.0633333333333335,3.8292682926829267,3.488888888888889
two_stage,2016,3.0646306818181817,2.7954545454545454,2.9545454545454546,3.193181818181818,3.3340909090909085,2.9965277777777777,2.7333333333333334,2.888888888888889,3.1222222222222222,3.26,3.8863636363636362,3.8
two_stage,2017,3.1910076530612246,2.816326530612245,3.0561224489795915,3.3469387755102042,3.4459183673469385,3.4746527777777776,3.066666666666667,3.327777777777778,3.6444444444444444,3.752222222222222,3.9183673469387754,4.266666666666667
two_stage,2018,2.9144965277777777,2.638888888888889,2.8055555555555554,3.0277777777777777,3.1902777777777778,2.3315972222222223,2.111111111111111,2.2444444444444445,2.422222222222222,2.552222222222222,3.138888888888889,2.511111111111111
two_stage,2019,3.1817255434782608,2.869565217391304,3.0380434782608696,3.3043478260869565,3.4967391304347823,3.2524305555555557,2.933333333333333,3.1055555555555556,3.3777777777777778,3.5744444444444445,4.195652173913044,4.288888888888889
two_stage,2021,2.803779069767442,2.4918604651162792,2.697674418604651,2.9069767441860463,3.17906976744186,2.6791666666666667,2.381111111111111,2.577777777777778,2.7777777777777777,3.0377777777777775,4.093023255813954,3.911111111111111
two_stage,2022,3.2634447674418605,2.9767441860465116,3.1511627906976742,3.395348837209302,3.531395348837209,3.118402777777778,2.8444444444444446,3.011111111111111,3.2444444444444445,3.3744444444444444,3.9767441860465116,3.8
two_stage,2023,3.426846590909091,3.0715909090909093,3.272727272727273,3.534090909090909,3.788636363636363,3.3506944444444446,3.0033333333333334,3.2,3.4555555555555557,3.7044444444444444,4.340909090909091,4.2444444444444445
two_stage,2024,3.477921195652174,3.1956521739130435,3.342391304347826,3.608695652173913,3.779347826086956,3.5552083333333333,3.2666666666666666,3.4166666666666665,3.688888888888889,3.8633333333333333,4.5,4.6
two_stage,2025,3.578457446808511,3.3042553191489366,3.4680851063829787,3.6595744680851063,3.8297872340425534,3.7375,3.4511111111111115,3.6222222222222222,3.8222222222222224,4.0,4.659574468085107,4.866666666666666
