actor,column_index,k_active,centroid_coord,centroid_xplot,median_xplot,spread_coord,skew_xplot,dominant_region,dominant_region_share,peak_count,largest_peak_x,largest_peak_topic,peak_separation,region_1_share,region_2_share,region_3_share,cluster_id,centroid_xplot_raw_rca,localization_l1_xplot_raw_rca,localization_sd_xplot_raw_rca,entropy_raw_rca,entropy_norm_k_active_raw_rca,support_raw_rca,entropy_norm_support_raw_rca,concentration_hhi_raw_rca,effective_topics_raw_rca,compactness_pairwise_logdist_raw_rca,medoid_radius_logdist_raw_rca,medoid_topic_raw_rca
Malaysia,41,4,-1.0261122533851503,0.0692329361928428,0.0570158275246239,0.1852840687449767,1.0035810368320326,1,1.0,1,0.0,Educational issues,,1.0,0.0,0.0,1,0.0692329361928428,0.0478667614864112,0.0645671178040436,1.6282079851359526,0.8141039925679763,4,0.8141039925679763,0.387481948580996,2.580765384457563,0.4736184812921484,0.3213542010125439,Science issues
Estonia,19,4,-0.9571974093604988,0.0932481301743147,0.0,0.3029565956921501,0.4869113951333746,1,0.8966911871731358,2,0.0,Educational issues,0.2203005980925824,0.8966911871731358,0.1033088128268641,0.0,1,0.0932481301743147,0.0961805857071428,0.1055732116423388,1.7583577117047715,0.8791788558523858,4,0.8791788558523858,0.3459790691047078,2.890348258892384,0.5364743776504246,0.4174984557344564,Educational issues
Switzerland,56,3,-0.8528439759095382,0.1296128347952955,0.1887137517787509,0.1763861018536923,-0.0941829621872594,1,1.0,2,0.1887137517787509,Environmental Monitoring and Reporting,0.1159238767531969,1.0,0.0,0.0,6,0.1296128347952956,0.0611900065666208,0.0614663866922026,1.4722520207385497,0.9288876046396536,3,0.9288876046396536,0.3873586131863271,2.5815871029024478,0.5101317340480442,0.4049393314180609,Environmental Monitoring and Reporting
Bulgaria,9,9,-0.8305842979407747,0.1373698063440337,0.1115886883252106,0.4297022299677465,1.0768377392422528,1,0.8051076836943315,1,0.0,Educational issues,,0.8051076836943315,0.1948923163056685,0.0,1,0.1373698063440337,0.123089545071013,0.1497410688944618,3.112544143051039,0.9818983545777378,13,0.8411281847916763,0.1662020037870527,6.016774630956049,0.9137658909681536,0.6698414950457944,Educational issues
IOC,29,3,-0.6443273412256892,0.2022759526063881,0.1982528580975261,0.2025629564736569,-0.17820426794385,1,0.8129776615370174,2,0.1982528580975261,Operation of the Antarctic Treaty system Reports,0.1135067876913548,0.8129776615370174,0.1870223384629825,0.0,5,0.2022759526063881,0.0444289458315576,0.0705884017010208,1.2869439351287573,0.8119712198510686,3,0.8119712198510686,0.4809179042599857,2.079356977858318,0.5564622909529743,0.3366426721783034,Operation of the Antarctic Treaty system Reports
Portugal,48,7,-0.5591297295898747,0.2319653061723672,0.1887137517787509,0.6499318424838739,0.5751928967768016,1,0.7646677864226951,1,0.0,Educational issues,,0.7646677864226951,0.0542550846332959,0.1810771289440091,1,0.2319653061723672,0.1916076575993565,0.2264858825828928,2.8207873676494484,1.0047847336602524,11,0.8153904105092799,0.1910444603794616,5.234383650872431,1.0835950778017334,0.8974247639075075,Educational issues
UNEP,58,9,-0.4475939329824753,0.2708328945608215,0.2728040707719594,0.2361152019513203,-0.3019001444354725,2,0.9190417135852852,1,0.2728040707719594,Biological Prospecting,,0.0809582864147148,0.9190417135852852,0.0,11,0.2708328945608216,0.0425996328699667,0.0822805660679867,2.4193554382971474,0.7632216652432924,11,0.6993505595726024,0.3075016665104201,3.2520148958806168,0.8353685033341718,0.5702925771470586,Biological Prospecting
ACAP,0,3,-0.3777704429599183,0.2951647301919846,0.311759645788881,0.1116778942473486,-2.0836203165642337,2,0.8790239040425727,1,0.311759645788881,Cooperation with Other Organisations,,0.1209760959574272,0.8790239040425727,0.0,4,0.2951647301919846,0.0268745835460863,0.038917106056759,1.267108295772837,0.7994563248003055,3,0.7994563248003055,0.4896280258074313,2.0423667504549585,0.4274474302023622,0.2865985456560931,Cooperation with Other Organisations
Poland,47,11,-0.2957953297740981,0.3237311192286684,0.3687894715933,0.4605919406345019,-0.4324020690598889,2,0.776155560448017,5,0.0,Educational issues,0.3687894715933,0.1533411146972985,0.776155560448017,0.0705033248546843,10,0.3237311192286683,0.1288305250863218,0.160505402822698,3.7550664830239295,1.085457640727434,18,0.900511755421287,0.096759349502306,10.334918590747325,1.0947359767928833,0.8744879123865607,Management Plans
IUCN,33,10,-0.2937886506056521,0.3244303994805626,0.3591321581558954,0.3382675714260559,-0.6009041922415163,2,0.7793969481137133,7,0.4326060447198917,Institutional and legal matters,0.0525223218504692,0.2206030518862868,0.7793969481137133,0.0,8,0.3244303994805626,0.0887857764673355,0.1178782519268594,3.53038414621578,1.062751524227524,15,0.9036301528852778,0.1018290534620588,9.820379999629449,1.1969341115615433,0.959662025290047,Nonnative Species and Quarantine
Belarus,6,12,-0.2845753999990976,0.3276409995138032,0.2840982040334893,0.4052264734369605,-0.1730230443691517,2,0.8281029699006369,4,0.2620042318963083,Environmental Protection General,0.1871551029309447,0.1004637725818336,0.8281029699006369,0.0714332575175295,12,0.3276409995138032,0.121729109161922,0.1412118463554127,3.44514608686157,0.9609991976676296,15,0.8818127875743524,0.1152836091823543,8.674260001855176,1.0510896756273975,0.8435055676908672,Environmental Impact Assessment EIA Other EIA Matters
COMNAP,11,15,-0.1381819959787635,0.3786556400446402,0.377663422851123,0.477178604545753,0.3749986135133065,2,0.8422635911751315,8,0.4714397070089904,Emergency report and contingency planning,0.0913559841395679,0.0526657299801394,0.8422635911751315,0.105070678844729,8,0.3786556400446402,0.1261815536612711,0.1662854630836149,3.889087590761928,0.9954431780437872,23,0.8597400960883207,0.0974917514990076,10.257278022235331,1.244192457476795,0.9858336495050624,Emergency report and contingency planning
IAATO,24,9,0.1015260996209313,0.462188244612339,0.5652259283677754,0.4739894423121517,-0.9701985034818912,3,0.7269493507842069,4,0.5815045003879167,Site Guidelines for Visitors,0.0535962316813747,0.0466757923847743,0.2263748568310187,0.7269493507842069,2,0.4621882446123389,0.1386971869649688,0.1651741154376574,3.769355064945813,1.1890991311247936,24,0.8221125176820839,0.101758583185229,9.827180849990029,1.252203609984186,1.082843105477039,Tourism and NG_Activities
Norway,45,18,0.1831778857460492,0.4906419618118863,0.5004157993437484,0.5736634758327149,-0.1892995729162148,3,0.71110599786529,7,0.706743800577266,Drilling,0.1252393001893493,0.0252191604934886,0.2636748416412214,0.71110599786529,9,0.4906419618118863,0.1642147137386297,0.1999081598048739,4.827674707990528,1.1577365795117924,39,0.9133977903823084,0.0488942593257147,20.45229877271243,1.339616852709528,1.074587436912039,Human Footprint and wilderness values
Ukraine,59,10,0.186324992993808,0.4917386542894661,0.5815045003879167,0.7604078543095852,-0.3703217545953817,3,0.6683216816019409,5,0.7604580634912677,Multiyear strategic workplan,0.6365389384269042,0.1922137880494609,0.139464530348598,0.6683216816019409,14,0.4917386542894661,0.2389666546007178,0.2649841610284594,3.1419891160187547,0.945832969971402,17,0.7686893405635542,0.195630860285312,5.111667957404979,1.197854868007321,0.9528841573999004,Multiyear strategic workplan
Russian Federation,50,19,0.3079100800918716,0.5341081828466181,0.5486928120359824,0.7299814097490634,-0.2400086840547624,3,0.7554343979039055,3,0.7856949393318449,Marine Acoustics,0.2370021272958624,0.0664726979122833,0.178092904183811,0.7554343979039055,14,0.5341081828466181,0.229375321835161,0.2543812643865393,4.296642886529531,1.0114680330424128,34,0.8445551388977911,0.0882870472251782,11.326689830836406,1.5641386712959466,1.3261834166831523,Waste management and disposal
SCAR,51,16,0.3888141831719688,0.5623013501803571,0.6187624363507289,0.7582408130892438,-0.1221705957479975,3,0.6745414680428097,3,0.8368881874706654,Sub glacial Lakes,0.5292533034063379,0.0558605025117773,0.2695980294454129,0.6745414680428097,14,0.5623013501803571,0.2355420828530011,0.2642289983924716,4.067956129081394,1.0169890322703483,30,0.8290293108882559,0.0793528162232314,12.60194719727211,1.5009642272826276,1.2401540412662595,Marine Acoustics
New Zealand,44,21,0.5335505413608048,0.612738549411822,0.5782303524397047,0.807516104640272,0.0016424448899293,3,0.7782770773875828,1,1.0,Environmental Domains Analysis,,0.0027702119702876,0.2189527106421296,0.7782770773875828,13,0.612738549411822,0.2457451397466675,0.2814002726199548,4.677291999984679,1.0648802328647806,43,0.8619726849729548,0.0662489814652629,15.09457168823556,1.457903303300089,1.22093656136355,CEP Strategy Discussions
