country,pioneer_score,topics_adopted,first_activity,abs_pioneer_score,intensity,pioneer_index,abs_pioneer_index,gdp_per_capita,residual,strategic_group,color,region_1_share,region_2_share,region_3_share,dominant_regime,dominant_regime_label,max_regime_share
ACAP,5.5,2,2007.0,21.0,29.127162013080326,-5.5,-21.0,,,On-trend,gray7,0.12097609595742723,0.8790239040425728,0.0,2,Mode 2,0.8790239040425728
ASOC,3.3793103448275863,29,1991.0,8.03448275862069,4.20815204957111,-3.3793103448275863,-8.03448275862069,,,On-trend,gray7,0.057175100560762256,0.5283260213361527,0.4144988781030851,2,Mode 2,0.5283260213361527
Argentina,0.3636363636363636,33,1961.0,0.3636363636363636,3.1946008613536483,-0.3636363636363636,-0.3636363636363636,,,On-trend,gray7,0.29192972859791677,0.40505204625480656,0.3030182251472768,2,Mode 2,0.40505204625480656
Australia,-1.6666666666666667,33,1961.0,-1.6666666666666667,3.0190827306299552,1.6666666666666667,1.6666666666666667,,,On-trend,gray7,0.20450270971006554,0.2420367463094466,0.5534605439804879,3,Mode 3,0.5534605439804879
Austria,10.5,2,1991.0,21.0,20.62447911200624,-10.5,-21.0,,,On-trend,gray7,0.4229886413707788,0.5770113586292213,0.0,2,Mode 2,0.5770113586292213
Belarus,9.0,14,2006.0,24.071428571428573,9.961678364783696,-9.0,-24.071428571428573,,,On-trend,gray7,0.10046377258183362,0.8281029699006369,0.0714332575175295,2,Mode 2,0.8281029699006369
Belgium,4.52,25,1961.0,4.52,4.123721876251954,-4.52,-4.52,,,On-trend,gray7,0.32031489216093795,0.5553087443990795,0.12437636343998255,2,Mode 2,0.5553087443990795
Brazil,3.12,25,1987.0,7.48,4.525651436275507,-3.12,-7.48,,,On-trend,gray7,0.25911285053798383,0.7349107091786504,0.0059764402833657375,2,Mode 2,0.7349107091786504
Bulgaria,6.0,12,1991.0,12.75,5.380862085346553,-6.0,-12.75,,,On-trend,gray7,0.8051076836943315,0.19489231630566856,0.0,1,Mode 1,0.8051076836943315
CCAMLR,8.11111111111111,9,1991.0,9.666666666666666,17.876793248326848,-8.11111111111111,-9.666666666666666,,,On-trend,gray7,0.2923611250086334,0.4666567109945525,0.24098216399681413,2,Mode 2,0.4666567109945525
COMNAP,5.476190476190476,21,1992.0,11.047619047619047,5.543673463745726,-5.476190476190476,-11.047619047619047,,,On-trend,gray7,0.05266572998013944,0.8422635911751316,0.10507067884472901,2,Mode 2,0.8422635911751316
Canada,10.77777777777778,9,1995.0,21.11111111111111,14.695046498197463,-10.77777777777778,-21.11111111111111,,,On-trend,gray7,0.7223820582053263,0.27761794179467375,0.0,1,Mode 1,0.7223820582053263
Chile,-5.344827586206897,29,1961.0,-5.344827586206897,2.805260522566328,5.344827586206897,5.344827586206897,,,On-trend,gray7,0.24569053516540018,0.6771117826765766,0.07719768215802322,2,Mode 2,0.6771117826765766
China,7.086956521739131,23,1985.0,10.695652173913045,4.3498678881142965,-7.086956521739131,-10.695652173913045,,,On-trend,gray7,0.16015029187473082,0.6982724737981505,0.14157723432711863,2,Mode 2,0.6982724737981505
Colombia,4.125,8,2013.0,23.125,4.407125333719019,-4.125,-23.125,,,On-trend,gray7,0.64741360873886,0.35258639126114,0.0,1,Mode 1,0.64741360873886
Czechia,8.727272727272727,11,2001.0,22.0,6.402310787805516,-8.727272727272727,-22.0,,,On-trend,gray7,0.1676665062832011,0.6748421214135858,0.15749137230321317,2,Mode 2,0.6748421214135858
Denmark,3.5,2,1991.0,14.0,33.19626929572255,-3.5,-14.0,,,On-trend,gray7,1.0,0.0,0.0,1,Mode 1,1.0
Ecuador,8.45,20,1987.0,12.55,3.94128037900988,-8.45,-12.55,,,On-trend,gray7,0.3468249516959425,0.5807493185808352,0.07242572972322232,2,Mode 2,0.5807493185808352
Estonia,5.0,4,2002.0,28.0,11.258185886221984,-5.0,-28.0,,,On-trend,gray7,0.8966911871731358,0.10330881282686417,0.0,1,Mode 1,0.8966911871731358
Finland,6.9411764705882355,17,1985.0,11.823529411764708,8.94532105818111,-6.9411764705882355,-11.823529411764708,,,On-trend,gray7,0.180096713578831,0.7327316651471352,0.08717162127403387,2,Mode 2,0.7327316651471352
France,2.28125,32,1961.0,2.28125,3.9208967634640457,-2.28125,-2.28125,,,On-trend,gray7,0.20195795333324706,0.19590080756845313,0.6021412390982998,3,Mode 3,0.6021412390982998
Germany,4.451612903225806,31,1981.0,6.483870967741935,4.210767648218155,-4.451612903225806,-6.483870967741935,,,On-trend,gray7,0.06026521224854239,0.6574873547989447,0.28224743295251287,2,Mode 2,0.6574873547989447
Greece,2.0,2,1987.0,20.0,40.468246156901046,-2.0,-20.0,,,On-trend,gray7,1.0,0.0,0.0,1,Mode 1,1.0
IAATO,4.6,20,1992.0,6.95,3.9485888977463928,-4.6,-6.95,,,On-trend,gray7,0.04667579238477432,0.22637485683101877,0.7269493507842069,3,Mode 3,0.7269493507842069
ICAO,0.0,1,2019.0,10.0,13.454029187256808,-0.0,-10.0,,,On-trend,gray7,0.0,1.0,0.0,2,Mode 2,1.0
IGP&I Clubs,0.0,1,2017.0,21.0,147.832560296846,-0.0,-21.0,,,On-trend,gray7,0.0,1.0,0.0,2,Mode 2,1.0
IHO,6.2,5,1991.0,11.2,9.55611849547598,-6.2,-11.2,,,On-trend,gray7,0.6731252092792814,0.3268747907207185,0.0,1,Mode 1,0.6731252092792814
IMO,-5.0,2,1998.0,-5.0,23.318029104581623,5.0,5.0,,,On-trend,gray7,0.0,1.0,0.0,2,Mode 2,1.0
IOC,2.0,3,1992.0,9.666666666666666,8.779512959952006,-2.0,-9.666666666666666,,,On-trend,gray7,0.8129776615370174,0.1870223384629825,0.0,1,Mode 1,0.8129776615370174
IOPC Funds,0.0,1,2017.0,21.0,147.832560296846,-0.0,-21.0,,,On-trend,gray7,0.0,1.0,0.0,2,Mode 2,1.0
IPCC,0.0,1,2016.0,6.0,21.17080096189419,-0.0,-6.0,,,On-trend,gray7,0.0,1.0,0.0,2,Mode 2,1.0
IPY-IPO,0.0,1,2006.0,2.0,36.239797701618386,-0.0,-2.0,,,On-trend,gray7,0.0,1.0,0.0,2,Mode 2,1.0
IUCN,1.5384615384615383,13,1991.0,4.6923076923076925,9.407137564832608,-1.5384615384615383,-4.6923076923076925,,,On-trend,gray7,0.2206030518862868,0.7793969481137133,0.0,2,Mode 2,0.7793969481137133
Iceland,0.0,1,2017.0,49.0,24.073508804525435,-0.0,-49.0,,,On-trend,gray7,1.0,0.0,0.0,1,Mode 1,1.0
India,12.826086956521738,23,1981.0,15.478260869565217,4.4933660203081365,-12.826086956521738,-15.478260869565217,,,On-trend,gray7,0.19620588632536737,0.7699816871043538,0.03381242657027883,2,Mode 2,0.7699816871043538
Italy,4.208333333333333,24,1987.0,7.708333333333333,3.6367779147783033,-4.208333333333333,-7.708333333333333,,,On-trend,gray7,0.33140290324715377,0.4197592787657868,0.2488378179870594,2,Mode 2,0.4197592787657868
Japan,3.0454545454545454,22,1961.0,3.0454545454545454,4.384259860472622,-3.0454545454545454,-3.0454545454545454,,,On-trend,gray7,0.36951228759232085,0.3873823878702322,0.24310532453744696,2,Mode 2,0.3873823878702322
Kazakhstan,0.0,1,2017.0,18.0,9.176469457491573,-0.0,-18.0,,,On-trend,gray7,1.0,0.0,0.0,1,Mode 1,1.0
Korea (DPRK),0.5,2,1991.0,15.0,6.949350476495043,-0.5,-15.0,,,On-trend,gray7,1.0,0.0,0.0,1,Mode 1,1.0
Korea (ROK),8.9,20,1981.0,11.5,4.422863972828283,-8.9,-11.5,,,On-trend,gray7,0.1375963037130487,0.24836539495867177,0.6140383013282795,3,Mode 3,0.6140383013282795
Malaysia,3.25,4,2013.0,27.0,7.274205584961352,-3.25,-27.0,,,On-trend,gray7,1.0,0.0,0.0,1,Mode 1,1.0
Monaco,22.5,4,,22.5,12.924679907690017,-22.5,-22.5,,,On-trend,gray7,0.035844833301719545,0.43572071532717976,0.5284344513711007,3,Mode 3,0.5284344513711007
Netherlands,7.875,24,1985.0,11.333333333333334,4.118534754653957,-7.875,-11.333333333333334,,,On-trend,gray7,0.11729217590931908,0.6796819817468703,0.20302584234381055,2,Mode 2,0.6796819817468703
New Zealand,-0.9444444444444444,36,1961.0,-0.9444444444444444,3.3045527993546098,0.9444444444444444,0.9444444444444444,,,On-trend,gray7,0.0027702119702876205,0.21895271064212968,0.7782770773875828,3,Mode 3,0.7782770773875828
Norway,-0.3235294117647059,34,1961.0,-0.3235294117647059,3.5089640439157215,0.3235294117647059,0.3235294117647059,,,On-trend,gray7,0.025219160493488633,0.2636748416412214,0.71110599786529,3,Mode 3,0.71110599786529
Peru,5.2272727272727275,22,1985.0,8.681818181818182,3.3776295782595285,-5.2272727272727275,-8.681818181818182,,,On-trend,gray7,0.6698503933640245,0.3301496066359754,0.0,1,Mode 1,0.6698503933640245
Poland,6.1875,16,1977.0,7.875,4.419322877402027,-6.1875,-7.875,,,On-trend,gray7,0.15334111469729855,0.7761555604480171,0.0705033248546844,2,Mode 2,0.7761555604480171
Portugal,2.625,8,2015.0,19.25,4.522961463938535,-2.625,-19.25,,,On-trend,gray7,0.7646677864226951,0.0542550846332959,0.18107712894400912,1,Mode 1,0.7646677864226951
Romania,4.142857142857143,14,2002.0,17.285714285714285,5.778704804231498,-4.142857142857143,-17.285714285714285,,,On-trend,gray7,0.3540834744579186,0.6459165255420815,0.0,2,Mode 2,0.6459165255420815
Russian Federation,0.6666666666666666,30,1961.0,0.6666666666666666,3.5611532063085676,-0.6666666666666666,-0.6666666666666666,,,On-trend,gray7,0.06647269791228337,0.17809290418381105,0.7554343979039055,3,Mode 3,0.7554343979039055
SCAR,0.2916666666666667,24,1972.0,0.7083333333333334,5.168547559124644,-0.2916666666666667,-0.7083333333333334,,,On-trend,gray7,0.05586050251177737,0.2695980294454129,0.6745414680428097,3,Mode 3,0.6745414680428097
Slovakia,0.0,1,1996.0,28.0,17.110067476383268,-0.0,-28.0,,,On-trend,gray7,1.0,0.0,0.0,1,Mode 1,1.0
South Africa,6.346153846153846,26,1961.0,6.346153846153846,8.645678226718273,-6.346153846153846,-6.346153846153846,,,On-trend,gray7,0.3345173533163688,0.50060154537158,0.16488110131205128,2,Mode 2,0.50060154537158
Spain,5.818181818181818,22,1987.0,8.681818181818182,2.913896200814589,-5.818181818181818,-8.681818181818182,,,On-trend,gray7,0.17575562817352808,0.5714184148813536,0.25282595694511834,2,Mode 2,0.5714184148813536
Sweden,6.944444444444445,18,1987.0,11.5,6.028719976074643,-6.944444444444445,-11.5,,,On-trend,gray7,0.08257828173459937,0.5279869901142338,0.38943472815116686,2,Mode 2,0.5279869901142338
Switzerland,16.333333333333332,3,1991.0,23.333333333333332,5.937328881050807,-16.333333333333332,-23.333333333333332,,,On-trend,gray7,1.0,0.0,0.0,1,Mode 1,1.0
Türkiye,1.375,8,2017.0,31.5,5.661454650043646,-1.375,-31.5,,,On-trend,gray7,0.7486859445829391,0.25131405541706087,0.0,1,Mode 1,0.7486859445829391
UNEP,0.6666666666666666,9,1994.0,9.666666666666666,9.600655417672918,-0.6666666666666666,-9.666666666666666,,,On-trend,gray7,0.08095828641471486,0.9190417135852852,0.0,2,Mode 2,0.9190417135852852
Ukraine,11.133333333333333,15,1998.0,20.733333333333334,8.535844815684815,-11.133333333333333,-20.733333333333334,,,On-trend,gray7,0.19221378804946096,0.13946453034859807,0.6683216816019409,3,Mode 3,0.6683216816019409
United Kingdom,-5.638888888888889,36,1961.0,-5.638888888888889,2.5683926423625874,5.638888888888889,5.638888888888889,,,On-trend,gray7,0.005859313904279096,0.44192080784034815,0.5522198782553728,3,Mode 3,0.5522198782553728
United States,-6.516129032258065,31,1961.0,-6.516129032258065,2.5550039469795123,6.516129032258065,6.516129032258065,,,On-trend,gray7,0.046454612708852684,0.3069495794935279,0.6465958077976195,3,Mode 3,0.6465958077976195
Uruguay,8.73076923076923,26,1981.0,11.5,4.4515430683308335,-8.73076923076923,-11.5,,,On-trend,gray7,0.3432129556185593,0.6485579921762139,0.008229052205226838,2,Mode 2,0.6485579921762139
Venezuela,5.6,5,2007.0,27.0,78.31289160220771,-5.6,-27.0,,,On-trend,gray7,0.7419313167185287,0.25806868328147137,0.0,1,Mode 1,0.7419313167185287
WMO,9.75,12,1968.0,9.916666666666666,6.911326982685227,-9.75,-9.916666666666666,,,On-trend,gray7,0.19696498555692035,0.6135376581518733,0.18949735629120631,2,Mode 2,0.6135376581518733
