actor_i,actor_j,overlap_jaccard_rpa,exclusive_phi_proximity,complementarity_score,k_i,k_j,same_regime,regime_pair,pair_type,pair_label
Argentina,Australia,0.2,0.3953032230926967,0.1953032230926967,16,20,0,2-3,Complementary,Argentina - Australia
Argentina,Belarus,0.12,0.39106536269997805,0.27106536269997805,16,12,1,2-2,Complementary,Argentina - Belarus
Argentina,Belgium,0.2,0.39307289235601395,0.19307289235601394,16,14,1,2-2,Complementary,Argentina - Belgium
Argentina,Brazil,0.28,0.3629680313301003,0.08296803133010028,16,16,1,2-2,Separate / weak,Argentina - Brazil
Argentina,Bulgaria,0.19047619047619047,0.305120129290955,0.11464393881476453,16,9,0,1-2,Separate / weak,Argentina - Bulgaria
Argentina,Canada,0.0,0.38964913349342223,0.38964913349342223,16,6,0,1-2,Complementary,Argentina - Canada
Argentina,Chile,0.38095238095238093,0.41395104895104895,0.03299866799866802,16,13,1,2-2,Aligned,Argentina - Chile
Argentina,China,0.2692307692307692,0.38428235829506247,0.11505158906429325,16,17,1,2-2,Aligned,Argentina - China
Argentina,Colombia,0.1,0.38799741924741926,0.2879974192474193,16,6,0,1-2,Complementary,Argentina - Colombia
Argentina,Czechia,0.08333333333333333,0.4324099858474858,0.3490766525141525,16,10,1,2-2,Complementary,Argentina - Czechia
Argentina,Ecuador,0.3181818181818182,0.3964766196447231,0.0782948014629049,16,13,1,2-2,Aligned,Argentina - Ecuador
Argentina,Finland,0.11538461538461539,0.37686655289699944,0.261481937512384,16,13,1,2-2,Separate / weak,Argentina - Finland
Argentina,France,0.36,0.32575834090032874,-0.03424165909967125,16,18,0,2-3,Separate / weak,Argentina - France
Argentina,Germany,0.16666666666666666,0.39756480726875465,0.230898140602088,16,19,1,2-2,Complementary,Argentina - Germany
Argentina,India,0.11538461538461539,0.39451009191376357,0.2791254765291482,16,13,1,2-2,Complementary,Argentina - India
Argentina,Italy,0.24,0.3452312522951468,0.1052312522951468,16,15,1,2-2,Separate / weak,Argentina - Italy
Argentina,Japan,0.16,0.34879458026009746,0.18879458026009746,16,13,1,2-2,Separate / weak,Argentina - Japan
Argentina,Korea (ROK),0.18518518518518517,0.3477326273875693,0.16254744220238415,16,16,0,2-3,Separate / weak,Argentina - Korea (ROK)
Argentina,Netherlands,0.2608695652173913,0.35498776797914733,0.09411820276175603,16,13,1,2-2,Separate / weak,Argentina - Netherlands
Argentina,New Zealand,0.15625,0.41720541605797024,0.26095541605797024,16,21,0,2-3,Complementary,Argentina - New Zealand
Argentina,Norway,0.21428571428571427,0.408575270036477,0.1942895557507627,16,18,0,2-3,Complementary,Argentina - Norway
Argentina,Peru,0.07407407407407407,0.39863540898364547,0.3245613349095714,16,13,0,1-2,Complementary,Argentina - Peru
Argentina,Poland,0.22727272727272727,0.3946719905513834,0.16739926327865615,16,11,1,2-2,Aligned,Argentina - Poland
Argentina,Portugal,0.0,0.39283818129064285,0.39283818129064285,16,7,0,1-2,Complementary,Argentina - Portugal
Argentina,Romania,0.19047619047619047,0.3533729603729604,0.16289676989676993,16,9,1,2-2,Separate / weak,Argentina - Romania
Argentina,Russian Federation,0.20689655172413793,0.38350435285315926,0.17660780112902133,16,19,0,2-3,Complementary,Argentina - Russian Federation
Argentina,South Africa,0.25925925925925924,0.3959151959578384,0.13665593669857917,16,18,1,2-2,Aligned,Argentina - South Africa
Argentina,Spain,0.24,0.34237399161814663,0.10237399161814664,16,15,1,2-2,Separate / weak,Argentina - Spain
Argentina,Sweden,0.15384615384615385,0.35716859862866457,0.20332244478251071,16,14,1,2-2,Separate / weak,Argentina - Sweden
Argentina,Türkiye,0.1,0.3883467683632158,0.2883467683632158,16,6,0,1-2,Complementary,Argentina - Türkiye
Argentina,Ukraine,0.23809523809523808,0.4029690404663666,0.16487380237112853,16,10,0,2-3,Aligned,Argentina - Ukraine
Argentina,United Kingdom,0.4074074074074074,0.3863094138481839,-0.021097993559223482,16,22,0,2-3,Aligned,Argentina - United Kingdom
Argentina,United States,0.34615384615384615,0.3820468257232963,0.035892979569450145,16,19,0,2-3,Aligned,Argentina - United States
Argentina,Uruguay,0.17857142857142858,0.40756464735065867,0.2289932187792301,16,17,1,2-2,Complementary,Argentina - Uruguay
Argentina,Venezuela,0.0,0.3706924182139699,0.3706924182139699,16,5,0,1-2,Separate / weak,Argentina - Venezuela
Australia,Belarus,0.23076923076923078,0.3593555083976911,0.1285862776284603,20,12,0,2-3,Separate / weak,Australia - Belarus
Australia,Belgium,0.1724137931034483,0.4015047261167951,0.22909093301334682,20,14,0,2-3,Complementary,Australia - Belgium
Australia,Brazil,0.16129032258064516,0.4177370548860887,0.25644673230544357,20,16,0,2-3,Complementary,Australia - Brazil
Australia,Bulgaria,0.03571428571428571,0.4401443565508901,0.4044300708366044,20,9,0,1-3,Complementary,Australia - Bulgaria
Australia,Canada,0.13043478260869565,0.34488060114327856,0.21444581853458292,20,6,0,1-3,Separate / weak,Australia - Canada
Australia,Chile,0.2222222222222222,0.3698661864451338,0.1476439642229116,20,13,0,2-3,Separate / weak,Australia - Chile
Australia,China,0.27586206896551724,0.3922806406472468,0.11641857168172959,20,17,0,2-3,Aligned,Australia - China
Australia,Colombia,0.13043478260869565,0.32711599166935174,0.1966812090606561,20,6,0,1-3,Separate / weak,Australia - Colombia
Australia,Czechia,0.2,0.3919541569541569,0.1919541569541569,20,10,0,2-3,Complementary,Australia - Czechia
Australia,Ecuador,0.2222222222222222,0.3738645163347957,0.15164229411257352,20,13,0,2-3,Separate / weak,Australia - Ecuador
Australia,Finland,0.1,0.4080798485104866,0.30807984851048664,20,13,0,2-3,Complementary,Australia - Finland
Australia,France,0.1875,0.39437651950753605,0.20687651950753605,20,18,1,3-3,Complementary,Australia - France
Australia,Germany,0.25806451612903225,0.349228660525452,0.09116414439641973,20,19,0,2-3,Separate / weak,Australia - Germany
Australia,India,0.17857142857142858,0.40071364487439537,0.2221422163029668,20,13,0,2-3,Complementary,Australia - India
Australia,Italy,0.25,0.3839708273730742,0.1339708273730742,20,15,0,2-3,Aligned,Australia - Italy
Australia,Japan,0.32,0.36118480108316764,0.04118480108316763,20,13,0,2-3,Separate / weak,Australia - Japan
Australia,Korea (ROK),0.2857142857142857,0.36649646528985236,0.08078217957556666,20,16,1,3-3,Separate / weak,Australia - Korea (ROK)
Australia,Netherlands,0.2692307692307692,0.3481366755892813,0.07890590635851208,20,13,0,2-3,Separate / weak,Australia - Netherlands
Australia,New Zealand,0.3225806451612903,0.35668456543456545,0.034103920273275135,20,21,1,3-3,Separate / weak,Australia - New Zealand
Australia,Norway,0.46153846153846156,0.37566268301087014,-0.08587577852759143,20,18,1,3-3,Separate / weak,Australia - Norway
Australia,Peru,0.13793103448275862,0.3612479158529705,0.22331688137021188,20,13,0,1-3,Separate / weak,Australia - Peru
Australia,Poland,0.24,0.42777725148414797,0.18777725148414798,20,11,0,2-3,Aligned,Australia - Poland
Australia,Portugal,0.08,0.377750259000259,0.297750259000259,20,7,0,1-3,Separate / weak,Australia - Portugal
Australia,Romania,0.16,0.37987653793574844,0.21987653793574843,20,9,0,2-3,Separate / weak,Australia - Romania
Australia,Russian Federation,0.25806451612903225,0.3571670850730648,0.09910256894403258,20,19,1,3-3,Separate / weak,Australia - Russian Federation
Australia,South Africa,0.3103448275862069,0.35177578610374594,0.04143095851753903,20,18,0,2-3,Separate / weak,Australia - South Africa
Australia,Spain,0.25,0.3906675674422446,0.14066756744224462,20,15,0,2-3,Aligned,Australia - Spain
Australia,Sweden,0.21428571428571427,0.3746274610036926,0.16034174671797832,20,14,0,2-3,Separate / weak,Australia - Sweden
Australia,Türkiye,0.04,0.39947709677211063,0.35947709677211065,20,6,0,1-3,Complementary,Australia - Türkiye
Australia,Ukraine,0.2,0.3587412587412588,0.15874125874125877,20,10,1,3-3,Separate / weak,Australia - Ukraine
Australia,United Kingdom,0.3548387096774194,0.33774743254056505,-0.01709127713685432,20,22,1,3-3,Separate / weak,Australia - United Kingdom
Australia,United States,0.3448275862068966,0.3526991341991342,0.007871547992237604,20,19,1,3-3,Separate / weak,Australia - United States
Australia,Uruguay,0.27586206896551724,0.37156660137603875,0.09570453241052151,20,17,0,2-3,Separate / weak,Australia - Uruguay
Australia,Venezuela,0.08695652173913043,0.3698423224285293,0.2828858006893989,20,5,0,1-3,Separate / weak,Australia - Venezuela
Belarus,Belgium,0.23809523809523808,0.39609194327887615,0.15799670518363806,12,14,1,2-2,Aligned,Belarus - Belgium
Belarus,Brazil,0.4,0.4265684259970217,0.026568425997021694,12,16,1,2-2,Aligned,Belarus - Brazil
Belarus,Bulgaria,0.16666666666666666,0.432718810235291,0.2660521435686244,12,9,0,1-2,Complementary,Belarus - Bulgaria
Belarus,Canada,0.2857142857142857,0.31742610837438423,0.03171182266009853,12,6,0,1-2,Separate / weak,Belarus - Canada
Belarus,Chile,0.08695652173913043,0.4332175039872408,0.34626098224811036,12,13,1,2-2,Complementary,Belarus - Chile
Belarus,China,0.16,0.434047666524457,0.274047666524457,12,17,1,2-2,Complementary,Belarus - China
Belarus,Colombia,0.2857142857142857,0.3286199095022625,0.0429056237879768,12,6,0,1-2,Separate / weak,Belarus - Colombia
Belarus,Czechia,0.2222222222222222,0.42096748737373735,0.19874526515151514,12,10,1,2-2,Aligned,Belarus - Czechia
Belarus,Ecuador,0.25,0.4286900640561264,0.17869006405612642,12,13,1,2-2,Aligned,Belarus - Ecuador
Belarus,Finland,0.3157894736842105,0.37636146181404806,0.06057198812983755,12,13,1,2-2,Separate / weak,Belarus - Finland
Belarus,France,0.25,0.39350585641420494,0.14350585641420494,12,18,0,2-3,Aligned,Belarus - France
Belarus,Germany,0.24,0.33664354353804227,0.09664354353804228,12,19,1,2-2,Separate / weak,Belarus - Germany
Belarus,India,0.3157894736842105,0.4464937942462573,0.13070432056204678,12,13,1,2-2,Aligned,Belarus - India
Belarus,Italy,0.22727272727272727,0.4059283073248591,0.1786555800521318,12,15,1,2-2,Aligned,Belarus - Italy
Belarus,Japan,0.13636363636363635,0.41904079945138983,0.2826771630877535,12,13,1,2-2,Complementary,Belarus - Japan
Belarus,Korea (ROK),0.2727272727272727,0.3683030320153732,0.09557575928810047,12,16,0,2-3,Separate / weak,Belarus - Korea (ROK)
Belarus,Netherlands,0.19047619047619047,0.3818560719105851,0.19137988143439466,12,13,1,2-2,Complementary,Belarus - Netherlands
Belarus,New Zealand,0.2222222222222222,0.29664468486449913,0.07442246264227692,12,21,0,2-3,Separate / weak,Belarus - New Zealand
Belarus,Norway,0.25,0.3733194786535304,0.12331947865353038,12,18,0,2-3,Separate / weak,Belarus - Norway
Belarus,Peru,0.3157894736842105,0.3739743353333617,0.05818486164915121,12,13,0,1-2,Separate / weak,Belarus - Peru
Belarus,Poland,0.15,0.4275566396430367,0.2775566396430367,12,11,1,2-2,Complementary,Belarus - Poland
Belarus,Portugal,0.1875,0.3756232193732194,0.1881232193732194,12,7,0,1-2,Separate / weak,Belarus - Portugal
Belarus,Romania,0.23529411764705882,0.41461750565610855,0.17932338800904973,12,9,1,2-2,Aligned,Belarus - Romania
Belarus,Russian Federation,0.19230769230769232,0.3510994827918603,0.158791790484168,12,19,0,2-3,Separate / weak,Belarus - Russian Federation
Belarus,South Africa,0.15384615384615385,0.39102780687649774,0.2371816530303439,12,18,1,2-2,Complementary,Belarus - South Africa
Belarus,Spain,0.08,0.45627497207634515,0.37627497207634514,12,15,1,2-2,Complementary,Belarus - Spain
Belarus,Sweden,0.23809523809523808,0.35869725458974955,0.12060201649451147,12,14,1,2-2,Separate / weak,Belarus - Sweden
Belarus,Türkiye,0.2857142857142857,0.3570290004113533,0.07131471469706763,12,6,0,1-2,Separate / weak,Belarus - Türkiye
Belarus,Ukraine,0.2222222222222222,0.37754167809314876,0.15531945587092655,12,10,0,2-3,Separate / weak,Belarus - Ukraine
Belarus,United Kingdom,0.13333333333333333,0.3935051043047366,0.2601717709714033,12,22,0,2-3,Complementary,Belarus - United Kingdom
Belarus,United States,0.14814814814814814,0.4070925145116322,0.25894436636348406,12,19,0,2-3,Complementary,Belarus - United States
Belarus,Uruguay,0.20833333333333334,0.4097581415772939,0.20142480824396056,12,17,1,2-2,Complementary,Belarus - Uruguay
Belarus,Venezuela,0.21428571428571427,0.38391541408782787,0.1696296998021136,12,5,0,1-2,Complementary,Belarus - Venezuela
Belgium,Brazil,0.25,0.383525448203757,0.133525448203757,14,16,1,2-2,Aligned,Belgium - Brazil
Belgium,Bulgaria,0.35294117647058826,0.3708628542510122,0.017921677780423917,14,9,0,1-2,Separate / weak,Belgium - Bulgaria
Belgium,Canada,0.17647058823529413,0.3890588578088578,0.21258826957356367,14,6,0,1-2,Complementary,Belgium - Canada
Belgium,Chile,0.22727272727272727,0.41593371422177006,0.1886609869490428,14,13,1,2-2,Aligned,Belgium - Chile
Belgium,China,0.2916666666666667,0.34564943984586843,0.05398277317920175,14,17,1,2-2,Separate / weak,Belgium - China
Belgium,Colombia,0.17647058823529413,0.3934968653508111,0.21702627711551695,14,6,0,1-2,Complementary,Belgium - Colombia
Belgium,Czechia,0.2631578947368421,0.45252549342839726,0.18936759869155517,14,10,1,2-2,Aligned,Belgium - Czechia
Belgium,Ecuador,0.2857142857142857,0.3915031322843823,0.10578884657009663,14,13,1,2-2,Aligned,Belgium - Ecuador
Belgium,Finland,0.35,0.35191993464052285,0.001919934640522869,14,13,1,2-2,Separate / weak,Belgium - Finland
Belgium,France,0.3333333333333333,0.3950963748583718,0.061763041525038476,14,18,0,2-3,Aligned,Belgium - France
Belgium,Germany,0.17857142857142858,0.3763439822763779,0.1977725537049493,14,19,1,2-2,Separate / weak,Belgium - Germany
Belgium,India,0.125,0.39709245658647574,0.27209245658647574,14,13,1,2-2,Complementary,Belgium - India
Belgium,Italy,0.3181818181818182,0.37947802197802194,0.06129620379620376,14,15,1,2-2,Separate / weak,Belgium - Italy
Belgium,Japan,0.22727272727272727,0.4199929663416505,0.19272023906892324,14,13,1,2-2,Aligned,Belgium - Japan
Belgium,Korea (ROK),0.25,0.3807937898337473,0.1307937898337473,14,16,0,2-3,Separate / weak,Belgium - Korea (ROK)
Belgium,Netherlands,0.42105263157894735,0.3481162181471779,-0.07293641343176943,14,13,1,2-2,Separate / weak,Belgium - Netherlands
Belgium,New Zealand,0.16666666666666666,0.36093844344113735,0.1942717767744707,14,21,0,2-3,Separate / weak,Belgium - New Zealand
Belgium,Norway,0.18518518518518517,0.4063175128964603,0.2211323277112751,14,18,0,2-3,Complementary,Belgium - Norway
Belgium,Peru,0.2857142857142857,0.3678078049401579,0.08209351922587221,14,13,0,1-2,Separate / weak,Belgium - Peru
Belgium,Poland,0.13636363636363635,0.40697555758635306,0.2706119212227167,14,11,1,2-2,Complementary,Belgium - Poland
Belgium,Portugal,0.23529411764705882,0.3800683559735284,0.14477423832646957,14,7,0,1-2,Separate / weak,Belgium - Portugal
Belgium,Romania,0.2777777777777778,0.3782245950888192,0.10044681731104144,14,9,1,2-2,Separate / weak,Belgium - Romania
Belgium,Russian Federation,0.13793103448275862,0.3798594899252794,0.24192845544252078,14,19,0,2-3,Separate / weak,Belgium - Russian Federation
Belgium,South Africa,0.45454545454545453,0.32069537708808216,-0.13385007745737237,14,18,1,2-2,Separate / weak,Belgium - South Africa
Belgium,Spain,0.3181818181818182,0.39965808427253857,0.0814762660907204,14,15,1,2-2,Aligned,Belgium - Spain
Belgium,Sweden,0.2727272727272727,0.3653685130658815,0.09264124033860877,14,14,1,2-2,Separate / weak,Belgium - Sweden
Belgium,Türkiye,0.17647058823529413,0.375546431789626,0.19907584355433186,14,6,0,1-2,Separate / weak,Belgium - Türkiye
Belgium,Ukraine,0.14285714285714285,0.41368840558330744,0.2708312627261646,14,10,0,2-3,Complementary,Belgium - Ukraine
Belgium,United Kingdom,0.2,0.38048762388682456,0.18048762388682454,14,22,0,2-3,Separate / weak,Belgium - United Kingdom
Belgium,United States,0.17857142857142858,0.3807274968055691,0.20215606823414053,14,19,0,2-3,Separate / weak,Belgium - United States
Belgium,Uruguay,0.2916666666666667,0.4250917867146859,0.1334251200480192,14,17,1,2-2,Aligned,Belgium - Uruguay
Belgium,Venezuela,0.1875,0.3424512987012987,0.1549512987012987,14,5,0,1-2,Separate / weak,Belgium - Venezuela
Brazil,Bulgaria,0.3157894736842105,0.3857592076396256,0.06996973395541511,16,9,0,1-2,Aligned,Brazil - Bulgaria
Brazil,Canada,0.2222222222222222,0.35317587308202636,0.13095365085980415,16,6,0,1-2,Separate / weak,Brazil - Canada
Brazil,Chile,0.16,0.41812673655913224,0.2581267365591322,16,13,1,2-2,Complementary,Brazil - Chile
Brazil,China,0.32,0.3852742743367743,0.0652742743367743,16,17,1,2-2,Aligned,Brazil - China
Brazil,Colombia,0.2222222222222222,0.41740489568969874,0.19518267346747653,16,6,0,1-2,Aligned,Brazil - Colombia
Brazil,Czechia,0.23809523809523808,0.40995720614698505,0.17186196805174697,16,10,1,2-2,Aligned,Brazil - Czechia
Brazil,Ecuador,0.5263157894736842,0.35449420677361854,-0.17182158270006564,16,13,1,2-2,Separate / weak,Brazil - Ecuador
Brazil,Finland,0.38095238095238093,0.33254670010716836,-0.04840568084521257,16,13,1,2-2,Separate / weak,Brazil - Finland
Brazil,France,0.25925925925925924,0.40721791824733,0.14795865898807076,16,18,0,2-3,Aligned,Brazil - France
Brazil,Germany,0.20689655172413793,0.4064455360882312,0.19954898436409327,16,19,1,2-2,Complementary,Brazil - Germany
Brazil,India,0.38095238095238093,0.36899763613579406,-0.01195474481658687,16,13,1,2-2,Separate / weak,Brazil - India
Brazil,Italy,0.2916666666666667,0.3879052958135775,0.09623862914691084,16,15,1,2-2,Aligned,Brazil - Italy
Brazil,Japan,0.2608695652173913,0.379608742282338,0.11873917706494669,16,13,1,2-2,Separate / weak,Brazil - Japan
Brazil,Korea (ROK),0.3333333333333333,0.3792884944969891,0.04595516116365578,16,16,0,2-3,Separate / weak,Brazil - Korea (ROK)
Brazil,Netherlands,0.16,0.38369688590276824,0.22369688590276823,16,13,1,2-2,Complementary,Brazil - Netherlands
Brazil,New Zealand,0.1935483870967742,0.3221545053999415,0.12860611830316732,16,21,0,2-3,Separate / weak,Brazil - New Zealand
Brazil,Norway,0.25925925925925924,0.37081051369328877,0.11155125443402952,16,18,0,2-3,Separate / weak,Brazil - Norway
Brazil,Peru,0.45,0.33273513605847194,-0.11726486394152807,16,13,0,1-2,Separate / weak,Brazil - Peru
Brazil,Poland,0.35,0.36596825903714447,0.015968259037144494,16,11,1,2-2,Separate / weak,Brazil - Poland
Brazil,Portugal,0.15,0.36369402832722814,0.21369402832722814,16,7,0,1-2,Separate / weak,Brazil - Portugal
Brazil,Romania,0.47058823529411764,0.2800999710228919,-0.19048826427122573,16,9,1,2-2,Separate / weak,Brazil - Romania
Brazil,Russian Federation,0.2962962962962963,0.3863730256485938,0.09007672935229755,16,19,0,2-3,Aligned,Brazil - Russian Federation
Brazil,South Africa,0.25925925925925924,0.3849873065817338,0.12572804732247456,16,18,1,2-2,Aligned,Brazil - South Africa
Brazil,Spain,0.19230769230769232,0.4089260739963667,0.2166183816886744,16,15,1,2-2,Complementary,Brazil - Spain
Brazil,Sweden,0.15384615384615385,0.39106748675730874,0.23722133291115488,16,14,1,2-2,Complementary,Brazil - Sweden
Brazil,Türkiye,0.2222222222222222,0.40017119625582187,0.17794897403359966,16,6,0,1-2,Aligned,Brazil - Türkiye
Brazil,Ukraine,0.23809523809523808,0.3614105439481275,0.12331530585288941,16,10,0,2-3,Separate / weak,Brazil - Ukraine
Brazil,United Kingdom,0.26666666666666666,0.3448702001598807,0.07820353349321402,16,22,0,2-3,Separate / weak,Brazil - United Kingdom
Brazil,United States,0.20689655172413793,0.392744655669531,0.18584810394539306,16,19,0,2-3,Complementary,Brazil - United States
Brazil,Uruguay,0.375,0.37207976503538476,-0.0029202349646152426,16,17,1,2-2,Separate / weak,Brazil - Uruguay
Brazil,Venezuela,0.16666666666666666,0.4182692307692308,0.2516025641025641,16,5,0,1-2,Complementary,Brazil - Venezuela
Bulgaria,Canada,0.25,0.4072161172161173,0.15721611721611728,9,6,1,1-1,Aligned,Bulgaria - Canada
Bulgaria,Chile,0.1,0.38852902270224443,0.28852902270224445,9,13,0,1-2,Complementary,Bulgaria - Chile
Bulgaria,China,0.18181818181818182,0.3692544378698225,0.18743625605164066,9,17,0,1-2,Separate / weak,Bulgaria - China
Bulgaria,Colombia,0.25,0.4197595001347537,0.16975950013475372,9,6,1,1-1,Aligned,Bulgaria - Colombia
Bulgaria,Czechia,0.26666666666666666,0.41154679138163713,0.14488012471497047,9,10,0,1-2,Aligned,Bulgaria - Czechia
Bulgaria,Ecuador,0.29411764705882354,0.4497904668860551,0.15567281982723158,9,13,0,1-2,Aligned,Bulgaria - Ecuador
Bulgaria,Finland,0.375,0.365759534583064,-0.009240465416936017,9,13,0,1-2,Separate / weak,Bulgaria - Finland
Bulgaria,France,0.22727272727272727,0.35758333600490955,0.13031060873218228,9,18,0,1-3,Separate / weak,Bulgaria - France
Bulgaria,Germany,0.037037037037037035,0.4122859952510421,0.37524895821400506,9,19,0,1-2,Complementary,Bulgaria - Germany
Bulgaria,India,0.29411764705882354,0.34428714667685256,0.05016949961802902,9,13,0,1-2,Separate / weak,Bulgaria - India
Bulgaria,Italy,0.2631578947368421,0.39027900988330555,0.12712111514646346,9,15,0,1-2,Aligned,Bulgaria - Italy
Bulgaria,Japan,0.2222222222222222,0.3623099415204678,0.1400877192982456,9,13,0,1-2,Separate / weak,Bulgaria - Japan
Bulgaria,Korea (ROK),0.25,0.34295145819561806,0.09295145819561806,9,16,0,1-3,Separate / weak,Bulgaria - Korea (ROK)
Bulgaria,Netherlands,0.2222222222222222,0.3772885739991003,0.1550663517768781,9,13,0,1-2,Separate / weak,Bulgaria - Netherlands
Bulgaria,New Zealand,0.034482758620689655,0.3765182415656921,0.3420354829450024,9,21,0,1-3,Separate / weak,Bulgaria - New Zealand
Bulgaria,Norway,0.125,0.3732049178891284,0.2482049178891284,9,18,0,1-3,Separate / weak,Bulgaria - Norway
Bulgaria,Peru,0.29411764705882354,0.3357949403537639,0.041677293294940354,9,13,1,1-1,Separate / weak,Bulgaria - Peru
Bulgaria,Poland,0.25,0.3806831823638547,0.13068318236385468,9,11,0,1-2,Separate / weak,Bulgaria - Poland
Bulgaria,Portugal,0.3333333333333333,0.32469729813796755,-0.008636035195365765,9,7,1,1-1,Separate / weak,Bulgaria - Portugal
Bulgaria,Romania,0.2857142857142857,0.4270368751031183,0.14132258938883258,9,9,0,1-2,Aligned,Bulgaria - Romania
Bulgaria,Russian Federation,0.12,0.3621426388691288,0.2421426388691288,9,19,0,1-3,Separate / weak,Bulgaria - Russian Federation
Bulgaria,South Africa,0.125,0.3913992914979757,0.2663992914979757,9,18,0,1-2,Complementary,Bulgaria - South Africa
Bulgaria,Spain,0.2631578947368421,0.40309783579423675,0.13993994105739466,9,15,0,1-2,Aligned,Bulgaria - Spain
Bulgaria,Sweden,0.2777777777777778,0.3650213154005724,0.08724353762279463,9,14,0,1-2,Separate / weak,Bulgaria - Sweden
Bulgaria,Türkiye,0.25,0.3601971304557512,0.11019713045575119,9,6,1,1-1,Separate / weak,Bulgaria - Türkiye
Bulgaria,Ukraine,0.1875,0.3785946893828667,0.19109468938286672,9,10,0,1-3,Separate / weak,Bulgaria - Ukraine
Bulgaria,United Kingdom,0.06896551724137931,0.3691022578649954,0.30013674062361606,9,22,0,1-3,Separate / weak,Bulgaria - United Kingdom
Bulgaria,United States,0.07692307692307693,0.3917737723564185,0.3148506954333416,9,19,0,1-3,Complementary,Bulgaria - United States
Bulgaria,Uruguay,0.3,0.33937946470454206,0.039379464704542066,9,17,0,1-2,Separate / weak,Bulgaria - Uruguay
Bulgaria,Venezuela,0.2727272727272727,0.33974358974358976,0.06701631701631705,9,5,1,1-1,Separate / weak,Bulgaria - Venezuela
Canada,Chile,0.05555555555555555,0.4150766099322134,0.3595210543766578,6,13,0,1-2,Complementary,Canada - Chile
Canada,China,0.15,0.3721230158730159,0.2221230158730159,6,17,0,1-2,Separate / weak,Canada - China
Canada,Colombia,0.2,0.41902037617554866,0.21902037617554865,6,6,1,1-1,Complementary,Canada - Colombia
Canada,Czechia,0.14285714285714285,0.40892964793826864,0.2660725050811258,6,10,0,1-2,Complementary,Canada - Czechia
Canada,Ecuador,0.11764705882352941,0.38703796203796204,0.2693909032144326,6,13,0,1-2,Complementary,Canada - Ecuador
Canada,Finland,0.35714285714285715,0.3421984265734266,-0.014944430569430567,6,13,0,1-2,Separate / weak,Canada - Finland
Canada,France,0.2,0.32253019628904195,0.12253019628904194,6,18,0,1-3,Separate / weak,Canada - France
Canada,Germany,0.13636363636363635,0.3652010211412151,0.22883738477757876,6,19,0,1-2,Separate / weak,Canada - Germany
Canada,India,0.26666666666666666,0.41175213675213673,0.14508547008547007,6,13,0,1-2,Aligned,Canada - India
Canada,Italy,0.16666666666666666,0.47087873931623936,0.30421207264957273,6,15,0,1-2,Complementary,Canada - Italy
Canada,Japan,0.26666666666666666,0.41171717171717176,0.1450505050505051,6,13,0,1-2,Aligned,Canada - Japan
Canada,Korea (ROK),0.29411764705882354,0.43202797202797205,0.1379103249691485,6,16,0,1-3,Aligned,Canada - Korea (ROK)
Canada,Netherlands,0.1875,0.32506616921090603,0.13756616921090603,6,13,0,1-2,Separate / weak,Canada - Netherlands
Canada,New Zealand,0.038461538461538464,0.3367263466645273,0.29826480820298884,6,21,0,1-3,Separate / weak,Canada - New Zealand
Canada,Norway,0.09090909090909091,0.3576644777919449,0.26675538688285394,6,18,0,1-3,Separate / weak,Canada - Norway
Canada,Peru,0.35714285714285715,0.26907338984544865,-0.0880694672974085,6,13,1,1-1,Separate / weak,Canada - Peru
Canada,Poland,0.13333333333333333,0.4226068376068376,0.2892735042735043,6,11,0,1-2,Complementary,Canada - Poland
Canada,Portugal,0.18181818181818182,0.36789472811671087,0.18607654629852904,6,7,1,1-1,Separate / weak,Canada - Portugal
Canada,Romania,0.25,0.43237279961417896,0.18237279961417896,6,9,0,1-2,Aligned,Canada - Romania
Canada,Russian Federation,0.25,0.31022727272727274,0.06022727272727274,6,19,0,1-3,Separate / weak,Canada - Russian Federation
Canada,South Africa,0.14285714285714285,0.380037499050657,0.23718035619351413,6,18,0,1-2,Separate / weak,Canada - South Africa
Canada,Spain,0.16666666666666666,0.432724358974359,0.2660576923076924,6,15,0,1-2,Complementary,Canada - Spain
Canada,Sweden,0.25,0.3147565605189444,0.0647565605189444,6,14,0,1-2,Separate / weak,Canada - Sweden
Canada,Türkiye,0.09090909090909091,0.4020462296324365,0.3111371387233456,6,6,1,1-1,Complementary,Canada - Türkiye
Canada,Ukraine,0.14285714285714285,0.3753918495297806,0.23253470667263776,6,10,0,1-3,Separate / weak,Canada - Ukraine
Canada,United Kingdom,0.037037037037037035,0.33946922535592483,0.3024321883188878,6,22,0,1-3,Separate / weak,Canada - United Kingdom
Canada,United States,0.08695652173913043,0.39693108277793876,0.3099745610388083,6,19,0,1-3,Complementary,Canada - United States
Canada,Venezuela,0.375,0.3228021978021978,-0.05219780219780218,6,5,1,1-1,Separate / weak,Canada - Venezuela
Chile,China,0.25,0.41165131684022954,0.16165131684022954,13,17,1,2-2,Aligned,Chile - China
Chile,Colombia,0.1875,0.3464599555930825,0.1589599555930825,13,6,0,1-2,Separate / weak,Chile - Colombia
Chile,Czechia,0.21052631578947367,0.4130890125955915,0.20256269680611783,13,10,1,2-2,Complementary,Chile - Czechia
Chile,Ecuador,0.18181818181818182,0.4273495371839292,0.24553135536574738,13,13,1,2-2,Complementary,Chile - Ecuador
Chile,Finland,0.13043478260869565,0.39865266226869467,0.268217879659999,13,13,1,2-2,Complementary,Chile - Finland
Chile,France,0.19230769230769232,0.4051085844075438,0.2128008920998515,13,18,0,2-3,Complementary,Chile - France
Chile,Germany,0.28,0.3691910566929917,0.08919105669299165,13,19,1,2-2,Separate / weak,Chile - Germany
Chile,India,0.18181818181818182,0.4165764043713227,0.23475822255314088,13,13,1,2-2,Complementary,Chile - India
Chile,Italy,0.21739130434782608,0.3947272886538393,0.17733598430601324,13,15,1,2-2,Aligned,Chile - Italy
Chile,Japan,0.13043478260869565,0.4092675073405297,0.27883272473183407,13,13,1,2-2,Complementary,Chile - Japan
Chile,Korea (ROK),0.20833333333333334,0.3762295192399032,0.16789618590656988,13,16,0,2-3,Separate / weak,Chile - Korea (ROK)
Chile,Netherlands,0.18181818181818182,0.3674879145079049,0.1856697326897231,13,13,1,2-2,Separate / weak,Chile - Netherlands
Chile,New Zealand,0.21428571428571427,0.3802083755024931,0.16592266121677882,13,21,0,2-3,Separate / weak,Chile - New Zealand
Chile,Norway,0.2916666666666667,0.35955505178488184,0.06788838511821516,13,18,0,2-3,Separate / weak,Chile - Norway
Chile,Peru,0.13043478260869565,0.41690562653868674,0.2864708439299911,13,13,0,1-2,Complementary,Chile - Peru
Chile,Poland,0.2631578947368421,0.4112475632793804,0.1480896685425383,13,11,1,2-2,Aligned,Chile - Poland
Chile,Portugal,0.05263157894736842,0.39845315503210244,0.345821576084734,13,7,0,1-2,Complementary,Chile - Portugal
Chile,Romania,0.15789473684210525,0.3938579140158087,0.23596317717370346,13,9,1,2-2,Complementary,Chile - Romania
Chile,Russian Federation,0.18518518518518517,0.3932322022129325,0.2080470170277473,13,19,0,2-3,Complementary,Chile - Russian Federation
Chile,South Africa,0.24,0.43054544340041295,0.19054544340041296,13,18,1,2-2,Aligned,Chile - South Africa
Chile,Spain,0.2727272727272727,0.34667909772389405,0.07395182499662134,13,15,1,2-2,Separate / weak,Chile - Spain
Chile,Sweden,0.125,0.36316814370584016,0.23816814370584016,13,14,1,2-2,Separate / weak,Chile - Sweden
Chile,Türkiye,0.11764705882352941,0.3759433275058275,0.25829626868229805,13,6,0,1-2,Separate / weak,Chile - Türkiye
Chile,Ukraine,0.045454545454545456,0.45055147810565765,0.4050969326511122,13,10,0,2-3,Complementary,Chile - Ukraine
Chile,United Kingdom,0.2962962962962963,0.38765787725346545,0.09136158095716918,13,22,0,2-3,Aligned,Chile - United Kingdom
Chile,United States,0.3333333333333333,0.40098836991885123,0.06765503658551791,13,19,0,2-3,Aligned,Chile - United States
Chile,Uruguay,0.25,0.40022114206564935,0.15022114206564935,13,17,1,2-2,Aligned,Chile - Uruguay
Chile,Venezuela,0.125,0.2978927203065134,0.17289272030651343,13,5,0,1-2,Separate / weak,Chile - Venezuela
China,Colombia,0.09523809523809523,0.4400015272084238,0.34476343197032855,17,6,0,1-2,Complementary,China - Colombia
China,Czechia,0.17391304347826086,0.42622822942914035,0.2523151859508795,17,10,1,2-2,Complementary,China - Czechia
China,Ecuador,0.25,0.4075661459752369,0.15756614597523688,17,13,1,2-2,Aligned,China - Ecuador
China,Finland,0.30434782608695654,0.3546443644934357,0.050296538406479185,17,13,1,2-2,Separate / weak,China - Finland
China,France,0.2962962962962963,0.3685877914225438,0.0722914951262475,17,18,0,2-3,Separate / weak,China - France
China,Germany,0.3333333333333333,0.3936376101212762,0.06030427678794287,17,19,1,2-2,Aligned,China - Germany
China,India,0.36363636363636365,0.3983714063714064,0.03473504273504274,17,13,1,2-2,Aligned,China - India
China,Italy,0.23076923076923078,0.4124352468371607,0.18166601606792993,17,15,1,2-2,Aligned,China - Italy
China,Japan,0.25,0.4094232740943267,0.15942327409432672,17,13,1,2-2,Aligned,China - Japan
China,Korea (ROK),0.2692307692307692,0.41093022328548645,0.14169945405471723,17,16,0,2-3,Aligned,China - Korea (ROK)
China,Netherlands,0.15384615384615385,0.3937258452276909,0.23987969138153703,17,13,1,2-2,Complementary,China - Netherlands
China,New Zealand,0.26666666666666666,0.33611663842101513,0.06944997175434847,17,21,0,2-3,Separate / weak,China - New Zealand
China,Norway,0.25,0.37801904534859077,0.12801904534859077,17,18,0,2-3,Separate / weak,China - Norway
China,Peru,0.2,0.37520203448512274,0.17520203448512273,17,13,0,1-2,Separate / weak,China - Peru
China,Poland,0.2727272727272727,0.41774698029243484,0.14501970756516214,17,11,1,2-2,Aligned,China - Poland
China,Portugal,0.09090909090909091,0.37980526083112287,0.28889616992203193,17,7,0,1-2,Separate / weak,China - Portugal
China,Romania,0.23809523809523808,0.3910451079093321,0.15294986981409403,17,9,1,2-2,Aligned,China - Romania
China,Russian Federation,0.2857142857142857,0.3729857927824435,0.08727150706815778,17,19,0,2-3,Separate / weak,China - Russian Federation
China,South Africa,0.34615384615384615,0.40081442250559896,0.05466057635175281,17,18,1,2-2,Aligned,China - South Africa
China,Spain,0.28,0.3859897547305635,0.10598975473056349,17,15,1,2-2,Aligned,China - Spain
China,Sweden,0.14814814814814814,0.3738236215043193,0.22567547335617116,17,14,1,2-2,Separate / weak,China - Sweden
China,Türkiye,0.21052631578947367,0.3870222063524451,0.17649589056297144,17,6,0,1-2,Complementary,China - Türkiye
China,Ukraine,0.17391304347826086,0.40457661477965473,0.23066357130139387,17,10,0,2-3,Complementary,China - Ukraine
China,United Kingdom,0.39285714285714285,0.335249557760646,-0.05760758509649683,17,22,0,2-3,Separate / weak,China - United Kingdom
China,United States,0.2,0.392652488052699,0.19265248805269897,17,19,0,2-3,Complementary,China - United States
China,Uruguay,0.36,0.36543582030714383,0.005435820307143846,17,17,1,2-2,Separate / weak,China - Uruguay
China,Venezuela,0.047619047619047616,0.3855168269230769,0.3378977793040293,17,5,0,1-2,Complementary,China - Venezuela
Colombia,Czechia,0.23076923076923078,0.39245009892068716,0.16168086815145638,6,10,0,1-2,Aligned,Colombia - Czechia
Colombia,Ecuador,0.35714285714285715,0.40649867374005305,0.0493558165971959,6,13,0,1-2,Aligned,Colombia - Ecuador
Colombia,Finland,0.26666666666666666,0.40337226217550765,0.13670559550884098,6,13,0,1-2,Aligned,Colombia - Finland
Colombia,France,0.043478260869565216,0.39925567113490296,0.3557774102653377,6,18,0,1-3,Complementary,Colombia - France
Colombia,Germany,0.13636363636363635,0.33002176030668673,0.19365812394305038,6,19,0,1-2,Separate / weak,Colombia - Germany
Colombia,India,0.26666666666666666,0.3939468802551967,0.12728021358853003,6,13,0,1-2,Aligned,Colombia - India
Colombia,Italy,0.23529411764705882,0.3731912848458968,0.137897167198838,6,15,0,1-2,Separate / weak,Colombia - Italy
Colombia,Japan,0.26666666666666666,0.3734269197464457,0.10676025307977904,6,13,0,1-2,Separate / weak,Colombia - Japan
Colombia,Korea (ROK),0.2222222222222222,0.3491623559174536,0.12694013369523138,6,16,0,1-3,Separate / weak,Colombia - Korea (ROK)
Colombia,Netherlands,0.11764705882352941,0.3929691749334936,0.27532211610996415,6,13,0,1-2,Complementary,Colombia - Netherlands
Colombia,New Zealand,0.038461538461538464,0.3533268337699452,0.3148652953084068,6,21,0,1-3,Separate / weak,Colombia - New Zealand
Colombia,Norway,0.09090909090909091,0.3701155541617736,0.2792064632526827,6,18,0,1-3,Separate / weak,Colombia - Norway
Colombia,Peru,0.26666666666666666,0.37566035609646153,0.10899368942979487,6,13,1,1-1,Separate / weak,Colombia - Peru
Colombia,Poland,0.13333333333333333,0.39233880812861543,0.25900547479528213,6,11,0,1-2,Complementary,Colombia - Poland
Colombia,Portugal,0.18181818181818182,0.30617030028794734,0.12435211846976552,6,7,1,1-1,Separate / weak,Colombia - Portugal
Colombia,Romania,0.25,0.4230128746382616,0.1730128746382616,6,9,0,1-2,Aligned,Colombia - Romania
Colombia,Russian Federation,0.19047619047619047,0.3337769255405639,0.1433007350643734,6,19,0,1-3,Separate / weak,Colombia - Russian Federation
Colombia,South Africa,0.14285714285714285,0.3782944762436595,0.23543733338651668,6,18,0,1-2,Separate / weak,Colombia - South Africa
Colombia,Spain,0.10526315789473684,0.3873698563100186,0.28210669841528174,6,15,0,1-2,Complementary,Colombia - Spain
Colombia,Sweden,0.05263157894736842,0.38140895563855876,0.32877737669119034,6,14,0,1-2,Complementary,Colombia - Sweden
Colombia,Türkiye,0.5,0.381993006993007,-0.11800699300699302,6,6,1,1-1,Aligned,Colombia - Türkiye
Colombia,Ukraine,0.23076923076923078,0.43347338935574226,0.20270415858651147,6,10,0,1-3,Aligned,Colombia - Ukraine
Colombia,United Kingdom,0.0,0.3926540000013121,0.3926540000013121,6,22,0,1-3,Complementary,Colombia - United Kingdom
Colombia,United States,0.041666666666666664,0.3886633110897817,0.346996644423115,6,19,0,1-3,Complementary,Colombia - United States
Colombia,Uruguay,0.21052631578947367,0.44780564263322886,0.2372793268437552,6,17,0,1-2,Complementary,Colombia - Uruguay
Colombia,Venezuela,0.375,0.2898380355276907,-0.08516196447230928,6,5,1,1-1,Separate / weak,Colombia - Venezuela
Czechia,Ecuador,0.15,0.45314247292332593,0.30314247292332597,10,13,1,2-2,Complementary,Czechia - Ecuador
Czechia,Finland,0.2777777777777778,0.4230715450611095,0.1452937672833317,10,13,1,2-2,Aligned,Czechia - Finland
Czechia,France,0.16666666666666666,0.43526707966363143,0.2686004129969648,10,18,0,2-3,Complementary,Czechia - France
Czechia,Germany,0.16,0.4135659479409479,0.2535659479409479,10,19,1,2-2,Complementary,Czechia - Germany
Czechia,India,0.21052631578947367,0.44579113150914423,0.23526481571967056,10,13,1,2-2,Complementary,Czechia - India
Czechia,Italy,0.25,0.4441259846475364,0.1941259846475364,10,15,1,2-2,Aligned,Czechia - Italy
Czechia,Japan,0.21052631578947367,0.40013084503956714,0.18960452925009347,10,13,1,2-2,Complementary,Czechia - Japan
Czechia,Korea (ROK),0.3,0.4057176911866114,0.1057176911866114,10,16,0,2-3,Aligned,Czechia - Korea (ROK)
Czechia,Netherlands,0.21052631578947367,0.3953879221691088,0.1848616063796351,10,13,1,2-2,Complementary,Czechia - Netherlands
Czechia,New Zealand,0.19230769230769232,0.375074377377009,0.18276668506931668,10,21,0,2-3,Separate / weak,Czechia - New Zealand
Czechia,Norway,0.2727272727272727,0.3921695402298851,0.11944226750261239,10,18,0,2-3,Aligned,Czechia - Norway
Czechia,Peru,0.35294117647058826,0.35789930350955756,0.004958127038969307,10,13,0,1-2,Separate / weak,Czechia - Peru
Czechia,Poland,0.16666666666666666,0.43925897718434015,0.2725923105176735,10,11,1,2-2,Complementary,Czechia - Poland
Czechia,Portugal,0.21428571428571427,0.4103653528489055,0.19607963856319124,10,7,0,1-2,Complementary,Czechia - Portugal
Czechia,Romania,0.35714285714285715,0.4263980263157895,0.06925516917293234,10,9,1,2-2,Aligned,Czechia - Romania
Czechia,Russian Federation,0.16,0.3924741270022577,0.2324741270022577,10,19,0,2-3,Complementary,Czechia - Russian Federation
Czechia,South Africa,0.2727272727272727,0.3966320419635582,0.12390476923628552,10,18,1,2-2,Aligned,Czechia - South Africa
Czechia,Spain,0.25,0.40714733542319753,0.15714733542319753,10,15,1,2-2,Aligned,Czechia - Spain
Czechia,Sweden,0.14285714285714285,0.4177054137085485,0.2748482708514057,10,14,1,2-2,Complementary,Czechia - Sweden
Czechia,Türkiye,0.23076923076923078,0.42033010848800323,0.18956087771877245,10,6,0,1-2,Aligned,Czechia - Türkiye
Czechia,Ukraine,0.3333333333333333,0.34414027149321263,0.01080693815987932,10,10,0,2-3,Separate / weak,Czechia - Ukraine
Czechia,United Kingdom,0.23076923076923078,0.3670600233100233,0.13629079254079252,10,22,0,2-3,Separate / weak,Czechia - United Kingdom
Czechia,United States,0.20833333333333334,0.3771680402930403,0.16883470695970695,10,19,0,2-3,Separate / weak,Czechia - United States
Czechia,Uruguay,0.22727272727272727,0.41441959381614557,0.1871468665434183,10,17,1,2-2,Aligned,Czechia - Uruguay
Czechia,Venezuela,0.15384615384615385,0.3961787135278514,0.24233255968169753,10,5,0,1-2,Complementary,Czechia - Venezuela
Ecuador,Finland,0.23809523809523808,0.4129208456017667,0.1748256075065286,13,13,1,2-2,Aligned,Ecuador - Finland
Ecuador,France,0.10714285714285714,0.45072689565336627,0.3435840385105091,13,18,0,2-3,Complementary,Ecuador - France
Ecuador,Germany,0.10344827586206896,0.4155629772085648,0.3121147013464958,13,19,1,2-2,Complementary,Ecuador - Germany
Ecuador,India,0.3,0.346421594953771,0.04642159495377102,13,13,1,2-2,Separate / weak,Ecuador - India
Ecuador,Italy,0.2727272727272727,0.3837228532274972,0.11099558050022451,13,15,1,2-2,Aligned,Ecuador - Italy
Ecuador,Japan,0.3,0.3670023999662434,0.06700239996624341,13,13,1,2-2,Separate / weak,Ecuador - Japan
Ecuador,Korea (ROK),0.2608695652173913,0.37934490432168455,0.11847533910429325,13,16,0,2-3,Separate / weak,Ecuador - Korea (ROK)
Ecuador,Netherlands,0.13043478260869565,0.4245134339344866,0.2940786513257909,13,13,1,2-2,Complementary,Ecuador - Netherlands
Ecuador,New Zealand,0.13333333333333333,0.3767590758318297,0.24342574249849638,13,21,0,2-3,Separate / weak,Ecuador - New Zealand
Ecuador,Norway,0.19230769230769232,0.36023341150808263,0.16792571920039032,13,18,0,2-3,Separate / weak,Ecuador - Norway
Ecuador,Peru,0.23809523809523808,0.4046883141368436,0.1665930760416055,13,13,0,1-2,Aligned,Ecuador - Peru
Ecuador,Poland,0.3333333333333333,0.3567116320212296,0.02337829868789626,13,11,1,2-2,Separate / weak,Ecuador - Poland
Ecuador,Portugal,0.17647058823529413,0.3400826058438554,0.16361201760856128,13,7,0,1-2,Separate / weak,Ecuador - Portugal
Ecuador,Romania,0.375,0.3917168607254814,0.016716860725481397,13,9,1,2-2,Aligned,Ecuador - Romania
Ecuador,Russian Federation,0.18518518518518517,0.37316760990833575,0.18798242472315058,13,19,0,2-3,Separate / weak,Ecuador - Russian Federation
Ecuador,South Africa,0.19230769230769232,0.39986417576182254,0.20755648345413022,13,18,1,2-2,Complementary,Ecuador - South Africa
Ecuador,Spain,0.2727272727272727,0.4094326511122176,0.1367053783849449,13,15,1,2-2,Aligned,Ecuador - Spain
Ecuador,Sweden,0.125,0.40730401948647094,0.28230401948647094,13,14,1,2-2,Complementary,Ecuador - Sweden
Ecuador,Türkiye,0.26666666666666666,0.3603026781395656,0.09363601147289896,13,6,0,1-2,Separate / weak,Ecuador - Türkiye
Ecuador,Ukraine,0.21052631578947367,0.4412624285630584,0.23073611277358475,13,10,0,2-3,Complementary,Ecuador - Ukraine
Ecuador,United Kingdom,0.20689655172413793,0.38580173424645703,0.1789051825223191,13,22,0,2-3,Complementary,Ecuador - United Kingdom
Ecuador,United States,0.14285714285714285,0.4134594741946349,0.27060233133749206,13,19,0,2-3,Complementary,Ecuador - United States
Ecuador,Uruguay,0.25,0.444316973133818,0.19431697313381802,13,17,1,2-2,Aligned,Ecuador - Uruguay
Ecuador,Venezuela,0.2,0.39528846153846153,0.19528846153846152,13,5,0,1-2,Complementary,Ecuador - Venezuela
Finland,France,0.2916666666666667,0.3709932213898932,0.07932655472322653,13,18,0,2-3,Separate / weak,Finland - France
Finland,Germany,0.23076923076923078,0.39007091668162447,0.1593016859123937,13,19,1,2-2,Aligned,Finland - Germany
Finland,India,0.3,0.37921815929168873,0.07921815929168874,13,13,1,2-2,Separate / weak,Finland - India
Finland,Italy,0.21739130434782608,0.40686818831323474,0.18947688396540865,13,15,1,2-2,Aligned,Finland - Italy
Finland,Japan,0.23809523809523808,0.3856109409166685,0.1475157028214304,13,13,1,2-2,Aligned,Finland - Japan
Finland,Korea (ROK),0.2608695652173913,0.37734902352549415,0.11647945830810286,13,16,0,2-3,Separate / weak,Finland - Korea (ROK)
Finland,Netherlands,0.3,0.3426906942386818,0.042690694238681826,13,13,1,2-2,Separate / weak,Finland - Netherlands
Finland,New Zealand,0.13333333333333333,0.37237527829676265,0.23904194496342931,13,21,0,2-3,Separate / weak,Finland - New Zealand
Finland,Norway,0.19230769230769232,0.3914961021355401,0.19918840982784777,13,18,0,2-3,Complementary,Finland - Norway
Finland,Peru,0.3684210526315789,0.34685086155674394,-0.021570191074834988,13,13,0,1-2,Separate / weak,Finland - Peru
Finland,Poland,0.09090909090909091,0.4223582579531777,0.3314491670440868,13,11,1,2-2,Complementary,Finland - Poland
Finland,Portugal,0.25,0.3715005166120785,0.1215005166120785,13,7,0,1-2,Separate / weak,Finland - Portugal
Finland,Romania,0.375,0.38173656660765654,0.006736566607656536,13,9,1,2-2,Aligned,Finland - Romania
Finland,Russian Federation,0.28,0.3633388541283278,0.08333885412832776,13,19,0,2-3,Separate / weak,Finland - Russian Federation
Finland,South Africa,0.19230769230769232,0.3975283318060244,0.2052206394983321,13,18,1,2-2,Complementary,Finland - South Africa
Finland,Spain,0.4,0.3797970265029088,-0.020202973497091214,13,15,1,2-2,Separate / weak,Finland - Spain
Finland,Sweden,0.2857142857142857,0.383572034583064,0.0978577488687783,13,14,1,2-2,Aligned,Finland - Sweden
Finland,Türkiye,0.26666666666666666,0.37423629268710407,0.1075696260204374,13,6,0,1-2,Separate / weak,Finland - Türkiye
Finland,Ukraine,0.21052631578947367,0.37632061928795135,0.16579430349847768,13,10,0,2-3,Separate / weak,Finland - Ukraine
Finland,United Kingdom,0.12903225806451613,0.37622020406563217,0.24718794600111604,13,22,0,2-3,Separate / weak,Finland - United Kingdom
Finland,United States,0.10344827586206896,0.381073783975757,0.277625508113688,13,19,0,2-3,Complementary,Finland - United States
Finland,Uruguay,0.42857142857142855,0.31456867435969604,-0.1140027542117325,13,17,1,2-2,Separate / weak,Finland - Uruguay
Finland,Venezuela,0.2857142857142857,0.19512095747389863,-0.09059332824038707,13,5,0,1-2,Separate / weak,Finland - Venezuela
France,Germany,0.32142857142857145,0.38317862239595446,0.06175005096738301,18,19,0,2-3,Aligned,France - Germany
France,India,0.14814814814814814,0.4219613961194014,0.2738132479712533,18,13,0,2-3,Complementary,France - India
France,Italy,0.32,0.4292852125944231,0.10928521259442309,18,15,0,2-3,Aligned,France - Italy
France,Japan,0.24,0.3855778739234622,0.14557787392346222,18,13,0,2-3,Aligned,France - Japan
France,Korea (ROK),0.3076923076923077,0.3734966332686921,0.06580432557638438,18,16,1,3-3,Separate / weak,France - Korea (ROK)
France,Netherlands,0.4090909090909091,0.35280145264665386,-0.05628945644425526,18,13,0,2-3,Separate / weak,France - Netherlands
France,New Zealand,0.3,0.3954000321996012,0.09540003219960119,18,21,1,3-3,Aligned,France - New Zealand
France,Norway,0.2,0.39039244746481594,0.19039244746481593,18,18,1,3-3,Complementary,France - Norway
France,Peru,0.2916666666666667,0.3491823832732924,0.05751571660662569,18,13,0,1-3,Separate / weak,France - Peru
France,Poland,0.20833333333333334,0.4211100946399529,0.21277676130661957,18,11,0,2-3,Complementary,France - Poland
France,Portugal,0.13636363636363635,0.39719193683453186,0.2608283004708955,18,7,0,1-3,Complementary,France - Portugal
France,Romania,0.17391304347826086,0.41765094101301,0.24373789753474912,18,9,0,2-3,Complementary,France - Romania
France,Russian Federation,0.37037037037037035,0.3594893702430467,-0.010881000127323626,18,19,1,3-3,Separate / weak,France - Russian Federation
France,South Africa,0.38461538461538464,0.3966402929178665,0.012024908302481874,18,18,0,2-3,Aligned,France - South Africa
France,Spain,0.2692307692307692,0.42979237319697844,0.16056160396620922,18,15,0,2-3,Aligned,France - Spain
France,Sweden,0.391304347826087,0.3478564661459398,-0.04344788168014718,18,14,0,2-3,Separate / weak,France - Sweden
France,Türkiye,0.043478260869565216,0.3984198928174274,0.3549416319478622,18,6,0,1-3,Complementary,France - Türkiye
France,Ukraine,0.16666666666666666,0.386845371841521,0.22017870517485436,18,10,1,3-3,Complementary,France - Ukraine
France,United Kingdom,0.3333333333333333,0.32566694577819066,-0.007666387555142651,18,22,1,3-3,Separate / weak,France - United Kingdom
France,United States,0.27586206896551724,0.41756340349189525,0.141701334526378,18,19,1,3-3,Aligned,France - United States
France,Uruguay,0.2962962962962963,0.3659220117114854,0.06962571541518914,18,17,0,2-3,Separate / weak,France - Uruguay
France,Venezuela,0.09523809523809523,0.34216079059829063,0.2469226953601954,18,5,0,1-3,Separate / weak,France - Venezuela
Germany,India,0.18518518518518517,0.4049264563514223,0.21974127116623715,19,13,1,2-2,Complementary,Germany - India
Germany,Italy,0.3076923076923077,0.4012977328621345,0.09360542516982678,19,15,1,2-2,Aligned,Germany - Italy
Germany,Japan,0.18518518518518517,0.3779040761580862,0.192718890972901,19,13,1,2-2,Separate / weak,Germany - Japan
Germany,Korea (ROK),0.20689655172413793,0.37511351954853284,0.1682169678243949,19,16,0,2-3,Separate / weak,Germany - Korea (ROK)
Germany,Netherlands,0.23076923076923078,0.37304785114505823,0.14227862037582745,19,13,1,2-2,Separate / weak,Germany - Netherlands
Germany,New Zealand,0.3333333333333333,0.3718814697670594,0.038548136433726066,19,21,0,2-3,Separate / weak,Germany - New Zealand
Germany,Norway,0.23333333333333334,0.3862853550794382,0.15295202174610484,19,18,0,2-3,Aligned,Germany - Norway
Germany,Peru,0.23076923076923078,0.36846611243162974,0.13769688166239896,19,13,0,1-2,Separate / weak,Germany - Peru
Germany,Poland,0.2,0.38593196986192346,0.18593196986192345,19,11,1,2-2,Complementary,Germany - Poland
Germany,Portugal,0.13043478260869565,0.34905348247598633,0.21861869986729068,19,7,0,1-2,Separate / weak,Germany - Portugal
Germany,Romania,0.07692307692307693,0.41030889070863574,0.3333858137855588,19,9,1,2-2,Complementary,Germany - Romania
Germany,Russian Federation,0.35714285714285715,0.37665165546290774,0.01950879832005059,19,19,0,2-3,Separate / weak,Germany - Russian Federation
Germany,South Africa,0.37037037037037035,0.37161744420938936,0.0012470738390190084,19,18,1,2-2,Separate / weak,Germany - South Africa
Germany,Spain,0.25925925925925924,0.41025606419020466,0.15099680493094542,19,15,1,2-2,Aligned,Germany - Spain
Germany,Sweden,0.2222222222222222,0.3805751253544396,0.1583529031322174,19,14,1,2-2,Separate / weak,Germany - Sweden
Germany,Türkiye,0.08695652173913043,0.373632441133807,0.28667591939467657,19,6,0,1-2,Separate / weak,Germany - Türkiye
Germany,Ukraine,0.20833333333333334,0.3554235155600701,0.14709018222673678,19,10,0,2-3,Separate / weak,Germany - Ukraine
Germany,United Kingdom,0.3225806451612903,0.36078461299049536,0.03820396782920504,19,22,0,2-3,Separate / weak,Germany - United Kingdom
Germany,United States,0.26666666666666666,0.3943361473642223,0.12766948069755563,19,19,0,2-3,Aligned,Germany - United States
Germany,Uruguay,0.2413793103448276,0.4108735312546564,0.16949422090982882,19,17,1,2-2,Aligned,Germany - Uruguay
Germany,Venezuela,0.043478260869565216,0.3620205026455027,0.3185422417759375,19,5,0,1-2,Separate / weak,Germany - Venezuela
India,Italy,0.3333333333333333,0.344806047495676,0.01147271416234269,13,15,1,2-2,Separate / weak,India - Italy
India,Japan,0.3,0.3919091744169143,0.09190917441691432,13,13,1,2-2,Aligned,India - Japan
India,Korea (ROK),0.38095238095238093,0.39990091323150534,0.018948532279124408,13,16,0,2-3,Aligned,India - Korea (ROK)
India,Netherlands,0.08333333333333333,0.41164924764699606,0.32831591431366275,13,13,1,2-2,Complementary,India - Netherlands
India,New Zealand,0.21428571428571427,0.3319016158746062,0.11761590158889193,13,21,0,2-3,Separate / weak,India - New Zealand
India,Norway,0.2916666666666667,0.3546178383020489,0.06295117163538222,13,18,0,2-3,Separate / weak,India - Norway
India,Peru,0.3,0.3433942528060175,0.0433942528060175,13,13,0,1-2,Separate / weak,India - Peru
India,Poland,0.3333333333333333,0.34628770739064857,0.012954374057315254,13,11,1,2-2,Separate / weak,India - Poland
India,Portugal,0.17647058823529413,0.337870676061599,0.16140008782630486,13,7,0,1-2,Separate / weak,India - Portugal
India,Romania,0.29411764705882354,0.4013580679755816,0.10724042091675806,13,9,1,2-2,Aligned,India - Romania
India,Russian Federation,0.28,0.37445358187134503,0.094453581871345,13,19,0,2-3,Separate / weak,India - Russian Federation
India,South Africa,0.14814814814814814,0.407437805357697,0.2592896572095489,13,18,1,2-2,Complementary,India - South Africa
India,Spain,0.16666666666666666,0.37943090679686514,0.21276424013019848,13,15,1,2-2,Separate / weak,India - Spain
India,Sweden,0.17391304347826086,0.40258865622681417,0.2286756127485533,13,14,1,2-2,Complementary,India - Sweden
India,Türkiye,0.35714285714285715,0.3231560022127974,-0.03398685493005976,13,6,0,1-2,Separate / weak,India - Türkiye
India,Ukraine,0.15,0.4049647341022381,0.2549647341022381,13,10,0,2-3,Complementary,India - Ukraine
India,United Kingdom,0.12903225806451613,0.3913521778245676,0.2623199197600515,13,22,0,2-3,Complementary,India - United Kingdom
India,United States,0.18518518518518517,0.39937566237008426,0.2141904771848991,13,19,0,2-3,Complementary,India - United States
India,Uruguay,0.30434782608695654,0.41383247454300087,0.10948464845604433,13,17,1,2-2,Aligned,India - Uruguay
India,Venezuela,0.2,0.30164835164835163,0.10164835164835162,13,5,0,1-2,Separate / weak,India - Venezuela
Italy,Japan,0.4,0.4011772219009061,0.001177221900906078,15,13,1,2-2,Aligned,Italy - Japan
Italy,Korea (ROK),0.47619047619047616,0.331500319426016,-0.14469015676446018,15,16,0,2-3,Separate / weak,Italy - Korea (ROK)
Italy,Netherlands,0.3333333333333333,0.3736511752136752,0.040317841880341876,15,13,1,2-2,Separate / weak,Italy - Netherlands
Italy,New Zealand,0.2,0.4005892768252115,0.2005892768252115,15,21,0,2-3,Complementary,Italy - New Zealand
Italy,Norway,0.17857142857142858,0.38610383432555373,0.20753240575412515,15,18,0,2-3,Complementary,Italy - Norway
Italy,Peru,0.4,0.35198601398601403,-0.04801398601398599,15,13,0,1-2,Separate / weak,Italy - Peru
Italy,Poland,0.3,0.3605595488103228,0.06055954881032283,15,11,1,2-2,Separate / weak,Italy - Poland
Italy,Portugal,0.1,0.3590908615935613,0.2590908615935613,15,7,0,1-2,Separate / weak,Italy - Portugal
Italy,Romania,0.2,0.4244327118737282,0.2244327118737282,15,9,1,2-2,Complementary,Italy - Romania
Italy,Russian Federation,0.25925925925925924,0.4360139623341055,0.17675470307484625,15,19,0,2-3,Aligned,Italy - Russian Federation
Italy,South Africa,0.43478260869565216,0.3624939692982456,-0.07228863939740654,15,18,1,2-2,Separate / weak,Italy - South Africa
Italy,Spain,0.30434782608695654,0.3775718613494349,0.07322403526247834,15,15,1,2-2,Separate / weak,Italy - Spain
Italy,Sweden,0.2608695652173913,0.3854049188148453,0.12453535359745399,15,14,1,2-2,Aligned,Italy - Sweden
Italy,Türkiye,0.16666666666666666,0.402228514719507,0.23556184805284033,15,6,0,1-2,Complementary,Italy - Türkiye
Italy,Ukraine,0.19047619047619047,0.4469306825184568,0.25645449204226634,15,10,0,2-3,Complementary,Italy - Ukraine
Italy,United Kingdom,0.15625,0.38667470617884303,0.23042470617884303,15,22,0,2-3,Complementary,Italy - United Kingdom
Italy,United States,0.36,0.28071517562896875,-0.07928482437103124,15,19,0,2-3,Separate / weak,Italy - United States
Italy,Uruguay,0.3333333333333333,0.43237297789929363,0.09903964456596032,15,17,1,2-2,Aligned,Italy - Uruguay
Italy,Venezuela,0.17647058823529413,0.28700396825396823,0.1105333800186741,15,5,0,1-2,Separate / weak,Italy - Venezuela
Japan,Korea (ROK),0.45,0.3363950387847447,-0.11360496121525532,13,16,0,2-3,Separate / weak,Japan - Korea (ROK)
Japan,Netherlands,0.3,0.3616303864203024,0.061630386420302385,13,13,1,2-2,Separate / weak,Japan - Netherlands
Japan,New Zealand,0.13333333333333333,0.37392940831394983,0.2405960749806165,13,21,0,2-3,Separate / weak,Japan - New Zealand
Japan,Norway,0.14814814814814814,0.35299142801520067,0.20484327986705253,13,18,0,2-3,Separate / weak,Japan - Norway
Japan,Peru,0.3,0.36700796107916855,0.06700796107916857,13,13,0,1-2,Separate / weak,Japan - Peru
Japan,Poland,0.09090909090909091,0.41583915883451483,0.3249300679254239,13,11,1,2-2,Complementary,Japan - Poland
Japan,Portugal,0.05263157894736842,0.38675370076482357,0.33412212181745515,13,7,0,1-2,Complementary,Japan - Portugal
Japan,Romania,0.29411764705882354,0.40516205367041414,0.1110444066115906,13,9,1,2-2,Aligned,Japan - Romania
Japan,Russian Federation,0.391304347826087,0.3398224153297683,-0.05148193249631866,13,19,0,2-3,Separate / weak,Japan - Russian Federation
Japan,South Africa,0.34782608695652173,0.3459661319073084,-0.0018599550492133243,13,18,1,2-2,Separate / weak,Japan - South Africa
Japan,Spain,0.21739130434782608,0.4038610610558172,0.18646975670799112,13,15,1,2-2,Aligned,Japan - Spain
Japan,Sweden,0.17391304347826086,0.3975691654120447,0.2236561219337838,13,14,1,2-2,Complementary,Japan - Sweden
Japan,Türkiye,0.11764705882352941,0.4029325607571772,0.28528550193364777,13,6,0,1-2,Complementary,Japan - Türkiye
Japan,Ukraine,0.2777777777777778,0.3636099137931035,0.08583213601532569,13,10,0,2-3,Separate / weak,Japan - Ukraine
Japan,United Kingdom,0.09375,0.3913538464400267,0.2976038464400267,13,22,0,2-3,Complementary,Japan - United Kingdom
Japan,United States,0.23076923076923078,0.3514796640230343,0.12071043325380354,13,19,0,2-3,Separate / weak,Japan - United States
Japan,Uruguay,0.42857142857142855,0.4182249561583927,-0.010346472413035823,13,17,1,2-2,Aligned,Japan - Uruguay
Japan,Venezuela,0.2,0.41252747252747257,0.21252747252747256,13,5,0,1-2,Complementary,Japan - Venezuela
Korea (ROK),Netherlands,0.16,0.3727053509212952,0.2127053509212952,16,13,0,2-3,Separate / weak,Korea (ROK) - Netherlands
Korea (ROK),New Zealand,0.15625,0.3859482540846888,0.2296982540846888,16,21,1,3-3,Complementary,Korea (ROK) - New Zealand
Korea (ROK),Norway,0.1724137931034483,0.3807468290818493,0.20833303597840103,16,18,1,3-3,Separate / weak,Korea (ROK) - Norway
Korea (ROK),Peru,0.38095238095238093,0.3616204146730463,-0.019331966279334645,16,13,0,1-3,Separate / weak,Korea (ROK) - Peru
Korea (ROK),Poland,0.2857142857142857,0.34165892221813277,0.05594463650384707,16,11,0,2-3,Separate / weak,Korea (ROK) - Poland
Korea (ROK),Portugal,0.15,0.33594246167823055,0.18594246167823056,16,7,0,1-3,Separate / weak,Korea (ROK) - Portugal
Korea (ROK),Romania,0.3157894736842105,0.44280562397372747,0.12701615028951696,16,9,0,2-3,Aligned,Korea (ROK) - Romania
Korea (ROK),Russian Federation,0.4,0.3859213934213934,-0.0140786065786066,16,19,1,3-3,Aligned,Korea (ROK) - Russian Federation
Korea (ROK),South Africa,0.3076923076923077,0.3790905448717949,0.07139823717948718,16,18,0,2-3,Separate / weak,Korea (ROK) - South Africa
Korea (ROK),Spain,0.2916666666666667,0.38047414634585686,0.08880747967919017,16,15,0,2-3,Separate / weak,Korea (ROK) - Spain
Korea (ROK),Sweden,0.2,0.3897310097310097,0.1897310097310097,16,14,0,2-3,Complementary,Korea (ROK) - Sweden
Korea (ROK),Türkiye,0.15789473684210525,0.3798799762976373,0.22198523945553206,16,6,0,1-3,Separate / weak,Korea (ROK) - Türkiye
Korea (ROK),Ukraine,0.23809523809523808,0.375248040099113,0.13715280200387492,16,10,1,3-3,Separate / weak,Korea (ROK) - Ukraine
Korea (ROK),United Kingdom,0.1875,0.3611142203701471,0.17361422037014712,16,22,1,3-3,Separate / weak,Korea (ROK) - United Kingdom
Korea (ROK),United States,0.25,0.3666526918360705,0.11665269183607052,16,19,1,3-3,Separate / weak,Korea (ROK) - United States
Korea (ROK),Uruguay,0.43478260869565216,0.37578731811703947,-0.05899529057861269,16,17,0,2-3,Separate / weak,Korea (ROK) - Uruguay
Korea (ROK),Venezuela,0.23529411764705882,0.23490971747550693,-0.00038440017155189077,16,5,0,1-3,Separate / weak,Korea (ROK) - Venezuela
Netherlands,New Zealand,0.21428571428571427,0.37715241237179953,0.16286669808608525,13,21,0,2-3,Separate / weak,Netherlands - New Zealand
Netherlands,Norway,0.24,0.3709435376714789,0.13094353767147893,13,18,0,2-3,Separate / weak,Netherlands - Norway
Netherlands,Peru,0.23809523809523808,0.3495086875843455,0.11141344948910742,13,13,0,1-2,Separate / weak,Netherlands - Peru
Netherlands,Poland,0.043478260869565216,0.4163593500797448,0.3728810892101796,13,11,1,2-2,Complementary,Netherlands - Poland
Netherlands,Portugal,0.05263157894736842,0.38793673865101486,0.33530515970364644,13,7,0,1-2,Complementary,Netherlands - Portugal
Netherlands,Romania,0.15789473684210525,0.38861521116512043,0.23072047432301518,13,9,1,2-2,Complementary,Netherlands - Romania
Netherlands,Russian Federation,0.18518518518518517,0.37529463133247415,0.19010944614728897,13,19,0,2-3,Separate / weak,Netherlands - Russian Federation
Netherlands,South Africa,0.4090909090909091,0.3114221670142723,-0.09766874207663684,13,18,1,2-2,Separate / weak,Netherlands - South Africa
Netherlands,Spain,0.2727272727272727,0.4014039419186478,0.1286766691913751,13,15,1,2-2,Aligned,Netherlands - Spain
Netherlands,Sweden,0.35,0.38168449197860965,0.031684491978609675,13,14,1,2-2,Aligned,Netherlands - Sweden
Netherlands,Türkiye,0.05555555555555555,0.3974488517899429,0.34189329623438736,13,6,0,1-2,Complementary,Netherlands - Türkiye
Netherlands,Ukraine,0.2777777777777778,0.38146953621091556,0.10369175843313777,13,10,0,2-3,Aligned,Netherlands - Ukraine
Netherlands,United Kingdom,0.16666666666666666,0.362127529257279,0.19546086259061232,13,22,0,2-3,Separate / weak,Netherlands - United Kingdom
Netherlands,United States,0.23076923076923078,0.36016337702189627,0.1293941462526655,13,19,0,2-3,Separate / weak,Netherlands - United States
Netherlands,Uruguay,0.30434782608695654,0.3735203174018964,0.06917249131493985,13,17,1,2-2,Separate / weak,Netherlands - Uruguay
Netherlands,Venezuela,0.125,0.324493561993562,0.199493561993562,13,5,0,1-2,Separate / weak,Netherlands - Venezuela
New Zealand,Norway,0.5,0.3333972323049002,-0.1666027676950998,21,18,1,3-3,Separate / weak,New Zealand - Norway
New Zealand,Peru,0.13333333333333333,0.3306643172768934,0.19733098394356005,21,13,0,1-3,Separate / weak,New Zealand - Peru
New Zealand,Poland,0.18518518518518517,0.3424567131201376,0.15727152793495242,21,11,0,2-3,Separate / weak,New Zealand - Poland
New Zealand,Portugal,0.07692307692307693,0.3539742056189425,0.27705112869586557,21,7,0,1-3,Separate / weak,New Zealand - Portugal
New Zealand,Romania,0.15384615384615385,0.2936979686979687,0.13985181485181486,21,9,0,2-3,Separate / weak,New Zealand - Romania
New Zealand,Russian Federation,0.25,0.36922390518786713,0.11922390518786713,21,19,1,3-3,Separate / weak,New Zealand - Russian Federation
New Zealand,South Africa,0.21875,0.35902729622173246,0.14027729622173246,21,18,0,2-3,Separate / weak,New Zealand - South Africa
New Zealand,Spain,0.125,0.4087388525358866,0.2837388525358866,21,15,0,2-3,Complementary,New Zealand - Spain
New Zealand,Sweden,0.20689655172413793,0.3840872754929583,0.17719072376882036,21,14,0,2-3,Complementary,New Zealand - Sweden
New Zealand,Türkiye,0.08,0.34048988936759833,0.2604898893675983,21,6,0,1-3,Separate / weak,New Zealand - Türkiye
New Zealand,Ukraine,0.19230769230769232,0.3639437134502924,0.1716360211426001,21,10,1,3-3,Separate / weak,New Zealand - Ukraine
New Zealand,United Kingdom,0.3870967741935484,0.3515966467217757,-0.03550012747177267,21,22,1,3-3,Separate / weak,New Zealand - United Kingdom
New Zealand,United States,0.25,0.40209016522987384,0.15209016522987384,21,19,1,3-3,Aligned,New Zealand - United States
New Zealand,Uruguay,0.15151515151515152,0.36405786353254027,0.21254271201738875,21,17,0,2-3,Separate / weak,New Zealand - Uruguay
New Zealand,Venezuela,0.0,0.344311367340924,0.344311367340924,21,5,0,1-3,Separate / weak,New Zealand - Venezuela
Norway,Peru,0.10714285714285714,0.3604841355325102,0.25334127838965304,18,13,0,1-3,Separate / weak,Norway - Peru
Norway,Poland,0.2608695652173913,0.38751489592279065,0.12664533070539935,18,11,0,2-3,Aligned,Norway - Poland
Norway,Portugal,0.08695652173913043,0.3997451077639088,0.3127885860247784,18,7,0,1-3,Complementary,Norway - Portugal
Norway,Romania,0.125,0.3806182121971596,0.2556182121971596,18,9,0,2-3,Separate / weak,Norway - Romania
Norway,Russian Federation,0.27586206896551724,0.32277862746129,0.04691655849577275,18,19,1,3-3,Separate / weak,Norway - Russian Federation
Norway,South Africa,0.2413793103448276,0.3620089428350053,0.12062963249017769,18,18,0,2-3,Separate / weak,Norway - South Africa
Norway,Spain,0.17857142857142858,0.37531077689279047,0.1967393483213619,18,15,0,2-3,Separate / weak,Norway - Spain
Norway,Sweden,0.28,0.33290361599185136,0.05290361599185134,18,14,0,2-3,Separate / weak,Norway - Sweden
Norway,Türkiye,0.09090909090909091,0.3870132502384941,0.29610415932940315,18,6,0,1-3,Complementary,Norway - Türkiye
Norway,Ukraine,0.21739130434782608,0.3549832797531347,0.13759197540530863,18,10,1,3-3,Separate / weak,Norway - Ukraine
Norway,United Kingdom,0.3793103448275862,0.34234343281342183,-0.036966912014164355,18,22,1,3-3,Separate / weak,Norway - United Kingdom
Norway,United States,0.27586206896551724,0.37482120802702124,0.098959139061504,18,19,1,3-3,Separate / weak,Norway - United States
Norway,Uruguay,0.12903225806451613,0.3888426690500101,0.25981041098549396,18,17,0,2-3,Complementary,Norway - Uruguay
Norway,Venezuela,0.045454545454545456,0.3507191338073691,0.3052645883528236,18,5,0,1-3,Separate / weak,Norway - Venezuela
Peru,Poland,0.2,0.3536384040795806,0.15363840407958057,13,11,0,1-2,Separate / weak,Peru - Poland
Peru,Portugal,0.17647058823529413,0.31941937001470466,0.14294878177941053,13,7,1,1-1,Separate / weak,Peru - Portugal
Peru,Romania,0.29411764705882354,0.35651483496686404,0.0623971879080405,13,9,0,1-2,Separate / weak,Peru - Romania
Peru,Russian Federation,0.28,0.3482338467632585,0.0682338467632585,13,19,0,1-3,Separate / weak,Peru - Russian Federation
Peru,South Africa,0.34782608695652173,0.3574640637140637,0.009637976757541966,13,18,0,1-2,Separate / weak,Peru - South Africa
Peru,Spain,0.21739130434782608,0.38782859848484846,0.17043729413702238,13,15,0,1-2,Aligned,Peru - Spain
Peru,Sweden,0.22727272727272727,0.345371314642148,0.11809858736942072,13,14,0,1-2,Separate / weak,Peru - Sweden
Peru,Türkiye,0.1875,0.3989109254504792,0.21141092545047918,13,6,1,1-1,Complementary,Peru - Türkiye
Peru,Ukraine,0.21052631578947367,0.3590227096525805,0.1484963938631068,13,10,0,1-3,Separate / weak,Peru - Ukraine
Peru,United Kingdom,0.12903225806451613,0.3871522326350446,0.2581199745705285,13,22,0,1-3,Complementary,Peru - United Kingdom
Peru,United States,0.23076923076923078,0.3639877983480524,0.1332185675788216,13,19,0,1-3,Separate / weak,Peru - United States
Peru,Uruguay,0.5,0.37903762903762905,-0.12096237096237095,13,17,0,1-2,Separate / weak,Peru - Uruguay
Peru,Venezuela,0.2857142857142857,0.3589914551679258,0.0732771694536401,13,5,1,1-1,Separate / weak,Peru - Venezuela
Poland,Portugal,0.2,0.3843073054818744,0.1843073054818744,11,7,0,1-2,Complementary,Poland - Portugal
Poland,Romania,0.17647058823529413,0.40821051371244205,0.23173992547714792,11,9,1,2-2,Complementary,Poland - Romania
Poland,Russian Federation,0.15384615384615385,0.410198885222105,0.25635273137595116,11,19,0,2-3,Complementary,Poland - Russian Federation
Poland,South Africa,0.16,0.429337377663616,0.269337377663616,11,18,1,2-2,Complementary,Poland - South Africa
Poland,Spain,0.3,0.36508540192750716,0.06508540192750717,11,15,1,2-2,Separate / weak,Poland - Spain
Poland,Sweden,0.13636363636363635,0.38556902353029743,0.24920538716666107,11,14,1,2-2,Complementary,Poland - Sweden
Poland,Türkiye,0.0625,0.40821104731982016,0.34571104731982016,11,6,0,1-2,Complementary,Poland - Türkiye
Poland,Ukraine,0.05,0.4295220563522848,0.3795220563522848,11,10,0,2-3,Complementary,Poland - Ukraine
Poland,United Kingdom,0.2692307692307692,0.38049867374005303,0.11126790450928381,11,22,0,2-3,Separate / weak,Poland - United Kingdom
Poland,United States,0.2,0.416048389375295,0.21604838937529497,11,19,0,2-3,Complementary,Poland - United States
Poland,Uruguay,0.16666666666666666,0.417701874710984,0.25103520804431734,11,17,1,2-2,Complementary,Poland - Uruguay
Poland,Venezuela,0.14285714285714285,0.36235754985754987,0.21950040700040702,11,5,0,1-2,Separate / weak,Poland - Venezuela
Portugal,Romania,0.14285714285714285,0.3669511034078703,0.22409396055072744,7,9,0,1-2,Separate / weak,Portugal - Romania
Portugal,Russian Federation,0.04,0.3514555799866598,0.31145557998665985,7,19,0,1-3,Separate / weak,Portugal - Russian Federation
Portugal,South Africa,0.041666666666666664,0.3880771594868958,0.3464104928202291,7,18,0,1-2,Complementary,Portugal - South Africa
Portugal,Spain,0.15789473684210525,0.4015632236537409,0.24366848681163567,7,15,0,1-2,Complementary,Portugal - Spain
Portugal,Sweden,0.16666666666666666,0.3506605076891721,0.18399384102250546,7,14,0,1-2,Separate / weak,Portugal - Sweden
Portugal,Türkiye,0.18181818181818182,0.32789592760180997,0.14607774578362814,7,6,1,1-1,Separate / weak,Portugal - Türkiye
Portugal,Ukraine,0.0625,0.36664085484518927,0.30414085484518927,7,10,0,1-3,Separate / weak,Portugal - Ukraine
Portugal,United Kingdom,0.11538461538461539,0.35137483130904185,0.23599021592442646,7,22,0,1-3,Separate / weak,Portugal - United Kingdom
Portugal,United States,0.08333333333333333,0.3749176391204255,0.2915843057870922,7,19,0,1-3,Separate / weak,Portugal - United States
Portugal,Uruguay,0.14285714285714285,0.3694971361575864,0.22663999330044354,7,17,0,1-2,Separate / weak,Portugal - Uruguay
Portugal,Venezuela,0.2,0.3507420740179361,0.1507420740179361,7,5,1,1-1,Separate / weak,Portugal - Venezuela
Romania,Russian Federation,0.21739130434782608,0.403888782273218,0.18649747792539192,9,19,0,2-3,Aligned,Romania - Russian Federation
Romania,South Africa,0.17391304347826086,0.40120931399922805,0.22729627052096718,9,18,1,2-2,Complementary,Romania - South Africa
Romania,Spain,0.2631578947368421,0.41132791618544795,0.14817002144860586,9,15,1,2-2,Aligned,Romania - Spain
Romania,Sweden,0.09523809523809523,0.4296490635675073,0.3344109683294121,9,14,1,2-2,Complementary,Romania - Sweden
Romania,Türkiye,0.15384615384615385,0.4186698561003349,0.26482370225418106,9,6,0,1-2,Complementary,Romania - Türkiye
Romania,Ukraine,0.26666666666666666,0.3360631145170619,0.06939644785039523,9,10,0,2-3,Separate / weak,Romania - Ukraine
Romania,United Kingdom,0.10714285714285714,0.3611187788819368,0.2539759217390796,9,22,0,2-3,Separate / weak,Romania - United Kingdom
Romania,United States,0.07692307692307693,0.39538483188637985,0.3184617549633029,9,19,0,2-3,Complementary,Romania - United States
Romania,Uruguay,0.3,0.38535843727849994,0.08535843727849995,9,17,1,2-2,Aligned,Romania - Uruguay
Romania,Venezuela,0.16666666666666666,0.4017304534545914,0.23506378678792475,9,5,0,1-2,Complementary,Romania - Venezuela
Russian Federation,South Africa,0.4230769230769231,0.3133268079959256,-0.10975011508099747,19,18,0,2-3,Separate / weak,Russian Federation - South Africa
Russian Federation,Spain,0.21428571428571427,0.417611609743665,0.20332589545795074,19,15,0,2-3,Complementary,Russian Federation - Spain
Russian Federation,Sweden,0.2692307692307692,0.34858968507658245,0.07935891584581323,19,14,0,2-3,Separate / weak,Russian Federation - Sweden
Russian Federation,Türkiye,0.08695652173913043,0.3779708157409443,0.2910142940018139,19,6,0,1-3,Separate / weak,Russian Federation - Türkiye
Russian Federation,Ukraine,0.20833333333333334,0.399041873041019,0.19070853970768567,19,10,1,3-3,Complementary,Russian Federation - Ukraine
Russian Federation,United Kingdom,0.24242424242424243,0.34848005817660527,0.10605581575236284,19,22,1,3-3,Separate / weak,Russian Federation - United Kingdom
Russian Federation,United States,0.15151515151515152,0.4010571603852537,0.24954200887010217,19,19,1,3-3,Complementary,Russian Federation - United States
Russian Federation,Uruguay,0.2857142857142857,0.3832400844925472,0.09752579877826151,19,17,0,2-3,Aligned,Russian Federation - Uruguay
Russian Federation,Venezuela,0.14285714285714285,0.26167582417582413,0.11881868131868129,19,5,0,1-3,Separate / weak,Russian Federation - Venezuela
South Africa,Spain,0.2222222222222222,0.40949426465777095,0.18727204243554874,18,15,1,2-2,Aligned,South Africa - Spain
South Africa,Sweden,0.23076923076923078,0.3635948768616145,0.13282564609238373,18,14,1,2-2,Separate / weak,South Africa - Sweden
South Africa,Türkiye,0.09090909090909091,0.4094125751877033,0.3185034842786124,18,6,0,1-2,Complementary,South Africa - Türkiye
South Africa,Ukraine,0.21739130434782608,0.3940921384227672,0.1767008340749411,18,10,0,2-3,Aligned,South Africa - Ukraine
South Africa,United Kingdom,0.3333333333333333,0.3378107609091382,0.004477427575804882,18,22,0,2-3,Separate / weak,South Africa - United Kingdom
South Africa,United States,0.37037037037037035,0.3743732306450326,0.004002860274662234,18,19,0,2-3,Separate / weak,South Africa - United States
South Africa,Uruguay,0.34615384615384615,0.4141208283066835,0.06796698215283736,18,17,1,2-2,Aligned,South Africa - Uruguay
South Africa,Venezuela,0.09523809523809523,0.3621022206959707,0.26686412545787547,18,5,0,1-2,Separate / weak,South Africa - Venezuela
Spain,Sweden,0.3181818181818182,0.4324936224489796,0.11431180426716142,15,14,1,2-2,Aligned,Spain - Sweden
Spain,Türkiye,0.05,0.3845261626251404,0.3345261626251404,15,6,0,1-2,Complementary,Spain - Türkiye
Spain,Ukraine,0.13636363636363635,0.4130978134160183,0.27673417705238196,15,10,0,2-3,Complementary,Spain - Ukraine
Spain,United Kingdom,0.23333333333333334,0.38423516966468285,0.15090183633134951,15,22,0,2-3,Aligned,Spain - United Kingdom
Spain,United States,0.21428571428571427,0.3571953007551385,0.14290958646942423,15,19,0,2-3,Separate / weak,Spain - United States
Spain,Uruguay,0.28,0.39103778677462886,0.11103778677462883,15,17,1,2-2,Aligned,Spain - Uruguay
Spain,Venezuela,0.17647058823529413,0.3209325396825397,0.14446195144724558,15,5,0,1-2,Separate / weak,Spain - Venezuela
Sweden,Türkiye,0.0,0.3774037785340764,0.3774037785340764,14,6,0,1-2,Separate / weak,Sweden - Türkiye
Sweden,Ukraine,0.14285714285714285,0.3996525582633693,0.25679541540622647,14,10,0,2-3,Complementary,Sweden - Ukraine
Sweden,United Kingdom,0.16129032258064516,0.34952519538244453,0.18823487280179937,14,22,0,2-3,Separate / weak,Sweden - United Kingdom
Sweden,United States,0.17857142857142858,0.41062687955309657,0.232055450981668,14,19,0,2-3,Complementary,Sweden - United States
Sweden,Uruguay,0.24,0.36297074635890425,0.12297074635890426,14,17,1,2-2,Separate / weak,Sweden - Uruguay
Sweden,Venezuela,0.11764705882352941,0.309478021978022,0.19183096315449258,14,5,0,1-2,Separate / weak,Sweden - Venezuela
Türkiye,Ukraine,0.23076923076923078,0.39041933298899245,0.15965010221976167,6,10,0,1-3,Aligned,Türkiye - Ukraine
Türkiye,United Kingdom,0.07692307692307693,0.33965512622052874,0.2627320492974518,6,22,0,1-3,Separate / weak,Türkiye - United Kingdom
Türkiye,United States,0.041666666666666664,0.3896931979555819,0.3480265312889152,6,19,0,1-3,Complementary,Türkiye - United States
Türkiye,Uruguay,0.21052631578947367,0.3540581727224278,0.14353185693295412,6,17,0,1-2,Separate / weak,Türkiye - Uruguay
Türkiye,Venezuela,0.2222222222222222,0.2773443594944609,0.05512213727223869,6,5,1,1-1,Separate / weak,Türkiye - Venezuela
Ukraine,United Kingdom,0.23076923076923078,0.3724508044844732,0.14168157371524243,10,22,1,3-3,Separate / weak,Ukraine - United Kingdom
Ukraine,United States,0.11538461538461539,0.41342378005980945,0.2980391646751941,10,19,1,3-3,Complementary,Ukraine - United States
Ukraine,Uruguay,0.22727272727272727,0.3998965291615019,0.17262380188877466,10,17,0,2-3,Aligned,Ukraine - Uruguay
Ukraine,Venezuela,0.07142857142857142,0.3674064249926319,0.2959778535640605,10,5,0,1-3,Separate / weak,Ukraine - Venezuela
United Kingdom,United States,0.41379310344827586,0.3918143939393939,-0.021978709508881977,22,19,1,3-3,Aligned,United Kingdom - United States
United Kingdom,Uruguay,0.18181818181818182,0.3655696322842098,0.18375145046602798,22,17,0,2-3,Separate / weak,United Kingdom - Uruguay
United Kingdom,Venezuela,0.0,0.37078219194598505,0.37078219194598505,22,5,0,1-3,Separate / weak,United Kingdom - Venezuela
United States,Uruguay,0.2413793103448276,0.3761037987010617,0.1347244883562341,19,17,0,2-3,Separate / weak,United States - Uruguay
United States,Venezuela,0.043478260869565216,0.38083216671578746,0.33735390584622227,19,5,0,1-3,Complementary,United States - Venezuela
Uruguay,Venezuela,0.2222222222222222,0.36249361062054564,0.14027138839832343,17,5,0,1-2,Separate / weak,Uruguay - Venezuela
