draw,pair_key,pair_label,null_mean_jaccard
0,1-1,R1-R1,0.07698586074254524
0,1-2,R1-R2,0.10252045838362674
0,1-3,R1-R3,0.10629042821135565
0,2-2,R2-R2,0.1906548328153048
0,2-3,R2-R3,0.2151415236946711
0,3-3,R3-R3,0.24352497631554276
1,1-1,R1-R1,0.0862622980604264
1,1-2,R1-R2,0.11861782664301067
1,1-3,R1-R3,0.11265803781240485
1,2-2,R2-R2,0.18351339313375242
1,2-3,R2-R3,0.20733315307023725
1,3-3,R3-R3,0.2296379782337099
2,1-1,R1-R1,0.08929820947833896
2,1-2,R1-R2,0.11977798354350247
2,1-3,R1-R3,0.11414849844830667
2,2-2,R2-R2,0.19351014287295257
2,2-3,R2-R3,0.19800982622356966
2,3-3,R3-R3,0.22948936641822196
3,1-1,R1-R1,0.08404348795391575
3,1-2,R1-R2,0.11353298419779516
3,1-3,R1-R3,0.11568833871041878
3,2-2,R2-R2,0.18666034419777378
3,2-3,R2-R3,0.2101864119356071
3,3-3,R3-R3,0.23305190539659834
4,1-1,R1-R1,0.06729373782392357
4,1-2,R1-R2,0.11056088831171218
4,1-3,R1-R3,0.10001446732787451
4,2-2,R2-R2,0.193312121305299
4,2-3,R2-R3,0.20905145738655945
4,3-3,R3-R3,0.24800286785563166
5,1-1,R1-R1,0.08512670757956432
5,1-2,R1-R2,0.1020986796477333
5,1-3,R1-R3,0.10824164711447189
5,2-2,R2-R2,0.19494900362173292
5,2-3,R2-R3,0.21571707692922973
5,3-3,R3-R3,0.2234075651984726
6,1-1,R1-R1,0.08605749932797498
6,1-2,R1-R2,0.11340289707611366
6,1-3,R1-R3,0.11166930302306903
6,2-2,R2-R2,0.1960246937769756
6,2-3,R2-R3,0.2013244136219082
6,3-3,R3-R3,0.23120318297569467
7,1-1,R1-R1,0.08393032249984121
7,1-2,R1-R2,0.10889041133749472
7,1-3,R1-R3,0.12028257847305479
7,2-2,R2-R2,0.1838438527941207
7,2-3,R2-R3,0.20885016265980544
7,3-3,R3-R3,0.2449090609736242
8,1-1,R1-R1,0.08971549560664394
8,1-2,R1-R2,0.11233816458548584
8,1-3,R1-R3,0.12143100120848122
8,2-2,R2-R2,0.1914007058626933
8,2-3,R2-R3,0.20065955763190763
8,3-3,R3-R3,0.24213579206496566
9,1-1,R1-R1,0.10348162062734256
9,1-2,R1-R2,0.12008377004263358
9,1-3,R1-R3,0.11164905683349964
9,2-2,R2-R2,0.1906659090619142
9,2-3,R2-R3,0.20385373091958417
9,3-3,R3-R3,0.21189438777654082
10,1-1,R1-R1,0.07577204064503529
10,1-2,R1-R2,0.10913747509135334
10,1-3,R1-R3,0.11405424362200595
10,2-2,R2-R2,0.19153815256663448
10,2-3,R2-R3,0.21220462079829877
10,3-3,R3-R3,0.22632972942098675
11,1-1,R1-R1,0.1038795837258404
11,1-2,R1-R2,0.1282895955695091
11,1-3,R1-R3,0.12033919496064997
11,2-2,R2-R2,0.18275504468955278
11,2-3,R2-R3,0.2023429290372984
11,3-3,R3-R3,0.22388132347391043
12,1-1,R1-R1,0.07668554089008633
12,1-2,R1-R2,0.11235390938689907
12,1-3,R1-R3,0.11346130261386819
12,2-2,R2-R2,0.18283264401663385
12,2-3,R2-R3,0.21242747827023326
12,3-3,R3-R3,0.24601920929940904
13,1-1,R1-R1,0.07847864405351036
13,1-2,R1-R2,0.10787846365120453
13,1-3,R1-R3,0.11511549714273937
13,2-2,R2-R2,0.19347026726613772
13,2-3,R2-R3,0.2073460199956613
13,3-3,R3-R3,0.2218174930753234
14,1-1,R1-R1,0.06558337303834066
14,1-2,R1-R2,0.11188813483314823
14,1-3,R1-R3,0.12193556530784733
14,2-2,R2-R2,0.1833510716606573
14,2-3,R2-R3,0.21281293886042776
14,3-3,R3-R3,0.24495433900029376
15,1-1,R1-R1,0.07658435963917247
15,1-2,R1-R2,0.10675011880408183
15,1-3,R1-R3,0.12186898708534545
15,2-2,R2-R2,0.18958669642140336
15,2-3,R2-R3,0.20876644212068562
15,3-3,R3-R3,0.24298042767233918
16,1-1,R1-R1,0.08139709616982344
16,1-2,R1-R2,0.10889679059503597
16,1-3,R1-R3,0.12373226108361234
16,2-2,R2-R2,0.18938956325265058
16,2-3,R2-R3,0.207734270162345
16,3-3,R3-R3,0.23688990116691866
17,1-1,R1-R1,0.07632088400804979
17,1-2,R1-R2,0.11299369476321809
17,1-3,R1-R3,0.11643362789231704
17,2-2,R2-R2,0.1996691326695774
17,2-3,R2-R3,0.2041580840176978
17,3-3,R3-R3,0.23032460017993941
18,1-1,R1-R1,0.10419276579035935
18,1-2,R1-R2,0.11817156349719375
18,1-3,R1-R3,0.12371484306998844
18,2-2,R2-R2,0.18097260161528297
18,2-3,R2-R3,0.20698102919946365
18,3-3,R3-R3,0.22278265343743966
19,1-1,R1-R1,0.06902701297930681
19,1-2,R1-R2,0.11304885350929152
19,1-3,R1-R3,0.12146510664452231
19,2-2,R2-R2,0.18004850983567344
19,2-3,R2-R3,0.21115623785483117
19,3-3,R3-R3,0.25332456643832146
20,1-1,R1-R1,0.0911089875662068
20,1-2,R1-R2,0.12122213379535271
20,1-3,R1-R3,0.12114441197659431
20,2-2,R2-R2,0.18996080081888045
20,2-3,R2-R3,0.20003350268011422
20,3-3,R3-R3,0.22054219175213294
21,1-1,R1-R1,0.08483860877788545
21,1-2,R1-R2,0.12168809393053066
21,1-3,R1-R3,0.1135683846051703
21,2-2,R2-R2,0.18280000200838797
21,2-3,R2-R3,0.20414210189361512
21,3-3,R3-R3,0.25452735060831966
22,1-1,R1-R1,0.09151029699158042
22,1-2,R1-R2,0.12863662053736227
22,1-3,R1-R3,0.12106717803886477
22,2-2,R2-R2,0.1820595260998368
22,2-3,R2-R3,0.20347738635448614
22,3-3,R3-R3,0.22910840488648598
23,1-1,R1-R1,0.09699262165839706
23,1-2,R1-R2,0.11424789493527714
23,1-3,R1-R3,0.1145987501881773
23,2-2,R2-R2,0.1942578127989072
23,2-3,R2-R3,0.19928996869375717
23,3-3,R3-R3,0.2207491215035473
24,1-1,R1-R1,0.08290371244916697
24,1-2,R1-R2,0.1112186941965202
24,1-3,R1-R3,0.1209626131320752
24,2-2,R2-R2,0.1858963994211155
24,2-3,R2-R3,0.20900734064266283
24,3-3,R3-R3,0.23155818469127704
25,1-1,R1-R1,0.07866925731230542
25,1-2,R1-R2,0.11168555500750278
25,1-3,R1-R3,0.12682073485146791
25,2-2,R2-R2,0.18399545907122017
25,2-3,R2-R3,0.20853132842712666
25,3-3,R3-R3,0.24616962193145678
26,1-1,R1-R1,0.09297723839836139
26,1-2,R1-R2,0.11545729721701241
26,1-3,R1-R3,0.12065090009014486
26,2-2,R2-R2,0.19424193663759298
26,2-3,R2-R3,0.20126525599340633
26,3-3,R3-R3,0.22333393256892833
27,1-1,R1-R1,0.08905886151875456
27,1-2,R1-R2,0.11601155897492767
27,1-3,R1-R3,0.1145417975365857
27,2-2,R2-R2,0.18677436642783657
27,2-3,R2-R3,0.20687396171280154
27,3-3,R3-R3,0.23241656794910803
28,1-1,R1-R1,0.09030980648803615
28,1-2,R1-R2,0.10782026029504241
28,1-3,R1-R3,0.12077475352427225
28,2-2,R2-R2,0.17901315035046184
28,2-3,R2-R3,0.2114067456421986
28,3-3,R3-R3,0.2699734901618734
29,1-1,R1-R1,0.09153897293145816
29,1-2,R1-R2,0.1203547448934554
29,1-3,R1-R3,0.11555992967928924
29,2-2,R2-R2,0.19020131605731683
29,2-3,R2-R3,0.2016181963787137
29,3-3,R3-R3,0.22435636568708892
30,1-1,R1-R1,0.06502103931916767
30,1-2,R1-R2,0.10936230248973024
30,1-3,R1-R3,0.12326874578786305
30,2-2,R2-R2,0.18218422908204784
30,2-3,R2-R3,0.2112454141953731
30,3-3,R3-R3,0.25618147883429554
31,1-1,R1-R1,0.09973337616350561
31,1-2,R1-R2,0.10505897690715281
31,1-3,R1-R3,0.12581653302122373
31,2-2,R2-R2,0.18220666457488263
31,2-3,R2-R3,0.21200543895382654
31,3-3,R3-R3,0.2521018507922923
32,1-1,R1-R1,0.06408528958662647
32,1-2,R1-R2,0.11049400205766487
32,1-3,R1-R3,0.11630346280852787
32,2-2,R2-R2,0.19151875981532912
32,2-3,R2-R3,0.20557749502976214
32,3-3,R3-R3,0.23453890257533427
33,1-1,R1-R1,0.07714935712930365
33,1-2,R1-R2,0.11332771503659982
33,1-3,R1-R3,0.12034331058544304
33,2-2,R2-R2,0.18069640801581258
33,2-3,R2-R3,0.2110457954941786
33,3-3,R3-R3,0.24980698698907963
34,1-1,R1-R1,0.0800236157188029
34,1-2,R1-R2,0.11430752847837859
34,1-3,R1-R3,0.11958420186878148
34,2-2,R2-R2,0.18152766913100082
34,2-3,R2-R3,0.20797372002212552
34,3-3,R3-R3,0.2557162740854392
35,1-1,R1-R1,0.08314412579998001
35,1-2,R1-R2,0.10743510724430096
35,1-3,R1-R3,0.1211301282976734
35,2-2,R2-R2,0.1896804406835666
35,2-3,R2-R3,0.206121780694382
35,3-3,R3-R3,0.23096165411461214
36,1-1,R1-R1,0.09666484733329654
36,1-2,R1-R2,0.12010260141700173
36,1-3,R1-R3,0.12225578810284393
36,2-2,R2-R2,0.18661909738946186
36,2-3,R2-R3,0.20515977183943043
36,3-3,R3-R3,0.23484398926683375
37,1-1,R1-R1,0.06584194425103516
37,1-2,R1-R2,0.1103865003062375
37,1-3,R1-R3,0.12261067048370183
37,2-2,R2-R2,0.1871756100125359
37,2-3,R2-R3,0.2093902069381687
37,3-3,R3-R3,0.23065244804897025
38,1-1,R1-R1,0.09833407457070557
38,1-2,R1-R2,0.10912426133538677
38,1-3,R1-R3,0.12216474081801963
38,2-2,R2-R2,0.19135955801377572
38,2-3,R2-R3,0.20485224975313307
38,3-3,R3-R3,0.24054119908860633
39,1-1,R1-R1,0.08252801491437856
39,1-2,R1-R2,0.11476319173816793
39,1-3,R1-R3,0.11863427401239522
39,2-2,R2-R2,0.18443475273153054
39,2-3,R2-R3,0.20451885926596744
39,3-3,R3-R3,0.2397528003573918
40,1-1,R1-R1,0.07074365796924198
40,1-2,R1-R2,0.10705666659660902
40,1-3,R1-R3,0.10740736102561559
40,2-2,R2-R2,0.19523672668671746
40,2-3,R2-R3,0.2068697757231793
40,3-3,R3-R3,0.23075670851439212
41,1-1,R1-R1,0.10507712726964064
41,1-2,R1-R2,0.11292700123896762
41,1-3,R1-R3,0.11468774689068938
41,2-2,R2-R2,0.18825476989274267
41,2-3,R2-R3,0.20871600884690397
41,3-3,R3-R3,0.22123184253797396
42,1-1,R1-R1,0.07791942410926367
42,1-2,R1-R2,0.12316216483790149
42,1-3,R1-R3,0.11116682448717613
42,2-2,R2-R2,0.1869558750575122
42,2-3,R2-R3,0.20439508831087688
42,3-3,R3-R3,0.23387373721434626
43,1-1,R1-R1,0.06922265907102665
43,1-2,R1-R2,0.11847318673089643
43,1-3,R1-R3,0.12538073443118047
43,2-2,R2-R2,0.18620373269552468
43,2-3,R2-R3,0.2054614928914802
43,3-3,R3-R3,0.22800773258720106
44,1-1,R1-R1,0.06563852189028095
44,1-2,R1-R2,0.11108811899794813
44,1-3,R1-R3,0.1149922621448179
44,2-2,R2-R2,0.19100904082586007
44,2-3,R2-R3,0.20900366762040298
44,3-3,R3-R3,0.23227257464673792
45,1-1,R1-R1,0.07534132905122211
45,1-2,R1-R2,0.11674175914561284
45,1-3,R1-R3,0.1111700577004505
45,2-2,R2-R2,0.19298767617985613
45,2-3,R2-R3,0.20493755842777187
45,3-3,R3-R3,0.2346851249565124
46,1-1,R1-R1,0.1136916005495375
46,1-2,R1-R2,0.1177079964685798
46,1-3,R1-R3,0.1253687732261097
46,2-2,R2-R2,0.1791197808777413
46,2-3,R2-R3,0.20478172039318898
46,3-3,R3-R3,0.24575523437376515
47,1-1,R1-R1,0.059196588884528646
47,1-2,R1-R2,0.1056775641352693
47,1-3,R1-R3,0.12064874061926378
47,2-2,R2-R2,0.18405545508261836
47,2-3,R2-R3,0.21366963228721098
47,3-3,R3-R3,0.2515018563671045
48,1-1,R1-R1,0.09476301913678778
48,1-2,R1-R2,0.10253739842770163
48,1-3,R1-R3,0.13095807575393176
48,2-2,R2-R2,0.1918657988069981
48,2-3,R2-R3,0.20693593666849996
48,3-3,R3-R3,0.23263004288405267
49,1-1,R1-R1,0.11507486399830898
49,1-2,R1-R2,0.11120899273207495
49,1-3,R1-R3,0.12700993743545175
49,2-2,R2-R2,0.17777773123565438
49,2-3,R2-R3,0.2113766350898094
49,3-3,R3-R3,0.2398538957445453
50,1-1,R1-R1,0.056330471045148774
50,1-2,R1-R2,0.11059856006119623
50,1-3,R1-R3,0.11585081760963674
50,2-2,R2-R2,0.1885488569382774
50,2-3,R2-R3,0.21257226755566613
50,3-3,R3-R3,0.24245572401339913
51,1-1,R1-R1,0.08375638646360573
51,1-2,R1-R2,0.11921083892520133
51,1-3,R1-R3,0.12637179920127092
51,2-2,R2-R2,0.18176386235843722
51,2-3,R2-R3,0.20595417757404472
51,3-3,R3-R3,0.24479570028308953
52,1-1,R1-R1,0.06543960842089183
52,1-2,R1-R2,0.10921220670193385
52,1-3,R1-R3,0.11386208892973627
52,2-2,R2-R2,0.1875700067398015
52,2-3,R2-R3,0.21392371209792663
52,3-3,R3-R3,0.2377326125704322
53,1-1,R1-R1,0.08130690142018597
53,1-2,R1-R2,0.113916049457118
53,1-3,R1-R3,0.11476635456649624
53,2-2,R2-R2,0.18863081288789102
53,2-3,R2-R3,0.20957247706057616
53,3-3,R3-R3,0.21782516615470604
54,1-1,R1-R1,0.06401157667165268
54,1-2,R1-R2,0.10702682669797847
54,1-3,R1-R3,0.11404598319477229
54,2-2,R2-R2,0.19131352911639216
54,2-3,R2-R3,0.21030728753811487
54,3-3,R3-R3,0.23006337649244568
55,1-1,R1-R1,0.07834968029697835
55,1-2,R1-R2,0.1154838767236219
55,1-3,R1-R3,0.12170925874452594
55,2-2,R2-R2,0.1772780141325636
55,2-3,R2-R3,0.20860814642548403
55,3-3,R3-R3,0.25094863699756736
56,1-1,R1-R1,0.09062115931310977
56,1-2,R1-R2,0.11985108958497813
56,1-3,R1-R3,0.12438730239142196
56,2-2,R2-R2,0.18628797756098764
56,2-3,R2-R3,0.20648053008072614
56,3-3,R3-R3,0.22758588814126068
57,1-1,R1-R1,0.06978910127305848
57,1-2,R1-R2,0.11122999485520792
57,1-3,R1-R3,0.11899387402535114
57,2-2,R2-R2,0.18953476841448932
57,2-3,R2-R3,0.20872349163101758
57,3-3,R3-R3,0.23135150820987477
58,1-1,R1-R1,0.09591170366571436
58,1-2,R1-R2,0.1161587330271719
58,1-3,R1-R3,0.13022058328440275
58,2-2,R2-R2,0.17771200867132322
58,2-3,R2-R3,0.20589519960451436
58,3-3,R3-R3,0.23815192900878612
59,1-1,R1-R1,0.08580344071654233
59,1-2,R1-R2,0.11235420399192501
59,1-3,R1-R3,0.12080592110850702
59,2-2,R2-R2,0.18332085908766366
59,2-3,R2-R3,0.2090925633111154
59,3-3,R3-R3,0.24898828160351988
60,1-1,R1-R1,0.0921577704331715
60,1-2,R1-R2,0.11532084731616289
60,1-3,R1-R3,0.11968006553792929
60,2-2,R2-R2,0.18834947807795757
60,2-3,R2-R3,0.20239945847374463
60,3-3,R3-R3,0.23086788994917512
61,1-1,R1-R1,0.07274538346695679
61,1-2,R1-R2,0.11879772081693125
61,1-3,R1-R3,0.11961361656011135
61,2-2,R2-R2,0.1903588765351758
61,2-3,R2-R3,0.2057842301951204
61,3-3,R3-R3,0.22260776855790337
62,1-1,R1-R1,0.06366821088711042
62,1-2,R1-R2,0.11233989960216093
62,1-3,R1-R3,0.10783524834078069
62,2-2,R2-R2,0.19539287571610475
62,2-3,R2-R3,0.20682879417648664
62,3-3,R3-R3,0.22879711586039514
63,1-1,R1-R1,0.0760851015195935
63,1-2,R1-R2,0.11658894930875234
63,1-3,R1-R3,0.12238908676572496
63,2-2,R2-R2,0.1831030392007391
63,2-3,R2-R3,0.21067093090252578
63,3-3,R3-R3,0.24097082318787486
64,1-1,R1-R1,0.08893056925353575
64,1-2,R1-R2,0.10868524327440458
64,1-3,R1-R3,0.11137202469990748
64,2-2,R2-R2,0.19016879307024925
64,2-3,R2-R3,0.20887550806720045
64,3-3,R3-R3,0.22448422979271984
65,1-1,R1-R1,0.07087817882568798
65,1-2,R1-R2,0.10565066853190655
65,1-3,R1-R3,0.11738097948279173
65,2-2,R2-R2,0.1970255202447834
65,2-3,R2-R3,0.20581645808697346
65,3-3,R3-R3,0.22989474983230448
66,1-1,R1-R1,0.07632247802702348
66,1-2,R1-R2,0.1153761683205696
66,1-3,R1-R3,0.11487343677827057
66,2-2,R2-R2,0.1860632042687356
66,2-3,R2-R3,0.2079262431702024
66,3-3,R3-R3,0.2389739296366833
67,1-1,R1-R1,0.08585041816290058
67,1-2,R1-R2,0.11164185366182126
67,1-3,R1-R3,0.11892252777964367
67,2-2,R2-R2,0.18248040655539535
67,2-3,R2-R3,0.21082000689020317
67,3-3,R3-R3,0.23715785994555239
68,1-1,R1-R1,0.06975017820781963
68,1-2,R1-R2,0.10511415994154369
68,1-3,R1-R3,0.1141515100241039
68,2-2,R2-R2,0.19229338946231062
68,2-3,R2-R3,0.20875755935682644
68,3-3,R3-R3,0.24358920754561847
69,1-1,R1-R1,0.09783680495578892
69,1-2,R1-R2,0.10774929532878093
69,1-3,R1-R3,0.11326563948663432
69,2-2,R2-R2,0.1820582945307954
69,2-3,R2-R3,0.2163162554073733
69,3-3,R3-R3,0.2356803031215297
70,1-1,R1-R1,0.08305814952838596
70,1-2,R1-R2,0.10762471164962067
70,1-3,R1-R3,0.11569312463316297
70,2-2,R2-R2,0.18779370069584939
70,2-3,R2-R3,0.21181466080244324
70,3-3,R3-R3,0.2274604664201174
71,1-1,R1-R1,0.07848521799056557
71,1-2,R1-R2,0.1014965025356253
71,1-3,R1-R3,0.11644606664701405
71,2-2,R2-R2,0.19616918371379527
71,2-3,R2-R3,0.20792570505427457
71,3-3,R3-R3,0.25093086064041675
72,1-1,R1-R1,0.08851389499785224
72,1-2,R1-R2,0.11366197868940299
72,1-3,R1-R3,0.11864661240581996
72,2-2,R2-R2,0.18925474323015587
72,2-3,R2-R3,0.2066351259390508
72,3-3,R3-R3,0.23427697954117288
73,1-1,R1-R1,0.0764660522681913
73,1-2,R1-R2,0.11500417125822307
73,1-3,R1-R3,0.12829530613024928
73,2-2,R2-R2,0.18714363627848155
73,2-3,R2-R3,0.20344099850910244
73,3-3,R3-R3,0.24530416533267765
74,1-1,R1-R1,0.076852846104183
74,1-2,R1-R2,0.1089413171599596
74,1-3,R1-R3,0.11774871035437186
74,2-2,R2-R2,0.1895399117510573
74,2-3,R2-R3,0.2071227257445243
74,3-3,R3-R3,0.24082664795262682
75,1-1,R1-R1,0.0727077042585064
75,1-2,R1-R2,0.11347054945066419
75,1-3,R1-R3,0.12073162251968765
75,2-2,R2-R2,0.19535818403562075
75,2-3,R2-R3,0.20296680366457295
75,3-3,R3-R3,0.21398945628699803
76,1-1,R1-R1,0.08322825538910537
76,1-2,R1-R2,0.11356232599837537
76,1-3,R1-R3,0.11624894368591941
76,2-2,R2-R2,0.18017437215076723
76,2-3,R2-R3,0.214859454804805
76,3-3,R3-R3,0.245119206448515
77,1-1,R1-R1,0.06532590743996597
77,1-2,R1-R2,0.10703155765156697
77,1-3,R1-R3,0.11506237634267394
77,2-2,R2-R2,0.18385470773509083
77,2-3,R2-R3,0.2141276585305873
77,3-3,R3-R3,0.2568758997470711
78,1-1,R1-R1,0.0839115389671258
78,1-2,R1-R2,0.1196809161751489
78,1-3,R1-R3,0.1256556060455802
78,2-2,R2-R2,0.1879410942465255
78,2-3,R2-R3,0.19876720702893474
78,3-3,R3-R3,0.23653408553770539
79,1-1,R1-R1,0.08646139214321033
79,1-2,R1-R2,0.11696051532874649
79,1-3,R1-R3,0.11703040957889638
79,2-2,R2-R2,0.18502343648956196
79,2-3,R2-R3,0.20234822967549979
79,3-3,R3-R3,0.23582719795468415
80,1-1,R1-R1,0.08379641865780339
80,1-2,R1-R2,0.11600505558979408
80,1-3,R1-R3,0.12537001451311314
80,2-2,R2-R2,0.18430917892549684
80,2-3,R2-R3,0.2061099148576239
80,3-3,R3-R3,0.2341210422788884
81,1-1,R1-R1,0.06669867344297403
81,1-2,R1-R2,0.11389967871493278
81,1-3,R1-R3,0.11764634584089312
81,2-2,R2-R2,0.18283205514197
81,2-3,R2-R3,0.21132442906796514
81,3-3,R3-R3,0.2411835777753974
82,1-1,R1-R1,0.09434803288412913
82,1-2,R1-R2,0.1131850566548795
82,1-3,R1-R3,0.11943447039174476
82,2-2,R2-R2,0.1839704701574194
82,2-3,R2-R3,0.2122003423955284
82,3-3,R3-R3,0.2268563371964523
83,1-1,R1-R1,0.0717402608779614
83,1-2,R1-R2,0.11252929882631835
83,1-3,R1-R3,0.11834408611995147
83,2-2,R2-R2,0.1881616867487797
83,2-3,R2-R3,0.20710212186295202
83,3-3,R3-R3,0.24545085116237
84,1-1,R1-R1,0.07489071262466984
84,1-2,R1-R2,0.1186094750365141
84,1-3,R1-R3,0.12278373810073906
84,2-2,R2-R2,0.1799067493413853
84,2-3,R2-R3,0.21230667823591823
84,3-3,R3-R3,0.23177510285602196
85,1-1,R1-R1,0.09275214783236173
85,1-2,R1-R2,0.10984255721786187
85,1-3,R1-R3,0.11336072616428271
85,2-2,R2-R2,0.19236062767683806
85,2-3,R2-R3,0.2088031575249951
85,3-3,R3-R3,0.21713250062944667
86,1-1,R1-R1,0.08644016157561049
86,1-2,R1-R2,0.11857740163476431
86,1-3,R1-R3,0.12814070419262066
86,2-2,R2-R2,0.18159499651102645
86,2-3,R2-R3,0.20280284648117677
86,3-3,R3-R3,0.2404308954324124
87,1-1,R1-R1,0.06154284539979727
87,1-2,R1-R2,0.11124990714582601
87,1-3,R1-R3,0.10410805984449906
87,2-2,R2-R2,0.18768207424782893
87,2-3,R2-R3,0.20974323698944855
87,3-3,R3-R3,0.2575405878907122
88,1-1,R1-R1,0.09013917356163346
88,1-2,R1-R2,0.119235657746581
88,1-3,R1-R3,0.1211887331697705
88,2-2,R2-R2,0.19403867641582948
88,2-3,R2-R3,0.20304075227066387
88,3-3,R3-R3,0.20957291886320684
89,1-1,R1-R1,0.10650831021820324
89,1-2,R1-R2,0.1243531867443639
89,1-3,R1-R3,0.1322703133054459
89,2-2,R2-R2,0.179146727776923
89,2-3,R2-R3,0.20060550124612184
89,3-3,R3-R3,0.23698196389367993
90,1-1,R1-R1,0.0975882925749236
90,1-2,R1-R2,0.11229196597491758
90,1-3,R1-R3,0.12968851619382454
90,2-2,R2-R2,0.1784131886850486
90,2-3,R2-R3,0.20814156145105772
90,3-3,R3-R3,0.24349804768514227
91,1-1,R1-R1,0.07097200706122744
91,1-2,R1-R2,0.11356502182378614
91,1-3,R1-R3,0.11867742522323013
91,2-2,R2-R2,0.18270500775634688
91,2-3,R2-R3,0.20934636003571286
91,3-3,R3-R3,0.24873903882066903
92,1-1,R1-R1,0.0919747253637628
92,1-2,R1-R2,0.11377993024143847
92,1-3,R1-R3,0.13083081633551544
92,2-2,R2-R2,0.17503625852180404
92,2-3,R2-R3,0.21016654805634763
92,3-3,R3-R3,0.24966109271263592
93,1-1,R1-R1,0.08198638606392616
93,1-2,R1-R2,0.11631202512487307
93,1-3,R1-R3,0.13001147455417555
93,2-2,R2-R2,0.18054236281577096
93,2-3,R2-R3,0.2061842496827872
93,3-3,R3-R3,0.24216068222097212
94,1-1,R1-R1,0.0819462746601784
94,1-2,R1-R2,0.11424983883108895
94,1-3,R1-R3,0.1088771427214303
94,2-2,R2-R2,0.1941815682108212
94,2-3,R2-R3,0.20702398916632397
94,3-3,R3-R3,0.2356408670224846
95,1-1,R1-R1,0.07652142618720159
95,1-2,R1-R2,0.10736483150734792
95,1-3,R1-R3,0.11592736632952683
95,2-2,R2-R2,0.18818033024374242
95,2-3,R2-R3,0.21321430869553712
95,3-3,R3-R3,0.22530771940339084
96,1-1,R1-R1,0.10141501150859439
96,1-2,R1-R2,0.12313199116112228
96,1-3,R1-R3,0.12464702533048147
96,2-2,R2-R2,0.18226795289766592
96,2-3,R2-R3,0.19683837310242072
96,3-3,R3-R3,0.2536827705835143
97,1-1,R1-R1,0.06852737989981164
97,1-2,R1-R2,0.11789931332300282
97,1-3,R1-R3,0.1110396569954225
97,2-2,R2-R2,0.19120387779075235
97,2-3,R2-R3,0.20782052681337987
97,3-3,R3-R3,0.22490713196931997
98,1-1,R1-R1,0.08383293426038994
98,1-2,R1-R2,0.11316635519803085
98,1-3,R1-R3,0.11939469074846014
98,2-2,R2-R2,0.18521871605734921
98,2-3,R2-R3,0.20786011310399252
98,3-3,R3-R3,0.23692443233685312
99,1-1,R1-R1,0.07718243359250958
99,1-2,R1-R2,0.10750214937350958
99,1-3,R1-R3,0.12485647851971736
99,2-2,R2-R2,0.18381297461445606
99,2-3,R2-R3,0.20976470915948017
99,3-3,R3-R3,0.24351927464352696
100,1-1,R1-R1,0.13091446209761717
100,1-2,R1-R2,0.11772351579805296
100,1-3,R1-R3,0.11872265638127602
100,2-2,R2-R2,0.18517280174449668
100,2-3,R2-R3,0.20576671570825292
100,3-3,R3-R3,0.22500878546314404
101,1-1,R1-R1,0.0795795039778997
101,1-2,R1-R2,0.11381008229923596
101,1-3,R1-R3,0.12274975260053468
101,2-2,R2-R2,0.18314200881704165
101,2-3,R2-R3,0.20948937270183463
101,3-3,R3-R3,0.2492613968908604
102,1-1,R1-R1,0.08214352987080259
102,1-2,R1-R2,0.113286294235959
102,1-3,R1-R3,0.10814271294463643
102,2-2,R2-R2,0.18223704274161676
102,2-3,R2-R3,0.21441804895296843
102,3-3,R3-R3,0.23842242619056606
103,1-1,R1-R1,0.0757505479113979
103,1-2,R1-R2,0.11741579759307401
103,1-3,R1-R3,0.11639665207235428
103,2-2,R2-R2,0.18962344751191326
103,2-3,R2-R3,0.20803123042577173
103,3-3,R3-R3,0.22134514801713007
104,1-1,R1-R1,0.07261209032599407
104,1-2,R1-R2,0.11897899085728476
104,1-3,R1-R3,0.11474541298969416
104,2-2,R2-R2,0.1959030437316905
104,2-3,R2-R3,0.20033359270348633
104,3-3,R3-R3,0.2268904190428889
105,1-1,R1-R1,0.07837704111099834
105,1-2,R1-R2,0.11936081895810782
105,1-3,R1-R3,0.1101135392041946
105,2-2,R2-R2,0.18842296854250576
105,2-3,R2-R3,0.20637243958978777
105,3-3,R3-R3,0.22722046633168302
106,1-1,R1-R1,0.07759380985527904
106,1-2,R1-R2,0.11406149666535484
106,1-3,R1-R3,0.118063860075677
106,2-2,R2-R2,0.18076574213499783
106,2-3,R2-R3,0.21290246330168303
106,3-3,R3-R3,0.24683301404703376
107,1-1,R1-R1,0.0735419252464707
107,1-2,R1-R2,0.10499827203108444
107,1-3,R1-R3,0.12092901920766587
107,2-2,R2-R2,0.19756544286724081
107,2-3,R2-R3,0.20311884497765334
107,3-3,R3-R3,0.2334823245679327
108,1-1,R1-R1,0.08861125134520854
108,1-2,R1-R2,0.11201137840588629
108,1-3,R1-R3,0.12223415154386601
108,2-2,R2-R2,0.18850185909289305
108,2-3,R2-R3,0.20724141164702245
108,3-3,R3-R3,0.23675636220778265
109,1-1,R1-R1,0.08549335517918406
109,1-2,R1-R2,0.11420631866840497
109,1-3,R1-R3,0.10195717221191865
109,2-2,R2-R2,0.19841174006680803
109,2-3,R2-R3,0.2027575347790137
109,3-3,R3-R3,0.23608395938815566
110,1-1,R1-R1,0.08943646841374114
110,1-2,R1-R2,0.11649066588326702
110,1-3,R1-R3,0.12778745387304094
110,2-2,R2-R2,0.18658044356899312
110,2-3,R2-R3,0.1990693493200825
110,3-3,R3-R3,0.24533028977653976
111,1-1,R1-R1,0.09183092358226048
111,1-2,R1-R2,0.11150368364429031
111,1-3,R1-R3,0.1336785259430818
111,2-2,R2-R2,0.18073130850910393
111,2-3,R2-R3,0.20964130839747325
111,3-3,R3-R3,0.2315160323381606
112,1-1,R1-R1,0.07139048588879716
112,1-2,R1-R2,0.10839025971856349
112,1-3,R1-R3,0.1259063352709104
112,2-2,R2-R2,0.18756930090240387
112,2-3,R2-R3,0.20970456880575192
112,3-3,R3-R3,0.22880664109566934
113,1-1,R1-R1,0.0760209190690474
113,1-2,R1-R2,0.11257978050918682
113,1-3,R1-R3,0.1208044418432112
113,2-2,R2-R2,0.19416696345698908
113,2-3,R2-R3,0.20751291955149162
113,3-3,R3-R3,0.2149962448508121
114,1-1,R1-R1,0.08908635309036378
114,1-2,R1-R2,0.11721903878528254
114,1-3,R1-R3,0.12792097706033428
114,2-2,R2-R2,0.18948205390894246
114,2-3,R2-R3,0.20335247728056002
114,3-3,R3-R3,0.21621182557405844
115,1-1,R1-R1,0.06609763280886276
115,1-2,R1-R2,0.10604863529901609
115,1-3,R1-R3,0.11518817250058183
115,2-2,R2-R2,0.18539945223269536
115,2-3,R2-R3,0.21753457222243616
115,3-3,R3-R3,0.23674585019121852
116,1-1,R1-R1,0.07282852570285726
116,1-2,R1-R2,0.11353749091763306
116,1-3,R1-R3,0.12168697378626142
116,2-2,R2-R2,0.1867739282187875
116,2-3,R2-R3,0.2077999852934552
116,3-3,R3-R3,0.23443881945143744
117,1-1,R1-R1,0.07883664134543672
117,1-2,R1-R2,0.11241337994290047
117,1-3,R1-R3,0.12237438978518848
117,2-2,R2-R2,0.19062028887906257
117,2-3,R2-R3,0.20564695740425715
117,3-3,R3-R3,0.2339012394697277
118,1-1,R1-R1,0.07093226638681184
118,1-2,R1-R2,0.11245000347754937
118,1-3,R1-R3,0.1066578744379167
118,2-2,R2-R2,0.19903350268118214
118,2-3,R2-R3,0.20606722474562802
118,3-3,R3-R3,0.22059788700876343
119,1-1,R1-R1,0.08088032733754659
119,1-2,R1-R2,0.1145734704598316
119,1-3,R1-R3,0.121693640841175
119,2-2,R2-R2,0.18456871783445203
119,2-3,R2-R3,0.20495757006116347
119,3-3,R3-R3,0.23122004350376804
120,1-1,R1-R1,0.0982678801194844
120,1-2,R1-R2,0.1125610885132992
120,1-3,R1-R3,0.1307409872643786
120,2-2,R2-R2,0.18643280227398829
120,2-3,R2-R3,0.20468496444758666
120,3-3,R3-R3,0.22985975729014504
121,1-1,R1-R1,0.08939472862566022
121,1-2,R1-R2,0.12046297524264238
121,1-3,R1-R3,0.12306254457369738
121,2-2,R2-R2,0.18584762354838053
121,2-3,R2-R3,0.2024913111041017
121,3-3,R3-R3,0.2250599288868361
122,1-1,R1-R1,0.09515149010645774
122,1-2,R1-R2,0.10684714203576096
122,1-3,R1-R3,0.109958577892809
122,2-2,R2-R2,0.18865578782296327
122,2-3,R2-R3,0.21084676238806727
122,3-3,R3-R3,0.24144251800200783
123,1-1,R1-R1,0.07916187471668754
123,1-2,R1-R2,0.11612460252610819
123,1-3,R1-R3,0.11939326795496218
123,2-2,R2-R2,0.1786573878341503
123,2-3,R2-R3,0.21091247025134893
123,3-3,R3-R3,0.24199970115643651
124,1-1,R1-R1,0.09736155852466012
124,1-2,R1-R2,0.11832496542545122
124,1-3,R1-R3,0.12465532906002218
124,2-2,R2-R2,0.18644401827942014
124,2-3,R2-R3,0.20187905274603427
124,3-3,R3-R3,0.2325397935546427
125,1-1,R1-R1,0.0631302842532789
125,1-2,R1-R2,0.1063762763806331
125,1-3,R1-R3,0.12430677656498552
125,2-2,R2-R2,0.17303035992742802
125,2-3,R2-R3,0.21857349282794877
125,3-3,R3-R3,0.2803499235382174
126,1-1,R1-R1,0.0727076055882698
126,1-2,R1-R2,0.10903442767504996
126,1-3,R1-R3,0.11643185528596119
126,2-2,R2-R2,0.18482034568908084
126,2-3,R2-R3,0.21206276869241392
126,3-3,R3-R3,0.24619603536855797
127,1-1,R1-R1,0.07104859605739144
127,1-2,R1-R2,0.10898157175936522
127,1-3,R1-R3,0.12265677260413074
127,2-2,R2-R2,0.19828002940014075
127,2-3,R2-R3,0.20297424153620555
127,3-3,R3-R3,0.22541263600515546
128,1-1,R1-R1,0.06826485335139992
128,1-2,R1-R2,0.1068520264982198
128,1-3,R1-R3,0.11741176980842576
128,2-2,R2-R2,0.18146334817588483
128,2-3,R2-R3,0.2160965204495245
128,3-3,R3-R3,0.23852493837893546
129,1-1,R1-R1,0.07741414853714321
129,1-2,R1-R2,0.10986445850434465
129,1-3,R1-R3,0.11370313910613156
129,2-2,R2-R2,0.1883746724430176
129,2-3,R2-R3,0.2103610911231836
129,3-3,R3-R3,0.2622723531336813
130,1-1,R1-R1,0.07480131153259495
130,1-2,R1-R2,0.10643558986945825
130,1-3,R1-R3,0.12037848344801244
130,2-2,R2-R2,0.18671546789534443
130,2-3,R2-R3,0.2141510938467344
130,3-3,R3-R3,0.24085256397202884
131,1-1,R1-R1,0.07014847526211164
131,1-2,R1-R2,0.11285865950967003
131,1-3,R1-R3,0.11676440321574441
131,2-2,R2-R2,0.19032747616007945
131,2-3,R2-R3,0.20645048615703399
131,3-3,R3-R3,0.2405904578974778
132,1-1,R1-R1,0.07245895939077758
132,1-2,R1-R2,0.11079265025130226
132,1-3,R1-R3,0.10700538289314737
132,2-2,R2-R2,0.19002645679719937
132,2-3,R2-R3,0.20827128513693574
132,3-3,R3-R3,0.2398724303100499
133,1-1,R1-R1,0.1015093470237011
133,1-2,R1-R2,0.12347696500828392
133,1-3,R1-R3,0.11989557058165229
133,2-2,R2-R2,0.19020454838558104
133,2-3,R2-R3,0.20405408856481047
133,3-3,R3-R3,0.2226089880953154
134,1-1,R1-R1,0.09706892557828387
134,1-2,R1-R2,0.11885152231692234
134,1-3,R1-R3,0.12164842060442088
134,2-2,R2-R2,0.1855919311126128
134,2-3,R2-R3,0.2062466205881642
134,3-3,R3-R3,0.22647531981744842
135,1-1,R1-R1,0.072479563181083
135,1-2,R1-R2,0.11648183702754474
135,1-3,R1-R3,0.12191065614515398
135,2-2,R2-R2,0.18513646178249862
135,2-3,R2-R3,0.20740323836014615
135,3-3,R3-R3,0.22685891724173904
136,1-1,R1-R1,0.07159357650667811
136,1-2,R1-R2,0.10691125070299808
136,1-3,R1-R3,0.11747356494088754
136,2-2,R2-R2,0.19075984136709476
136,2-3,R2-R3,0.21252113772791748
136,3-3,R3-R3,0.2183633683245301
137,1-1,R1-R1,0.07719237832874197
137,1-2,R1-R2,0.11996274821235842
137,1-3,R1-R3,0.1287494014236495
137,2-2,R2-R2,0.17971749019611719
137,2-3,R2-R3,0.20735487011123105
137,3-3,R3-R3,0.23330935060813612
138,1-1,R1-R1,0.0811707899943194
138,1-2,R1-R2,0.11595897999699221
138,1-3,R1-R3,0.13606341053048354
138,2-2,R2-R2,0.17811817004055214
138,2-3,R2-R3,0.20708905980234343
138,3-3,R3-R3,0.2414517330688319
139,1-1,R1-R1,0.10213728538559666
139,1-2,R1-R2,0.11800627467515075
139,1-3,R1-R3,0.12580578327714645
139,2-2,R2-R2,0.18047437912881484
139,2-3,R2-R3,0.20951047584094112
139,3-3,R3-R3,0.23590620824852648
140,1-1,R1-R1,0.06514367366640095
140,1-2,R1-R2,0.11222315932302514
140,1-3,R1-R3,0.11237390817090599
140,2-2,R2-R2,0.1925471396234008
140,2-3,R2-R3,0.21210737665537768
140,3-3,R3-R3,0.21471631124972637
141,1-1,R1-R1,0.08585946881401427
141,1-2,R1-R2,0.11863150859976265
141,1-3,R1-R3,0.11225323027940205
141,2-2,R2-R2,0.18184560156034982
141,2-3,R2-R3,0.21370514598899717
141,3-3,R3-R3,0.24389904733526233
142,1-1,R1-R1,0.0987967098261216
142,1-2,R1-R2,0.10780709304774423
142,1-3,R1-R3,0.12048478085282606
142,2-2,R2-R2,0.18727982074102154
142,2-3,R2-R3,0.20842971511286623
142,3-3,R3-R3,0.237229436391005
143,1-1,R1-R1,0.09257276937758221
143,1-2,R1-R2,0.10778202963554351
143,1-3,R1-R3,0.12271040749999816
143,2-2,R2-R2,0.17942614454692402
143,2-3,R2-R3,0.21202548138024485
143,3-3,R3-R3,0.2500460571733077
144,1-1,R1-R1,0.10618988730619747
144,1-2,R1-R2,0.11778474551760468
144,1-3,R1-R3,0.11689808501099547
144,2-2,R2-R2,0.19140490907225996
144,2-3,R2-R3,0.20089577256036997
144,3-3,R3-R3,0.21133016264871474
145,1-1,R1-R1,0.06710087571683405
145,1-2,R1-R2,0.10990755331240094
145,1-3,R1-R3,0.11247471029689778
145,2-2,R2-R2,0.1858334755597809
145,2-3,R2-R3,0.20865968965917916
145,3-3,R3-R3,0.24549322604678964
146,1-1,R1-R1,0.07780001737220987
146,1-2,R1-R2,0.11472173384075601
146,1-3,R1-R3,0.12513364574514294
146,2-2,R2-R2,0.17982896211722654
146,2-3,R2-R3,0.21097279334825614
146,3-3,R3-R3,0.2481870932623568
147,1-1,R1-R1,0.08858321812867267
147,1-2,R1-R2,0.10668349828898857
147,1-3,R1-R3,0.1275832893001744
147,2-2,R2-R2,0.1861641443280745
147,2-3,R2-R3,0.21188241953157785
147,3-3,R3-R3,0.25392960450348634
148,1-1,R1-R1,0.07127253902866061
148,1-2,R1-R2,0.11585377250028508
148,1-3,R1-R3,0.1070858997975204
148,2-2,R2-R2,0.19267620667082433
148,2-3,R2-R3,0.20646049322124643
148,3-3,R3-R3,0.23664439597390513
149,1-1,R1-R1,0.08770066675357978
149,1-2,R1-R2,0.10664543327407229
149,1-3,R1-R3,0.1181911692678012
149,2-2,R2-R2,0.18071305519474823
149,2-3,R2-R3,0.21733914340783578
149,3-3,R3-R3,0.2502632001466092
150,1-1,R1-R1,0.07819371656270052
150,1-2,R1-R2,0.1104161273949265
150,1-3,R1-R3,0.12661281265689997
150,2-2,R2-R2,0.18061729393580625
150,2-3,R2-R3,0.2040901834270298
150,3-3,R3-R3,0.2708106965010915
151,1-1,R1-R1,0.0903585261539807
151,1-2,R1-R2,0.11524006551047658
151,1-3,R1-R3,0.11094373160534061
151,2-2,R2-R2,0.18599285371519692
151,2-3,R2-R3,0.20780447711633782
151,3-3,R3-R3,0.2344772868096074
152,1-1,R1-R1,0.0893195843413969
152,1-2,R1-R2,0.11741361502454913
152,1-3,R1-R3,0.1217813991794088
152,2-2,R2-R2,0.17977493255271643
152,2-3,R2-R3,0.21241940374413187
152,3-3,R3-R3,0.2381547672538491
153,1-1,R1-R1,0.07433011012556467
153,1-2,R1-R2,0.11461574305283542
153,1-3,R1-R3,0.11403904792542227
153,2-2,R2-R2,0.19179977370267046
153,2-3,R2-R3,0.20681255386670844
153,3-3,R3-R3,0.22629461049588895
154,1-1,R1-R1,0.06969402800918421
154,1-2,R1-R2,0.12386989644468581
154,1-3,R1-R3,0.11699849834381866
154,2-2,R2-R2,0.18779785262150614
154,2-3,R2-R3,0.20275761232155767
154,3-3,R3-R3,0.21951723887410574
155,1-1,R1-R1,0.07757269683282911
155,1-2,R1-R2,0.11995689834596063
155,1-3,R1-R3,0.11436209293641156
155,2-2,R2-R2,0.19167764801266118
155,2-3,R2-R3,0.20550109402583847
155,3-3,R3-R3,0.22729168240943345
156,1-1,R1-R1,0.09030459167491255
156,1-2,R1-R2,0.11397163796461975
156,1-3,R1-R3,0.1133837605581106
156,2-2,R2-R2,0.18825929330241808
156,2-3,R2-R3,0.20594108902540245
156,3-3,R3-R3,0.22657330820617758
157,1-1,R1-R1,0.08387036959194291
157,1-2,R1-R2,0.10957776864301787
157,1-3,R1-R3,0.11373693987809193
157,2-2,R2-R2,0.18209118394882953
157,2-3,R2-R3,0.21535020864503562
157,3-3,R3-R3,0.2446849127813118
158,1-1,R1-R1,0.09197178217900143
158,1-2,R1-R2,0.11156262113837379
158,1-3,R1-R3,0.11806656504848317
158,2-2,R2-R2,0.19053866426420182
158,2-3,R2-R3,0.20362910008491308
158,3-3,R3-R3,0.23738939838229314
159,1-1,R1-R1,0.07199810332374364
159,1-2,R1-R2,0.11100638813050837
159,1-3,R1-R3,0.11840943440368484
159,2-2,R2-R2,0.18216286287799346
159,2-3,R2-R3,0.21274076051779442
159,3-3,R3-R3,0.24047073726322984
160,1-1,R1-R1,0.09000068682555314
160,1-2,R1-R2,0.11792733740804645
160,1-3,R1-R3,0.12759700307519664
160,2-2,R2-R2,0.18367177363262435
160,2-3,R2-R3,0.2014795285947662
160,3-3,R3-R3,0.24060516156428388
161,1-1,R1-R1,0.07972389068645754
161,1-2,R1-R2,0.11087533214738399
161,1-3,R1-R3,0.11102263936096966
161,2-2,R2-R2,0.1954563471148156
161,2-3,R2-R3,0.20770714851119043
161,3-3,R3-R3,0.22829224687295124
162,1-1,R1-R1,0.06773273791286738
162,1-2,R1-R2,0.11227186518680218
162,1-3,R1-R3,0.11349190895801822
162,2-2,R2-R2,0.18675815512374477
162,2-3,R2-R3,0.2113211816999898
162,3-3,R3-R3,0.22902053325405616
163,1-1,R1-R1,0.08521803508434525
163,1-2,R1-R2,0.10658428061247269
163,1-3,R1-R3,0.11300072899462549
163,2-2,R2-R2,0.19716834287961574
163,2-3,R2-R3,0.2066845091093438
163,3-3,R3-R3,0.22862642965317895
164,1-1,R1-R1,0.10234702166520349
164,1-2,R1-R2,0.11159177471031174
164,1-3,R1-R3,0.13067383291620976
164,2-2,R2-R2,0.1844878548463566
164,2-3,R2-R3,0.20849938763243903
164,3-3,R3-R3,0.22079293412421502
165,1-1,R1-R1,0.08560292574330007
165,1-2,R1-R2,0.11605229531237106
165,1-3,R1-R3,0.12189640178905019
165,2-2,R2-R2,0.18555413847101537
165,2-3,R2-R3,0.20834163196448524
165,3-3,R3-R3,0.22760980329323438
166,1-1,R1-R1,0.08339509816782543
166,1-2,R1-R2,0.11111277867891267
166,1-3,R1-R3,0.10984896086463204
166,2-2,R2-R2,0.18950702637874647
166,2-3,R2-R3,0.21126294548843247
166,3-3,R3-R3,0.22440061344046935
167,1-1,R1-R1,0.07644934536645766
167,1-2,R1-R2,0.10896821980211399
167,1-3,R1-R3,0.12101491802485981
167,2-2,R2-R2,0.18575054072088892
167,2-3,R2-R3,0.21119821656660395
167,3-3,R3-R3,0.24108788595412806
168,1-1,R1-R1,0.09461341442589684
168,1-2,R1-R2,0.11791716204208533
168,1-3,R1-R3,0.11686045663999314
168,2-2,R2-R2,0.18138531076829909
168,2-3,R2-R3,0.20767584363393915
168,3-3,R3-R3,0.24179948062635606
169,1-1,R1-R1,0.08526549084704163
169,1-2,R1-R2,0.11191660065802843
169,1-3,R1-R3,0.11609318445517526
169,2-2,R2-R2,0.1828452734759073
169,2-3,R2-R3,0.21023231857296285
169,3-3,R3-R3,0.25272107497354995
170,1-1,R1-R1,0.0851082520798254
170,1-2,R1-R2,0.10316415782801036
170,1-3,R1-R3,0.11635558464014689
170,2-2,R2-R2,0.18745382976633448
170,2-3,R2-R3,0.21429907399254328
170,3-3,R3-R3,0.24323299875126692
171,1-1,R1-R1,0.0719146188661387
171,1-2,R1-R2,0.12139388258128102
171,1-3,R1-R3,0.11494391650346263
171,2-2,R2-R2,0.18796251232043568
171,2-3,R2-R3,0.20303678687785526
171,3-3,R3-R3,0.2324938650876095
172,1-1,R1-R1,0.08312461480207049
172,1-2,R1-R2,0.11634308167766372
172,1-3,R1-R3,0.11702798393989587
172,2-2,R2-R2,0.1822253352601406
172,2-3,R2-R3,0.20951353553249555
172,3-3,R3-R3,0.23253728294917994
173,1-1,R1-R1,0.0659063888676188
173,1-2,R1-R2,0.11179303149463227
173,1-3,R1-R3,0.12049799443675825
173,2-2,R2-R2,0.18090701317683522
173,2-3,R2-R3,0.21464194613700277
173,3-3,R3-R3,0.23842744335979058
174,1-1,R1-R1,0.08445675313990822
174,1-2,R1-R2,0.11717808093623852
174,1-3,R1-R3,0.1146324879061452
174,2-2,R2-R2,0.18444208364147519
174,2-3,R2-R3,0.20940831056157277
174,3-3,R3-R3,0.2351578772005642
175,1-1,R1-R1,0.09234879021854817
175,1-2,R1-R2,0.11259157928070558
175,1-3,R1-R3,0.12813474697410326
175,2-2,R2-R2,0.18639180012280304
175,2-3,R2-R3,0.20045009090582536
175,3-3,R3-R3,0.2505624998127717
176,1-1,R1-R1,0.109502771935927
176,1-2,R1-R2,0.12628559657026162
176,1-3,R1-R3,0.1182949643071388
176,2-2,R2-R2,0.18460884195780167
176,2-3,R2-R3,0.19690035767431827
176,3-3,R3-R3,0.2487285598473435
177,1-1,R1-R1,0.09739528766935183
177,1-2,R1-R2,0.11419963419210158
177,1-3,R1-R3,0.11715000777563642
177,2-2,R2-R2,0.1878664818753379
177,2-3,R2-R3,0.2090860800199473
177,3-3,R3-R3,0.2393914977149608
178,1-1,R1-R1,0.08428440988601416
178,1-2,R1-R2,0.10912127338733736
178,1-3,R1-R3,0.12150129919180402
178,2-2,R2-R2,0.18069010202748007
178,2-3,R2-R3,0.2085379817837858
178,3-3,R3-R3,0.2570045525785128
179,1-1,R1-R1,0.08568079400298653
179,1-2,R1-R2,0.11544537570372919
179,1-3,R1-R3,0.12454977843988807
179,2-2,R2-R2,0.1788126763812581
179,2-3,R2-R3,0.2087081251838423
179,3-3,R3-R3,0.26708785685409064
180,1-1,R1-R1,0.08818048904947301
180,1-2,R1-R2,0.1209260942046821
180,1-3,R1-R3,0.119172382891124
180,2-2,R2-R2,0.18649976320550637
180,2-3,R2-R3,0.21095257653923521
180,3-3,R3-R3,0.21907792417551838
181,1-1,R1-R1,0.0752571165426499
181,1-2,R1-R2,0.11817998564884061
181,1-3,R1-R3,0.11971007734053736
181,2-2,R2-R2,0.19304762860767044
181,2-3,R2-R3,0.20415916727517713
181,3-3,R3-R3,0.22469055325365317
182,1-1,R1-R1,0.0664355190758934
182,1-2,R1-R2,0.10929398455911851
182,1-3,R1-R3,0.11655430852052578
182,2-2,R2-R2,0.18202381569157774
182,2-3,R2-R3,0.21279540794798027
182,3-3,R3-R3,0.26044897330999944
183,1-1,R1-R1,0.0741143286017336
183,1-2,R1-R2,0.11422667037267098
183,1-3,R1-R3,0.11514929894078918
183,2-2,R2-R2,0.18426916561358392
183,2-3,R2-R3,0.2091953866081664
183,3-3,R3-R3,0.23354722847092566
184,1-1,R1-R1,0.0717604550826476
184,1-2,R1-R2,0.1127051336457024
184,1-3,R1-R3,0.12265135826548683
184,2-2,R2-R2,0.1835714324128393
184,2-3,R2-R3,0.20771757097895344
184,3-3,R3-R3,0.24543054356077254
185,1-1,R1-R1,0.0854914133411178
185,1-2,R1-R2,0.11814222211583904
185,1-3,R1-R3,0.12638976825939757
185,2-2,R2-R2,0.1828683281338692
185,2-3,R2-R3,0.20293943672452958
185,3-3,R3-R3,0.23836702947776262
186,1-1,R1-R1,0.07786206877995505
186,1-2,R1-R2,0.10034702813531678
186,1-3,R1-R3,0.11369610137146052
186,2-2,R2-R2,0.1915060106965076
186,2-3,R2-R3,0.21457736262997185
186,3-3,R3-R3,0.22827017524144513
187,1-1,R1-R1,0.0711855125959404
187,1-2,R1-R2,0.11111081157595903
187,1-3,R1-R3,0.1221028930216648
187,2-2,R2-R2,0.19583498144876366
187,2-3,R2-R3,0.2100303640008422
187,3-3,R3-R3,0.2201395507338306
188,1-1,R1-R1,0.07776993407974268
188,1-2,R1-R2,0.1142186656979223
188,1-3,R1-R3,0.1211478355361967
188,2-2,R2-R2,0.18775873762504125
188,2-3,R2-R3,0.20734794827797046
188,3-3,R3-R3,0.22703783575856928
189,1-1,R1-R1,0.09174675246832578
189,1-2,R1-R2,0.11822739689697687
189,1-3,R1-R3,0.11709639073353534
189,2-2,R2-R2,0.17977918404466164
189,2-3,R2-R3,0.20946524996288354
189,3-3,R3-R3,0.22636396213854756
190,1-1,R1-R1,0.0785060944908257
190,1-2,R1-R2,0.12103186310005407
190,1-3,R1-R3,0.11151432152187073
190,2-2,R2-R2,0.19278248669033532
190,2-3,R2-R3,0.20256704504007728
190,3-3,R3-R3,0.23446385481274112
191,1-1,R1-R1,0.08349711134681582
191,1-2,R1-R2,0.1186061762960782
191,1-3,R1-R3,0.1308336393401538
191,2-2,R2-R2,0.18529997665681475
191,2-3,R2-R3,0.2013802419929068
191,3-3,R3-R3,0.22429206386649564
192,1-1,R1-R1,0.08750687222577173
192,1-2,R1-R2,0.11344082420440176
192,1-3,R1-R3,0.12099000969508908
192,2-2,R2-R2,0.18251260600115307
192,2-3,R2-R3,0.2058699376712004
192,3-3,R3-R3,0.24715549707375606
193,1-1,R1-R1,0.09396510007437393
193,1-2,R1-R2,0.11986141454938627
193,1-3,R1-R3,0.12268536057899672
193,2-2,R2-R2,0.180743103828129
193,2-3,R2-R3,0.2085724576297536
193,3-3,R3-R3,0.2260847876497843
194,1-1,R1-R1,0.11263311604220695
194,1-2,R1-R2,0.11176856848605356
194,1-3,R1-R3,0.1366406497170928
194,2-2,R2-R2,0.17960648330100187
194,2-3,R2-R3,0.20108693479459425
194,3-3,R3-R3,0.23891943995330098
195,1-1,R1-R1,0.06738491009881384
195,1-2,R1-R2,0.11268508355568237
195,1-3,R1-R3,0.12033168909877677
195,2-2,R2-R2,0.18415774423663167
195,2-3,R2-R3,0.20793337724088318
195,3-3,R3-R3,0.2532310645106541
196,1-1,R1-R1,0.07091164678063075
196,1-2,R1-R2,0.1103229096157499
196,1-3,R1-R3,0.11474240101818912
196,2-2,R2-R2,0.18243185816875654
196,2-3,R2-R3,0.21371984263650162
196,3-3,R3-R3,0.24666132622910059
197,1-1,R1-R1,0.0741884081456274
197,1-2,R1-R2,0.1070325853451286
197,1-3,R1-R3,0.11862199806130591
197,2-2,R2-R2,0.18749624172237656
197,2-3,R2-R3,0.21130545626283712
197,3-3,R3-R3,0.2500173711960888
198,1-1,R1-R1,0.08571331990449636
198,1-2,R1-R2,0.10676250068941054
198,1-3,R1-R3,0.1270807445890945
198,2-2,R2-R2,0.18077431700314003
198,2-3,R2-R3,0.21384749939397546
198,3-3,R3-R3,0.2490541118205549
199,1-1,R1-R1,0.08804630950352875
199,1-2,R1-R2,0.12183720823827707
199,1-3,R1-R3,0.119606016636645
199,2-2,R2-R2,0.19093502004797838
199,2-3,R2-R3,0.20058572028752156
199,3-3,R3-R3,0.21949467250252078
