k,topic_order,topic,x_plot,region,region_anchor,region_anchor_x
2,0,Educational issues,0.0,1,Environmental Protection General,0.2620042318963083
2,1,Science issues,0.0570158275246239,1,Environmental Protection General,0.2620042318963083
2,2,Opening statements,0.072789875025554,1,Environmental Protection General,0.2620042318963083
2,3,Exchange of Information,0.1115886883252106,1,Environmental Protection General,0.2620042318963083
2,4,Operation of the Antarctic Treaty system The Secretariat,0.1239191250643634,1,Environmental Protection General,0.2620042318963083
2,5,Operation of the Antarctic Treaty system General,0.1747690528081454,1,Environmental Protection General,0.2620042318963083
2,6,Environmental Monitoring and Reporting,0.1887137517787509,1,Environmental Protection General,0.2620042318963083
2,7,Operation of the Antarctic Treaty system Reports,0.1982528580975261,1,Environmental Protection General,0.2620042318963083
2,8,Operational issues,0.2203005980925824,1,Environmental Protection General,0.2620042318963083
2,9,Safety and Operations in Antarctica,0.2599556617261369,1,Environmental Protection General,0.2620042318963083
2,10,Environmental Impact Assessment EIA Other EIA Matters,0.2605546487018962,1,Environmental Protection General,0.2620042318963083
2,11,Environmental Protection General,0.2620042318963083,1,Environmental Protection General,0.2620042318963083
2,12,Biological Prospecting,0.2728040707719594,1,Environmental Protection General,0.2620042318963083
2,13,Comprehensive Environmental Evaluations,0.2840982040334893,1,Environmental Protection General,0.2620042318963083
2,14,International Polar Year,0.3052279433304539,1,Environmental Protection General,0.2620042318963083
2,15,Fauna and Flora_General,0.3076348840643275,1,Environmental Protection General,0.2620042318963083
2,16,Cooperation with Other Organisations,0.311759645788881,1,Environmental Protection General,0.2620042318963083
2,17,Management Plans,0.3369819084088453,1,Environmental Protection General,0.2620042318963083
2,18,Inspections,0.347895543377593,1,Environmental Protection General,0.2620042318963083
2,19,Liability,0.3591321581558954,1,Environmental Protection General,0.2620042318963083
2,20,Nonnative Species and Quarantine,0.3687894715933,1,Environmental Protection General,0.2620042318963083
2,21,Waste management and disposal,0.377663422851123,1,Environmental Protection General,0.2620042318963083
2,22,Climate Change,0.3800837228694225,1,Environmental Protection General,0.2620042318963083
2,23,Prevention of marine pollution,0.4071732495247113,1,Environmental Protection General,0.2620042318963083
2,24,Institutional and legal matters,0.4326060447198917,1,Environmental Protection General,0.2620042318963083
2,25,Marine Protected Areas,0.449159334827253,1,Environmental Protection General,0.2620042318963083
2,26,Emergency report and contingency planning,0.4714397070089904,1,Environmental Protection General,0.2620042318963083
2,27,Repair and remediation of environmental damage,0.4785603220035303,1,Environmental Protection General,0.2620042318963083
2,28,Historic Sites and Monuments,0.4823429046539811,1,Environmental Protection General,0.2620042318963083
2,29,Area Protection and Management Plans General,0.5004157993437484,2,Drilling,0.706743800577266
2,30,Mineral resources,0.5486928120359824,2,Drilling,0.706743800577266
2,31,Human Footprint and wilderness values,0.5570278693771726,2,Drilling,0.706743800577266
2,32,CEP Strategy Discussions,0.5652259283677754,2,Drilling,0.706743800577266
2,33,Search and Rescue,0.5782303524397047,2,Drilling,0.706743800577266
2,34,Site Guidelines for Visitors,0.5815045003879167,2,Drilling,0.706743800577266
2,35,Marine living resources,0.6072600948648526,2,Drilling,0.706743800577266
2,36,Specially Protected Species,0.6187624363507289,2,Drilling,0.706743800577266
2,37,Tourism and NG_Activities,0.6351007320692914,2,Drilling,0.706743800577266
2,38,Drilling,0.706743800577266,2,Drilling,0.706743800577266
2,39,Operation of the CEP,0.7077185661800908,2,Drilling,0.706743800577266
2,40,Multiyear strategic workplan,0.7604580634912677,2,Drilling,0.706743800577266
2,41,Marine Acoustics,0.7856949393318449,2,Drilling,0.706743800577266
2,42,Sub glacial Lakes,0.8368881874706654,2,Drilling,0.706743800577266
2,43,State of the Antarctic Environment Report SAER,0.913455015343537,2,Drilling,0.706743800577266
2,44,Environmental Domains Analysis,1.0,2,Drilling,0.706743800577266
3,0,Educational issues,0.0,1,Exchange of Information,0.1115886883252106
3,1,Science issues,0.0570158275246239,1,Exchange of Information,0.1115886883252106
3,2,Opening statements,0.072789875025554,1,Exchange of Information,0.1115886883252106
3,3,Exchange of Information,0.1115886883252106,1,Exchange of Information,0.1115886883252106
3,4,Operation of the Antarctic Treaty system The Secretariat,0.1239191250643634,1,Exchange of Information,0.1115886883252106
3,5,Operation of the Antarctic Treaty system General,0.1747690528081454,1,Exchange of Information,0.1115886883252106
3,6,Environmental Monitoring and Reporting,0.1887137517787509,1,Exchange of Information,0.1115886883252106
3,7,Operation of the Antarctic Treaty system Reports,0.1982528580975261,1,Exchange of Information,0.1115886883252106
3,8,Operational issues,0.2203005980925824,1,Exchange of Information,0.1115886883252106
3,9,Safety and Operations in Antarctica,0.2599556617261369,2,Inspections,0.347895543377593
3,10,Environmental Impact Assessment EIA Other EIA Matters,0.2605546487018962,2,Inspections,0.347895543377593
3,11,Environmental Protection General,0.2620042318963083,2,Inspections,0.347895543377593
3,12,Biological Prospecting,0.2728040707719594,2,Inspections,0.347895543377593
3,13,Comprehensive Environmental Evaluations,0.2840982040334893,2,Inspections,0.347895543377593
3,14,International Polar Year,0.3052279433304539,2,Inspections,0.347895543377593
3,15,Fauna and Flora_General,0.3076348840643275,2,Inspections,0.347895543377593
3,16,Cooperation with Other Organisations,0.311759645788881,2,Inspections,0.347895543377593
3,17,Management Plans,0.3369819084088453,2,Inspections,0.347895543377593
3,18,Inspections,0.347895543377593,2,Inspections,0.347895543377593
3,19,Liability,0.3591321581558954,2,Inspections,0.347895543377593
3,20,Nonnative Species and Quarantine,0.3687894715933,2,Inspections,0.347895543377593
3,21,Waste management and disposal,0.377663422851123,2,Inspections,0.347895543377593
3,22,Climate Change,0.3800837228694225,2,Inspections,0.347895543377593
3,23,Prevention of marine pollution,0.4071732495247113,2,Inspections,0.347895543377593
3,24,Institutional and legal matters,0.4326060447198917,2,Inspections,0.347895543377593
3,25,Marine Protected Areas,0.449159334827253,2,Inspections,0.347895543377593
3,26,Emergency report and contingency planning,0.4714397070089904,2,Inspections,0.347895543377593
3,27,Repair and remediation of environmental damage,0.4785603220035303,2,Inspections,0.347895543377593
3,28,Historic Sites and Monuments,0.4823429046539811,2,Inspections,0.347895543377593
3,29,Area Protection and Management Plans General,0.5004157993437484,2,Inspections,0.347895543377593
3,30,Mineral resources,0.5486928120359824,3,Operation of the CEP,0.7077185661800908
3,31,Human Footprint and wilderness values,0.5570278693771726,3,Operation of the CEP,0.7077185661800908
3,32,CEP Strategy Discussions,0.5652259283677754,3,Operation of the CEP,0.7077185661800908
3,33,Search and Rescue,0.5782303524397047,3,Operation of the CEP,0.7077185661800908
3,34,Site Guidelines for Visitors,0.5815045003879167,3,Operation of the CEP,0.7077185661800908
3,35,Marine living resources,0.6072600948648526,3,Operation of the CEP,0.7077185661800908
3,36,Specially Protected Species,0.6187624363507289,3,Operation of the CEP,0.7077185661800908
3,37,Tourism and NG_Activities,0.6351007320692914,3,Operation of the CEP,0.7077185661800908
3,38,Drilling,0.706743800577266,3,Operation of the CEP,0.7077185661800908
3,39,Operation of the CEP,0.7077185661800908,3,Operation of the CEP,0.7077185661800908
3,40,Multiyear strategic workplan,0.7604580634912677,3,Operation of the CEP,0.7077185661800908
3,41,Marine Acoustics,0.7856949393318449,3,Operation of the CEP,0.7077185661800908
3,42,Sub glacial Lakes,0.8368881874706654,3,Operation of the CEP,0.7077185661800908
3,43,State of the Antarctic Environment Report SAER,0.913455015343537,3,Operation of the CEP,0.7077185661800908
3,44,Environmental Domains Analysis,1.0,3,Operation of the CEP,0.7077185661800908
4,0,Educational issues,0.0,1,Exchange of Information,0.1115886883252106
4,1,Science issues,0.0570158275246239,1,Exchange of Information,0.1115886883252106
4,2,Opening statements,0.072789875025554,1,Exchange of Information,0.1115886883252106
4,3,Exchange of Information,0.1115886883252106,1,Exchange of Information,0.1115886883252106
4,4,Operation of the Antarctic Treaty system The Secretariat,0.1239191250643634,1,Exchange of Information,0.1115886883252106
4,5,Operation of the Antarctic Treaty system General,0.1747690528081454,1,Exchange of Information,0.1115886883252106
4,6,Environmental Monitoring and Reporting,0.1887137517787509,1,Exchange of Information,0.1115886883252106
4,7,Operation of the Antarctic Treaty system Reports,0.1982528580975261,1,Exchange of Information,0.1115886883252106
4,8,Operational issues,0.2203005980925824,1,Exchange of Information,0.1115886883252106
4,9,Safety and Operations in Antarctica,0.2599556617261369,2,Management Plans,0.3369819084088453
4,10,Environmental Impact Assessment EIA Other EIA Matters,0.2605546487018962,2,Management Plans,0.3369819084088453
4,11,Environmental Protection General,0.2620042318963083,2,Management Plans,0.3369819084088453
4,12,Biological Prospecting,0.2728040707719594,2,Management Plans,0.3369819084088453
4,13,Comprehensive Environmental Evaluations,0.2840982040334893,2,Management Plans,0.3369819084088453
4,14,International Polar Year,0.3052279433304539,2,Management Plans,0.3369819084088453
4,15,Fauna and Flora_General,0.3076348840643275,2,Management Plans,0.3369819084088453
4,16,Cooperation with Other Organisations,0.311759645788881,2,Management Plans,0.3369819084088453
4,17,Management Plans,0.3369819084088453,2,Management Plans,0.3369819084088453
4,18,Inspections,0.347895543377593,2,Management Plans,0.3369819084088453
4,19,Liability,0.3591321581558954,2,Management Plans,0.3369819084088453
4,20,Nonnative Species and Quarantine,0.3687894715933,2,Management Plans,0.3369819084088453
4,21,Waste management and disposal,0.377663422851123,2,Management Plans,0.3369819084088453
4,22,Climate Change,0.3800837228694225,2,Management Plans,0.3369819084088453
4,23,Prevention of marine pollution,0.4071732495247113,2,Management Plans,0.3369819084088453
4,24,Institutional and legal matters,0.4326060447198917,2,Management Plans,0.3369819084088453
4,25,Marine Protected Areas,0.449159334827253,2,Management Plans,0.3369819084088453
4,26,Emergency report and contingency planning,0.4714397070089904,3,Search and Rescue,0.5782303524397047
4,27,Repair and remediation of environmental damage,0.4785603220035303,3,Search and Rescue,0.5782303524397047
4,28,Historic Sites and Monuments,0.4823429046539811,3,Search and Rescue,0.5782303524397047
4,29,Area Protection and Management Plans General,0.5004157993437484,3,Search and Rescue,0.5782303524397047
4,30,Mineral resources,0.5486928120359824,3,Search and Rescue,0.5782303524397047
4,31,Human Footprint and wilderness values,0.5570278693771726,3,Search and Rescue,0.5782303524397047
4,32,CEP Strategy Discussions,0.5652259283677754,3,Search and Rescue,0.5782303524397047
4,33,Search and Rescue,0.5782303524397047,3,Search and Rescue,0.5782303524397047
4,34,Site Guidelines for Visitors,0.5815045003879167,3,Search and Rescue,0.5782303524397047
4,35,Marine living resources,0.6072600948648526,3,Search and Rescue,0.5782303524397047
4,36,Specially Protected Species,0.6187624363507289,3,Search and Rescue,0.5782303524397047
4,37,Tourism and NG_Activities,0.6351007320692914,3,Search and Rescue,0.5782303524397047
4,38,Drilling,0.706743800577266,3,Search and Rescue,0.5782303524397047
4,39,Operation of the CEP,0.7077185661800908,4,Sub glacial Lakes,0.8368881874706654
4,40,Multiyear strategic workplan,0.7604580634912677,4,Sub glacial Lakes,0.8368881874706654
4,41,Marine Acoustics,0.7856949393318449,4,Sub glacial Lakes,0.8368881874706654
4,42,Sub glacial Lakes,0.8368881874706654,4,Sub glacial Lakes,0.8368881874706654
4,43,State of the Antarctic Environment Report SAER,0.913455015343537,4,Sub glacial Lakes,0.8368881874706654
4,44,Environmental Domains Analysis,1.0,4,Sub glacial Lakes,0.8368881874706654
5,0,Educational issues,0.0,1,Exchange of Information,0.1115886883252106
5,1,Science issues,0.0570158275246239,1,Exchange of Information,0.1115886883252106
5,2,Opening statements,0.072789875025554,1,Exchange of Information,0.1115886883252106
5,3,Exchange of Information,0.1115886883252106,1,Exchange of Information,0.1115886883252106
5,4,Operation of the Antarctic Treaty system The Secretariat,0.1239191250643634,1,Exchange of Information,0.1115886883252106
5,5,Operation of the Antarctic Treaty system General,0.1747690528081454,1,Exchange of Information,0.1115886883252106
5,6,Environmental Monitoring and Reporting,0.1887137517787509,1,Exchange of Information,0.1115886883252106
5,7,Operation of the Antarctic Treaty system Reports,0.1982528580975261,1,Exchange of Information,0.1115886883252106
5,8,Operational issues,0.2203005980925824,2,Cooperation with Other Organisations,0.311759645788881
5,9,Safety and Operations in Antarctica,0.2599556617261369,2,Cooperation with Other Organisations,0.311759645788881
5,10,Environmental Impact Assessment EIA Other EIA Matters,0.2605546487018962,2,Cooperation with Other Organisations,0.311759645788881
5,11,Environmental Protection General,0.2620042318963083,2,Cooperation with Other Organisations,0.311759645788881
5,12,Biological Prospecting,0.2728040707719594,2,Cooperation with Other Organisations,0.311759645788881
5,13,Comprehensive Environmental Evaluations,0.2840982040334893,2,Cooperation with Other Organisations,0.311759645788881
5,14,International Polar Year,0.3052279433304539,2,Cooperation with Other Organisations,0.311759645788881
5,15,Fauna and Flora_General,0.3076348840643275,2,Cooperation with Other Organisations,0.311759645788881
5,16,Cooperation with Other Organisations,0.311759645788881,2,Cooperation with Other Organisations,0.311759645788881
5,17,Management Plans,0.3369819084088453,2,Cooperation with Other Organisations,0.311759645788881
5,18,Inspections,0.347895543377593,2,Cooperation with Other Organisations,0.311759645788881
5,19,Liability,0.3591321581558954,2,Cooperation with Other Organisations,0.311759645788881
5,20,Nonnative Species and Quarantine,0.3687894715933,2,Cooperation with Other Organisations,0.311759645788881
5,21,Waste management and disposal,0.377663422851123,2,Cooperation with Other Organisations,0.311759645788881
5,22,Climate Change,0.3800837228694225,2,Cooperation with Other Organisations,0.311759645788881
5,23,Prevention of marine pollution,0.4071732495247113,3,Area Protection and Management Plans General,0.5004157993437484
5,24,Institutional and legal matters,0.4326060447198917,3,Area Protection and Management Plans General,0.5004157993437484
5,25,Marine Protected Areas,0.449159334827253,3,Area Protection and Management Plans General,0.5004157993437484
5,26,Emergency report and contingency planning,0.4714397070089904,3,Area Protection and Management Plans General,0.5004157993437484
5,27,Repair and remediation of environmental damage,0.4785603220035303,3,Area Protection and Management Plans General,0.5004157993437484
5,28,Historic Sites and Monuments,0.4823429046539811,3,Area Protection and Management Plans General,0.5004157993437484
5,29,Area Protection and Management Plans General,0.5004157993437484,3,Area Protection and Management Plans General,0.5004157993437484
5,30,Mineral resources,0.5486928120359824,3,Area Protection and Management Plans General,0.5004157993437484
5,31,Human Footprint and wilderness values,0.5570278693771726,3,Area Protection and Management Plans General,0.5004157993437484
5,32,CEP Strategy Discussions,0.5652259283677754,3,Area Protection and Management Plans General,0.5004157993437484
5,33,Search and Rescue,0.5782303524397047,3,Area Protection and Management Plans General,0.5004157993437484
5,34,Site Guidelines for Visitors,0.5815045003879167,3,Area Protection and Management Plans General,0.5004157993437484
5,35,Marine living resources,0.6072600948648526,4,Operation of the CEP,0.7077185661800908
5,36,Specially Protected Species,0.6187624363507289,4,Operation of the CEP,0.7077185661800908
5,37,Tourism and NG_Activities,0.6351007320692914,4,Operation of the CEP,0.7077185661800908
5,38,Drilling,0.706743800577266,4,Operation of the CEP,0.7077185661800908
5,39,Operation of the CEP,0.7077185661800908,4,Operation of the CEP,0.7077185661800908
5,40,Multiyear strategic workplan,0.7604580634912677,4,Operation of the CEP,0.7077185661800908
5,41,Marine Acoustics,0.7856949393318449,4,Operation of the CEP,0.7077185661800908
5,42,Sub glacial Lakes,0.8368881874706654,5,State of the Antarctic Environment Report SAER,0.913455015343537
5,43,State of the Antarctic Environment Report SAER,0.913455015343537,5,State of the Antarctic Environment Report SAER,0.913455015343537
5,44,Environmental Domains Analysis,1.0,5,State of the Antarctic Environment Report SAER,0.913455015343537
6,0,Educational issues,0.0,1,Opening statements,0.072789875025554
6,1,Science issues,0.0570158275246239,1,Opening statements,0.072789875025554
6,2,Opening statements,0.072789875025554,1,Opening statements,0.072789875025554
6,3,Exchange of Information,0.1115886883252106,1,Opening statements,0.072789875025554
6,4,Operation of the Antarctic Treaty system The Secretariat,0.1239191250643634,1,Opening statements,0.072789875025554
6,5,Operation of the Antarctic Treaty system General,0.1747690528081454,2,Operational issues,0.2203005980925824
6,6,Environmental Monitoring and Reporting,0.1887137517787509,2,Operational issues,0.2203005980925824
6,7,Operation of the Antarctic Treaty system Reports,0.1982528580975261,2,Operational issues,0.2203005980925824
6,8,Operational issues,0.2203005980925824,2,Operational issues,0.2203005980925824
6,9,Safety and Operations in Antarctica,0.2599556617261369,2,Operational issues,0.2203005980925824
6,10,Environmental Impact Assessment EIA Other EIA Matters,0.2605546487018962,2,Operational issues,0.2203005980925824
6,11,Environmental Protection General,0.2620042318963083,2,Operational issues,0.2203005980925824
6,12,Biological Prospecting,0.2728040707719594,2,Operational issues,0.2203005980925824
6,13,Comprehensive Environmental Evaluations,0.2840982040334893,3,Inspections,0.347895543377593
6,14,International Polar Year,0.3052279433304539,3,Inspections,0.347895543377593
6,15,Fauna and Flora_General,0.3076348840643275,3,Inspections,0.347895543377593
6,16,Cooperation with Other Organisations,0.311759645788881,3,Inspections,0.347895543377593
6,17,Management Plans,0.3369819084088453,3,Inspections,0.347895543377593
6,18,Inspections,0.347895543377593,3,Inspections,0.347895543377593
6,19,Liability,0.3591321581558954,3,Inspections,0.347895543377593
6,20,Nonnative Species and Quarantine,0.3687894715933,3,Inspections,0.347895543377593
6,21,Waste management and disposal,0.377663422851123,3,Inspections,0.347895543377593
6,22,Climate Change,0.3800837228694225,3,Inspections,0.347895543377593
6,23,Prevention of marine pollution,0.4071732495247113,3,Inspections,0.347895543377593
6,24,Institutional and legal matters,0.4326060447198917,3,Inspections,0.347895543377593
6,25,Marine Protected Areas,0.449159334827253,3,Inspections,0.347895543377593
6,26,Emergency report and contingency planning,0.4714397070089904,4,Human Footprint and wilderness values,0.5570278693771726
6,27,Repair and remediation of environmental damage,0.4785603220035303,4,Human Footprint and wilderness values,0.5570278693771726
6,28,Historic Sites and Monuments,0.4823429046539811,4,Human Footprint and wilderness values,0.5570278693771726
6,29,Area Protection and Management Plans General,0.5004157993437484,4,Human Footprint and wilderness values,0.5570278693771726
6,30,Mineral resources,0.5486928120359824,4,Human Footprint and wilderness values,0.5570278693771726
6,31,Human Footprint and wilderness values,0.5570278693771726,4,Human Footprint and wilderness values,0.5570278693771726
6,32,CEP Strategy Discussions,0.5652259283677754,4,Human Footprint and wilderness values,0.5570278693771726
6,33,Search and Rescue,0.5782303524397047,4,Human Footprint and wilderness values,0.5570278693771726
6,34,Site Guidelines for Visitors,0.5815045003879167,4,Human Footprint and wilderness values,0.5570278693771726
6,35,Marine living resources,0.6072600948648526,4,Human Footprint and wilderness values,0.5570278693771726
6,36,Specially Protected Species,0.6187624363507289,4,Human Footprint and wilderness values,0.5570278693771726
6,37,Tourism and NG_Activities,0.6351007320692914,4,Human Footprint and wilderness values,0.5570278693771726
6,38,Drilling,0.706743800577266,5,Multiyear strategic workplan,0.7604580634912677
6,39,Operation of the CEP,0.7077185661800908,5,Multiyear strategic workplan,0.7604580634912677
6,40,Multiyear strategic workplan,0.7604580634912677,5,Multiyear strategic workplan,0.7604580634912677
6,41,Marine Acoustics,0.7856949393318449,5,Multiyear strategic workplan,0.7604580634912677
6,42,Sub glacial Lakes,0.8368881874706654,5,Multiyear strategic workplan,0.7604580634912677
6,43,State of the Antarctic Environment Report SAER,0.913455015343537,6,State of the Antarctic Environment Report SAER,0.913455015343537
6,44,Environmental Domains Analysis,1.0,6,State of the Antarctic Environment Report SAER,0.913455015343537
