actor_i,actor_j,portfolio_emd_1d,geo_km,log_geo_km
Argentina,Australia,0.07359878384987592,12882.861834368054,9.463653167086655
Argentina,Austria,0.24930119021270333,12269.615434793466,9.414881195306167
Argentina,Belarus,0.23030689058942788,13366.186751332549,9.500483420091658
Argentina,Belgium,0.16676937830840902,11847.565951818373,9.379877720554958
Argentina,Brazil,0.18457990049043785,2942.6509672099432,7.9870661435821235
Argentina,Bulgaria,0.3189556485969793,12648.26199483844,9.445275093004184
Argentina,Canada,0.26726641626496783,11310.457484525332,9.333483017852258
Argentina,Chile,0.08784475717624558,1916.8817604660137,7.558455061678607
Argentina,China,0.0711066692555921,18493.80463343022,9.825191070300573
Argentina,Colombia,0.35076763657513277,4664.018185147379,8.447632627068048
Argentina,Czechia,0.19127043433263516,12417.05589664171,9.426826282028818
Argentina,Denmark,0.31961374559620326,12480.791217352642,9.431946038740131
Argentina,Ecuador,0.2028369092187031,4204.236566183185,8.343848002103275
Argentina,Estonia,0.3080651261413202,13442.15738207543,9.506151120694923
Argentina,Finland,0.19311133313738862,13772.177233277702,9.530405693477968
Argentina,France,0.0621157779069479,11434.50501870692,9.344390819005513
Argentina,Germany,0.06155251290211867,12221.86225080426,9.410981614797684
Argentina,Greece,0.34385925827133573,12198.560804190462,9.409073256893075
Argentina,Iceland,0.317078634350317,12035.628805631117,9.395626596931319
Argentina,India,0.1341352563891652,16104.828352993449,9.686874403713684
Argentina,Italy,0.13550307182154347,11779.111798986367,9.374083055295554
Argentina,Japan,0.22025956029827748,18015.201184725385,9.798971190742671
Argentina,Kazakhstan,0.44470249059505573,15861.895088083951,9.671674976580537
Argentina,Korea (DPRK),0.3416004252366375,19011.65940933401,9.852807723063336
Argentina,Korea (ROK),0.19016457206028933,18941.750935118594,9.849123808883139
Argentina,Malaysia,0.4127862235725209,16041.282701149365,9.68292084712275
Argentina,Netherlands,0.07756741939618167,11985.221868314839,9.391429658863581
Argentina,New Zealand,0.038811998336795786,9571.494393869323,9.166544626265566
Argentina,Norway,0.020917299054298916,14012.54812386956,9.547708501727385
Argentina,Peru,0.2293951848916339,3330.7351535061503,8.110948325427746
Argentina,Poland,0.08317254867492033,12751.891944084675,9.453434927349543
Argentina,Portugal,0.2699802385723,10256.071359086109,9.235625136925453
Argentina,Romania,0.2588536451222534,12762.710219931318,9.454282934026299
Argentina,Russian Federation,0.11391312371923776,16873.812903468584,9.733518166805181
Argentina,Slovakia,0.317078634350317,12609.595228093613,9.442213329164915
Argentina,South Africa,0.1119205042851982,8165.552997712095,9.007679730938708
Argentina,Spain,0.053275231715124674,10570.251401190035,9.2657988629892
Argentina,Sweden,0.11730378254180795,13082.688223479456,9.479045125567245
Argentina,Switzerland,0.3232413627614331,11790.05427065426,9.37501159662975
Argentina,Türkiye,0.35275924428619726,13203.297770258081,9.488221908452033
Argentina,Ukraine,0.130350706110131,13355.260924045342,9.499665662908079
Argentina,United Kingdom,0.026332570784676927,11781.221223834546,9.374262121088195
Argentina,United States,0.027739366485352402,9038.44599679464,9.109242535599764
Argentina,Uruguay,0.18190159064027575,926.690912146877,6.831620081861574
Argentina,Venezuela,0.3764847787759243,4863.558499473232,8.489525650503472
Australia,Austria,0.17856530557299496,14093.864839765723,9.553494863927952
Australia,Belarus,0.1580890902517466,13197.91507410633,9.487814147167878
Australia,Belgium,0.09477312921296323,14787.67690390862,9.601549471285828
Australia,Brazil,0.11236210015275658,15677.51987188181,9.659983109957869
Australia,Bulgaria,0.24673784825929793,13271.443960843395,9.493369935335867
Australia,Canada,0.19504861592728653,13910.223596876906,9.540379359330128
Australia,Chile,0.03219261287768948,10974.828915924094,9.303359649295592
Australia,China,0.032379379045847076,7738.175060802456,8.953921158525157
Australia,Colombia,0.2785498362374515,16430.861401936258,9.706916638259312
Australia,Czechia,0.11905263399495392,14040.36380711898,9.549691589432049
Australia,Denmark,0.24887786095649495,14333.783087278169,9.570374483697503
Australia,Ecuador,0.13061910888102185,15525.38489240408,9.650231698275629
Australia,Estonia,0.23623831790359215,13348.986070760498,9.4991957111883
Australia,Finland,0.12175366828793817,13229.295410694765,9.490188998751629
Australia,France,0.027947279817878617,15066.65247824367,9.62023913544228
Australia,Germany,0.02358463636948298,14378.53524470716,9.573491765496295
Australia,Greece,0.2731233736316273,13492.905047979439,9.50991927427414
Australia,Iceland,0.24521189969651858,15109.831670203142,9.623100914913742
Australia,India,0.062156173854080746,7797.82605225649,8.961600262581317
Australia,Italy,0.06339929015689609,14289.776165850513,9.567299607109879
Australia,Japan,0.1480417599605962,6798.404348734906,8.824443209030692
Australia,Kazakhstan,0.3724846902573743,10473.919217166382,9.256643562108371
Australia,Korea (DPRK),0.27086454059692905,7276.470682672532,8.892401227302804
Australia,Korea (ROK),0.11794677172260808,6809.629919470502,8.826093053976798
Australia,Malaysia,0.3405684232348396,4622.395353762145,8.438668324554436
Australia,Netherlands,0.035995732733540724,14704.784150891155,9.595928172260244
Australia,New Zealand,0.09209760814626086,4334.928075604667,8.374460297520985
Australia,Norway,0.07491118451546207,13115.936965101586,9.481583331998552
Australia,Peru,0.1571773845539527,15095.375684359193,9.622143729831185
Australia,Poland,0.039853894156720415,13780.551232056074,9.531013546093853
Australia,Portugal,0.1977624382346187,16073.484509619295,9.684926268432566
Australia,Romania,0.1866358447845721,13386.835210348505,9.502027056032722
Australia,Russian Federation,0.042016990716367525,10211.370433285323,9.231257126763081
Australia,Slovakia,0.24521189969651858,13746.47293437982,9.528537556326123
Australia,South Africa,0.042924182430687526,10213.46464017516,9.231462191517792
Australia,Spain,0.04636102113098459,15657.799086961291,9.65872441605084
Australia,Sweden,0.0490081794509179,13885.95985980891,9.538633526614017
Australia,Switzerland,0.25102356242375184,14604.263318398873,9.58906877317987
Australia,Türkiye,0.28054144394851593,12327.100399376795,9.419555402190761
Australia,Ukraine,0.0813601661660127,12918.544735567064,9.466419134426602
Australia,United Kingdom,0.08379400487896223,15080.479554692181,9.621156441765345
Australia,United States,0.06555089831920223,14905.772385958557,9.609503825363866
Australia,Uruguay,0.1096837903025945,13582.226155755086,9.516517316673017
Australia,Venezuela,0.3042669784382429,17179.55530282472,9.751475310617945
Austria,Belarus,0.09400122310231401,1105.0747464923006,7.007668255548544
Austria,Belgium,0.11042599130971362,797.5074645869757,6.6814911945988635
Austria,Brazil,0.11280864813881583,9384.180039217725,9.146780575914157
Austria,Bulgaria,0.13399307461910406,981.3820448062653,6.8889618279985925
Austria,Canada,0.10957760737992749,7328.090072826473,8.899470197875925
Austria,Chile,0.17831301654416642,13831.560209728463,9.534708231725238
Austria,China,0.18471756660165592,6654.137771532032,8.802994161433512
Austria,Colombia,0.11232785536020745,9489.440870324965,9.157934972094276
Austria,Czechia,0.12376308554069,208.9295298814063,5.341997017506736
Austria,Denmark,0.07031255538349994,1006.2457815771545,6.913981636502524
Austria,Ecuador,0.12029944753620293,10393.894106646772,9.248973807585642
Austria,Estonia,0.08419500927731983,1368.5376383697842,7.221498031478324
Austria,Finland,0.08977445766880421,2041.1362997264075,7.621261941435765
Austria,France,0.19105360368765184,972.8507613312302,6.880230690495308
Austria,Germany,0.19224358272144554,508.0604123856748,6.2306003625268644
Austria,Greece,0.09455806805863233,1126.5307818597457,7.026898084718454
Austria,Iceland,0.1028453774564193,2737.0883868959118,7.91465000186815
Austria,India,0.15140557486779718,6320.696634595196,8.751584708059266
Austria,Italy,0.12854870905509747,623.1406165194751,6.434772202018074
Austria,Japan,0.09695569988411862,9118.093659396798,9.118016032643947
Austria,Kazakhstan,0.20626270938013025,3748.9318734188296,8.229226244636639
Austria,Korea (DPRK),0.09229923502393406,8131.082145722014,9.003449298938998
Austria,Korea (ROK),0.11114448618792519,8544.999870487622,9.05310158039318
Austria,Malaysia,0.17434644235759553,9476.726177359285,9.156594195664495
Austria,Netherlands,0.1723649421145018,821.6443762336957,6.711307669124713
Austria,New Zealand,0.2632503337621077,18183.622106990744,9.808276583694724
Austria,Norway,0.24920122710825138,3575.3052620119956,8.181805839458146
Austria,Peru,0.09059042775912245,10830.615236209915,9.290132146895798
Austria,Poland,0.1803692386168797,530.4753624530737,6.273773514851297
Austria,Portugal,0.11415863120883551,2083.3477236101794,7.641731361371368
Austria,Romania,0.11078711708464398,732.4355791727118,6.596375390501805
Austria,Russian Federation,0.1543230615134783,4747.857206266026,8.465448680775632
Austria,Slovakia,0.1028453774564193,356.84361461974134,5.877297631519393
Austria,South Africa,0.13790471478198585,8560.701220500912,9.054937384063486
Austria,Spain,0.2065138228651713,1719.9629840717434,7.4500580486874
Austria,Sweden,0.1324455121034751,1596.3172027185367,7.375454506832385
Austria,Switzerland,0.08480158154650773,516.8562696770315,6.2477648274953
Austria,Türkiye,0.1654014908832303,1945.4788756488292,7.573263434308003
Austria,Ukraine,0.17118996644189005,1186.0050965613868,7.078345876817735
Austria,United Kingdom,0.25989732534541166,1356.6699110112918,7.212788381174486
Austria,United States,0.24060713134215117,8530.17925897225,9.051365655384751
Austria,Uruguay,0.1032226383015815,11363.179984401522,9.338133581306913
Austria,Venezuela,0.13804499756099883,8756.719454958968,9.077576622347966
Belarus,Belgium,0.07921735345020137,1603.1998477183322,7.379756815904471
Belarus,Brazil,0.055060954594425615,10464.763863819977,9.255769070250937
Belarus,Bulgaria,0.10172681085837024,1234.8821170949752,7.11873079276131
Belarus,Canada,0.06419090924572404,7161.1687654678935,8.876428482033786
Belarus,Chile,0.14270233408275554,14932.788298798814,9.61131463122061
Belarus,China,0.1619271013727978,5605.766025989555,8.631550994497978
Belarus,Colombia,0.120460745985705,10323.21980019164,9.24215098651748
Belarus,Czechia,0.06877834154836036,949.1513627751106,6.855568283020286
Belarus,Denmark,0.12634893096908703,1200.120021285275,7.090176848512381
Belarus,Ecuador,0.061869087286406776,11215.89979284015,9.32508767492991
Belarus,Estonia,0.09050042997128663,550.343915045529,6.310543382890659
Belarus,Finland,0.05825372253622379,1259.385115270995,7.13837887707976
Belarus,France,0.16956852448030588,1961.6970781165364,7.581565233769244
Belarus,Germany,0.17457189009789945,1196.6178028330448,7.0872543586933645
Belarus,Greece,0.15059444364421942,1688.230590778628,7.431436271737674
Belarus,Iceland,0.13475105803080314,2822.077316481592,7.945228529798465
Belarus,India,0.10069063960435355,5557.76957489217,8.622952151165263
Belarus,Italy,0.09515764540751499,1666.8945326253956,7.418717612978096
Belarus,Japan,0.04787844576465079,8020.788377072553,8.989791997409913
Belarus,Kazakhstan,0.2143956000056278,2737.986419028189,7.9149780456564685
Belarus,Korea (DPRK),0.14833561060952113,7026.690026619136,8.857471038453077
Belarus,Korea (ROK),0.05669655343272911,7439.927344331635,8.91461636223263
Belarus,Malaysia,0.18247933298309307,8634.592003277681,9.06353174027836
Belarus,Netherlands,0.1540061087402426,1507.5872701259004,7.318265817556522
Belarus,New Zealand,0.25018669839800733,17092.542195336457,9.746397518431177
Belarus,Norway,0.23229241455086522,2924.994024549898,7.981047716774946
Belarus,Peru,0.03181397797615278,11732.856197804476,9.37014840713139
Belarus,Poland,0.14738311045557997,619.1906789869992,6.428413268846645
Belarus,Portugal,0.06184468595934382,3132.7238376208043,8.04965814076028
Belarus,Romania,0.060396277075996374,890.2189034574884,6.791467391424242
Belarus,Russian Federation,0.11654601539342457,3645.4364418450878,8.201231374406552
Belarus,Slovakia,0.13475105803080314,793.5519465223006,6.6765190028801795
Belarus,South Africa,0.12241313965143377,9132.104900670201,9.119551494735505
Belarus,Spain,0.178642504078527,2798.2764224040716,7.9367589431992265
Belarus,Sweden,0.1155731286393541,1218.0555943498396,7.105011091193574
Belarus,Switzerland,0.09293447217200526,1576.8342574460492,7.363174481532268
Belarus,Türkiye,0.12941719196815113,1774.4812730427568,7.481263418659636
Belarus,Ukraine,0.1279112005928094,588.4561014837678,6.377502330007732
Belarus,United Kingdom,0.24173937026798378,1919.0179113475565,7.55956882965229
Belarus,United States,0.2236399885709487,8702.343838816723,9.071347675119734
Belarus,Uruguay,0.056653907882432034,12463.775298440272,9.430581739902474
Belarus,Venezuela,0.14617788818649638,9637.657533277034,9.173433363603314
Belgium,Brazil,0.033618940018863626,8917.412806848928,9.095761139427905
Belgium,Bulgaria,0.15244243162440996,1775.9538030203403,7.4820929114009305
Belgium,Canada,0.10168017538883284,6683.060807411186,8.807331366289246
Belgium,Chile,0.07972703899156965,13535.370285286172,9.513061559286761
Belgium,China,0.10229314382101869,7196.970119815411,8.88141539974365
Belgium,Colombia,0.18425441960256353,8766.580330900442,9.07870208126299
Belgium,Czechia,0.043763173325956826,773.9700543087996,6.651533183317754
Belgium,Denmark,0.16884724467842513,710.8387562047017,6.566445619561523
Belgium,Ecuador,0.04368533563105786,9667.160941683323,9.176489950891586
Belgium,Estonia,0.1414918880246338,1595.9076802807672,7.3751979319010905
Belgium,Finland,0.03208308776888891,2069.294576257707,7.634963043762643
Belgium,France,0.10635426485798549,453.0170716509923,6.1159298105367235
Belgium,Germany,0.11077821648104087,409.4531154980826,6.014822404670233
Belgium,Greece,0.1930927573535575,1848.2379934681364,7.521988028253867
Belgium,Iceland,0.1798554145301143,2086.6008703463754,7.64329164314601
Belgium,India,0.05174657864873325,7063.374710050211,8.86267822053605
Belgium,Italy,0.03919164962345579,1075.5541113105103,6.980591260143687
Belgium,Japan,0.05374634332570812,9361.99221378777,9.1444133901771
Belgium,Kazakhstan,0.27818927362248635,4341.140503187847,8.375892381324494
Belgium,Korea (DPRK),0.19083392431885923,8443.299547794006,9.041128452873968
Belgium,Korea (ROK),0.03712287788450803,8880.352744295014,9.091596558653906
Belgium,Malaysia,0.2462730065999516,10193.918796660198,9.229546625070752
Belgium,Netherlands,0.09072309471546229,168.7741251293149,5.128561283263573
Belgium,New Zealand,0.18639302478114889,18504.474049316177,9.825767822331292
Belgium,Norway,0.16860912805019723,3336.0264045344293,8.11253567847562
Belgium,Peru,0.06288196791906467,10147.142808278602,9.224947448120975
Belgium,Poland,0.08473599980224217,1007.1673457514646,6.91489706138593
Belgium,Portugal,0.10346702159973073,1599.8161657215467,7.37764400520274
Belgium,Romania,0.0923404281496841,1520.9761267528395,7.327107596378611
Belgium,Russian Federation,0.055707499473784,5071.609177882274,8.53141343831425
Belgium,Slovakia,0.1798554145301143,1090.2408394655874,6.9941539044546825
Belgium,South Africa,0.055160193503689205,9032.386675976713,9.108571916690858
Belgium,Spain,0.11504497065339099,1348.3672607983654,7.206649703028331
Belgium,Sweden,0.058634295065422615,1435.9405176952769,7.269575326532472
Belgium,Switzerland,0.1567281457888638,493.41790875952535,6.201356500071177
Belgium,Türkiye,0.1862460273136279,2742.8847040782393,7.916765457271933
Belgium,Ukraine,0.07280059327621051,1888.0168494120458,7.543282271142342
Belgium,United Kingdom,0.17803409786429597,598.0347047702587,6.393648786999556
Belgium,United States,0.1598463149540902,7765.46941821989,8.957442186842487
Belgium,Uruguay,0.024075699243076457,10968.090752617634,9.302745495516602
Belgium,Venezuela,0.2099715618033549,8057.6021601152115,8.994371292494133
Brazil,Bulgaria,0.13470033658691216,9872.789969586567,9.197537764174047
Brazil,Canada,0.0878098966529945,9633.264080641278,9.172977396545807
Brazil,Chile,0.09697534398376556,4776.368186840503,8.471435743148083
Brazil,China,0.11759120476111114,15998.708752631619,9.680263295004735
Brazil,Colombia,0.16618773608469495,3214.6132966097457,8.075462348445079
Brazil,Czechia,0.04101920078241611,9518.252405448522,9.160966540077972
Brazil,Denmark,0.165210098123221,9540.39629986879,9.163290304446283
Brazil,Ecuador,0.02699052331658867,3424.619410925265,8.138745623624208
Brazil,Estonia,0.12443296143521465,10508.124215552374,9.259903971781657
Brazil,Finland,0.036857228594699885,10831.204201417357,9.290186525080353
Brazil,France,0.12384153438131593,8514.194422799548,9.04948998178623
Brazil,Germany,0.12884489999890938,9299.374674324934,9.137702437560783
Brazil,Greece,0.1894556107983534,9462.82563700744,9.155126310575762
Brazil,Iceland,0.1789875374772806,9175.469669058883,9.124288861700764
Brazil,India,0.053311713385052494,14563.897173069978,9.586300948920906
Brazil,Italy,0.04907682866889436,8937.407910632604,9.098000883243737
Brazil,Japan,0.04706466696118474,17438.23442208443,9.766420455072332
Brazil,Kazakhstan,0.2601225901046178,13090.844467139943,9.479668369209662
Brazil,Korea (DPRK),0.18719677776365512,17075.069435885656,9.74537475095404
Brazil,Korea (ROK),0.02002928530441624,17542.76015806587,9.77239661717557
Brazil,Malaysia,0.2282063230820831,16718.176795501127,9.724251837361765
Brazil,Netherlands,0.10827911864125259,9051.124900245513,9.110644327339239
Brazil,New Zealand,0.20445970829901736,12462.293204971784,9.430462820750018
Brazil,Norway,0.1865654244518752,11214.337950522307,9.324948412712697
Brazil,Peru,0.04481528440119613,2897.3163105872377,7.971540177375916
Brazil,Poland,0.10165612035659007,9846.271636128957,9.194848148413008
Brazil,Portugal,0.08540033808186215,7336.208653259806,8.900577455906388
Brazil,Romania,0.07437078123147708,9934.646282630954,9.203783551194682
Brazil,Russian Federation,0.07195924448251155,13933.604485147342,9.54205879031189
Brazil,Slovakia,0.1789875374772806,9732.986844029316,9.183276100738466
Brazil,South Africa,0.07480685150903423,7904.577791532178,8.97519733791133
Brazil,Spain,0.13291551397953702,7668.460298987979,8.944871130922577
Brazil,Sweden,0.08099703312402975,10141.11075969174,9.224352813521758
Brazil,Switzerland,0.13866146227099524,8889.899869375291,9.09267106515715
Brazil,Türkiye,0.1684222331348123,10568.775916307803,9.265659264807839
Brazil,Ukraine,0.08005345960242552,10515.55581839218,9.260610946311079
Brazil,United Kingdom,0.19601238016899378,8838.57588402054,9.086881043561137
Brazil,United States,0.17791299847195874,7706.805603913355,8.949859062145148
Brazil,Uruguay,0.023127650367995783,2128.6449918368894,7.663240902204428
Brazil,Venezuela,0.19190487828548636,2868.947854767061,7.9617006404125865
Bulgaria,Canada,0.059616694744921414,8197.920004563866,9.0116357430957
Bulgaria,Chile,0.2313510920903069,14001.215586099419,9.54689943240663
Bulgaria,China,0.2522915413480233,6125.92389080249,8.720284863352514
Bulgaria,Colombia,0.05098236214624855,10327.827398063999,9.2425972203481
Bulgaria,Czechia,0.13113148437444022,1072.614230449338,6.977854153708008
Bulgaria,Denmark,0.09617040482204883,1877.9136544649516,7.537916681323011
Bulgaria,Ecuador,0.11759972346169495,11233.397608386691,9.326646549470812
Bulgaria,Estonia,0.05290832543821038,1752.5314218486628,7.468816548476205
Bulgaria,Finland,0.12584431545959052,2482.5659763025687,7.817047972123103
Bulgaria,France,0.25821728248785725,1867.6341407373486,7.532427743470147
Bulgaria,Germany,0.2632206481054507,1469.5552047852198,7.292715052206917
Bulgaria,Greece,0.11828303100933937,493.81072635632995,6.20215229874144
Bulgaria,Iceland,0.1405839641092636,3654.9132463340125,8.203827636289056
Bulgaria,India,0.18482039220781407,5473.8243081553655,8.607732793388683
Bulgaria,Italy,0.18345257677543575,1022.19147945931,6.9297041108066875
Bulgaria,Japan,0.09869608829870179,8945.6284204447,9.098920247297908
Bulgaria,Kazakhstan,0.1257468419980764,3228.619529651699,8.079809934658767
Bulgaria,Korea (DPRK),0.12024265494763521,7891.248054779379,8.97350958317832
Bulgaria,Korea (ROK),0.12978539220467658,8266.10134099486,9.019918254976547
Bulgaria,Malaysia,0.09383057497554169,8652.835219215474,9.065642317228313
Bulgaria,Netherlands,0.242654866747794,1801.117054141743,7.4961623370349235
Bulgaria,New Zealand,0.3388354564055588,17558.548510308276,9.773296204906403
Bulgaria,Norway,0.3209411725584166,4139.77785232808,8.32839740652172
Bulgaria,Peru,0.10010663149120502,11601.231252610889,9.358866513928199
Bulgaria,Poland,0.23603186846313143,1113.9176731153252,7.015638515705463
Bulgaria,Portugal,0.051887245477901266,2810.704262552579,7.941190358168941
Bulgaria,Romania,0.06535096956651158,373.8841566053307,5.923946007737688
Bulgaria,Russian Federation,0.2050425248777415,4592.781912444842,8.43224120060426
Bulgaria,Slovakia,0.1405839641092636,789.3794267967734,6.671247101065941
Bulgaria,South Africa,0.20760262512809913,7911.975807257632,8.976132815570072
Bulgaria,Spain,0.2672912620860784,2401.743971435574,7.783950407215114
Bulgaria,Sweden,0.2045819600405667,2275.851592383132,7.730109587664687
Bulgaria,Switzerland,0.08804526662793397,1401.8012597071388,7.245513302701245
Bulgaria,Türkiye,0.04030342899145274,981.418729021158,6.888999207456952
Bulgaria,Ukraine,0.19076817766487572,811.9562924409105,6.699446511669737
Bulgaria,United Kingdom,0.3303881282755352,2335.7208556226865,7.75607584007095
Bulgaria,United States,0.3122887465785001,9498.178102778524,9.158855280541863
Bulgaria,Uruguay,0.1371860334926784,11723.197770970393,9.369324873267356
Bulgaria,Venezuela,0.05848461768237282,9564.910947566756,9.165856571592304
Canada,Chile,0.17966185975829546,12844.422370635399,9.46066493933357
Canada,China,0.20256308840763937,9265.395865547735,9.13404186479511
Canada,Colombia,0.09200008810138587,6738.828256479161,8.815641339605763
Canada,Czechia,0.09064820195505587,7171.188784557317,8.877826719649187
Canada,Denmark,0.09866008309959388,6337.50241048191,8.754240028251541
Canada,Ecuador,0.07635225399442727,7106.272745316171,8.868733158241822
Canada,Estonia,0.08724269150285437,6620.321644851762,8.797899234586366
Canada,Finland,0.07554444510071939,6014.54168199026,8.701935429660384
Canada,France,0.20652805015584583,6907.402103192051,8.840348884158892
Canada,Germany,0.2115314157734393,6826.037321693821,8.828499597030643
Canada,Greece,0.11651299817986219,8453.742389027237,9.042364508581453
Canada,Iceland,0.11561239088294475,4602.545340821595,8.434364764405062
Canada,India,0.13313115987580262,11233.407020970832,9.32664738738117
Canada,Italy,0.1329442683952,7758.019877662701,8.956482410211466
Canada,Japan,0.04985978784776746,7861.799597468835,8.969770815637702
Canada,Kazakhstan,0.17743607433008785,8360.740626213554,9.031302293807078
Canada,Korea (DPRK),0.1142541651451639,7976.6734849538225,8.984276747012943
Canada,Korea (ROK),0.08040389422504447,8332.455518642773,9.02791347187095
Canada,Malaysia,0.14551980730755315,12678.441849754716,9.447658337929084
Canada,Netherlands,0.19096563441578251,6576.63728238781,8.791278842379292
Canada,New Zealand,0.28714622407354745,12586.689682760516,9.440395160198806
Canada,Norway,0.2692519402264052,4528.651694090762,8.418179534900158
Canada,Peru,0.06173130657694939,7979.722619521179,8.984658930381231
Canada,Poland,0.18434263613112,7084.509809412526,8.865665962633505
Canada,Portugal,0.054064841276750826,7072.19605394181,8.86392632649286
Canada,Romania,0.058410682288543014,7833.272736638504,8.966135675685944
Canada,Russian Federation,0.15335329254573007,6997.83463788617,8.853356042737921
Canada,Slovakia,0.11561239088294475,7414.937954110885,8.911251886918802
Canada,South Africa,0.1559133927960877,15384.518965005373,9.641117020774347
Canada,Spain,0.21560202975406687,7279.891263000224,8.892871204678114
Canada,Sweden,0.15700654840913209,5961.3286431236065,8.693048661913522
Canada,Switzerland,0.06723732991494133,7176.23788108152,8.878530552726756
Canada,Türkiye,0.09388680612157117,8934.909458967113,9.09772129424248
Canada,Ukraine,0.14152402884980894,7749.596470154371,8.95539605262461
Canada,United Kingdom,0.2786988959435238,6094.278713883555,8.715105694286407
Canada,United States,0.26059951424648875,2311.2202973007284,7.745530931261579
Canada,Uruguay,0.08791950283731904,11147.653906099567,9.318984342739546
Canada,Venezuela,0.10921836251095643,6808.483105060521,8.825924629113437
Chile,China,0.04994661304761027,17910.26419769354,9.793129246352631
Chile,Colombia,0.26316308006846045,6452.300268593634,8.772191977001885
Chile,Czechia,0.10366587782596284,14004.935112384586,9.54716505450851
Chile,Denmark,0.24844631645499463,14210.624429803838,9.561745163109766
Chile,Ecuador,0.11523235271203079,5861.3301286851165,8.676131841231248
Chile,Estonia,0.2212189270162034,15117.727937632806,9.623623369766976
Chile,Finland,0.10550677663071639,15553.807473623458,9.652060741244853
Chile,France,0.031435936903380875,13098.120642353393,9.480224036481754
Chile,Germany,0.04652302443644411,13877.48705789133,9.538023169967328
Chile,Greece,0.272691829130127,13515.463590752777,9.51158976006474
Chile,Iceland,0.2523122602229624,13935.727906226299,9.542211174377158
Chile,India,0.046530699882492914,15595.859033371344,9.65476071142169
Chile,Italy,0.05744663341046601,13274.159701289671,9.493574544768775
Chile,Japan,0.1326550037916051,17071.822486009805,9.745184575526475
Chile,Kazakhstan,0.3570979340883833,16931.44285659093,9.736927696338688
Chile,Korea (DPRK),0.27043299609542876,18051.55904418569,9.800987333670136
Chile,Korea (ROK),0.10256001555361705,17609.02080496238,9.776166595456042
Chile,Malaysia,0.3251816670658486,14386.769782235771,9.574064298118204
Chile,Netherlands,0.032973128256499215,13686.503396667087,9.524165472705588
Chile,New Zealand,0.10748436431525193,7954.867057795104,8.981539228852872
Chile,Norway,0.08959008046810969,15929.073368120045,9.675901232230421
Chile,Peru,0.1417906283849617,5007.054095163156,8.518603016178744
Chile,Poland,0.04188159883935465,14347.796474217308,9.571351653593196
Chile,Portugal,0.1823756820656277,11937.485102105502,9.387438736797044
Chile,Romania,0.1712490886155811,14197.246663431702,9.56080332784748
Chile,Russian Federation,0.026308567212565456,18577.420581544757,9.829702175041717
Chile,Slovakia,0.2523122602229624,14142.574237254375,9.556944976434885
Chile,South Africa,0.04538309054796738,7857.663603219874,8.969244589736524
Chile,Spain,0.04048154352512474,12205.835041347666,9.40966939845861
Chile,Sweden,0.06283338536648622,14864.89109548883,9.606757409168484
Chile,Switzerland,0.2356368062547608,13396.538533751382,9.502751634192302
Chile,Türkiye,0.2651546877795249,14319.085454988488,9.569348573600083
Chile,Ukraine,0.05254306240080046,14784.771758813271,9.601352994819655
Chile,United Kingdom,0.09916949787624971,13553.612165682256,9.514408371274737
Chile,United States,0.08093765448819322,10533.21601863243,9.262288973373266
Chile,Uruguay,0.09429703413360349,2648.7147491466953,7.881829801007568
Chile,Venezuela,0.2888802222692519,6739.694111499823,8.815769818825995
China,Colombia,0.28238784735850275,15392.135590579093,9.641611982025932
China,Czechia,0.12289064511600509,6536.951284795322,8.785226171358454
China,Denmark,0.2550301219851559,6643.401877242558,8.801379442183832
China,Ecuador,0.13643675304169703,16107.583658303318,9.68704547474777
China,Estonia,0.24054330236220073,5652.19743323518,8.639799674764598
China,Finland,0.13087727037212854,5492.365394947562,8.61111429689384
China,France,0.04810049052821791,7566.961045264094,8.93154681870507
China,Germany,0.03418109438041137,6797.349925200548,8.824288098322565
China,Greece,0.27927563466028826,6539.701435873077,8.785646791401986
China,Iceland,0.25783723187251956,7469.439624368138,8.918575258494773
China,India,0.07087746704197609,2512.500852671134,7.829033891738869
China,Italy,0.07019981202303063,7070.455717529781,8.8636802147383
China,Japan,0.15437530848917333,3515.496910817336,8.16493616290674
China,Kazakhstan,0.3763227013784256,2915.193775516719,7.977691571881115
China,Korea (DPRK),0.27701680162559,2458.252561157322,7.807206035521747
China,Korea (ROK),0.12250614914334669,2594.6070614642513,7.861190362733552
China,Malaysia,0.34440643435589086,3681.139996161631,8.210977764756235
China,Netherlands,0.061171846486278804,7081.390360282798,8.865225545979035
China,New Zealand,0.0882595970252096,11538.148231693707,9.353414061994988
China,Norway,0.07036531317806738,5719.325322993418,8.651606126891506
China,Peru,0.16101539567500395,16904.369034541847,9.735327390253872
China,Poland,0.027634088076687803,6222.95463959797,8.736000095389183
China,Portugal,0.20160044935567004,8730.79344247232,9.074611531584821
China,Romania,0.19047385590562338,6072.18465422263,8.711473729387546
China,Russian Federation,0.054300048505382975,2617.9362445925944,7.870141593458491
China,Slovakia,0.25783723187251956,6299.992640500635,8.74830374420444
China,South Africa,0.05500522038083785,10483.390590880228,9.257547435214741
China,Spain,0.040562056520938736,8373.674995506362,9.032848134685048
China,Sweden,0.056317107861394454,6149.073551540734,8.724056707427017
China,Switzerland,0.25486157354480304,7160.828568161225,8.876380975069667
China,Türkiye,0.2860134378959235,5458.420506547553,8.604914742373014
China,Ukraine,0.10046549086994704,5498.703177379328,8.612267557487659
China,United Kingdom,0.07981226889518592,7382.371079394655,8.906850150464535
China,United States,0.062070339558465,11574.979259646181,9.356601087129606
China,Uruguay,0.1151055078553449,17645.343793327545,9.778227219814577
China,Venezuela,0.3081049895592941,14929.180173369305,9.611072977663818
Colombia,Czechia,0.1594972022424977,9528.997764325735,9.16209482473023
Colombia,Denmark,0.07293108374049227,9144.286419967733,9.120884528252645
Colombia,Ecuador,0.1479307273564297,905.8465705456166,6.80886994351831
Colombia,Estonia,0.04897419964182728,10096.572666369084,9.21995130527706
Colombia,Finland,0.15765630343774414,10067.268009448999,9.217044648948706
Colombia,France,0.2900292704660109,8517.700863564824,9.049901731712572
Colombia,Germany,0.29503263608360436,9171.930714286935,9.12390308990292
Colombia,Greece,0.09717659641562468,10098.892058872183,9.220180999670811
Colombia,Iceland,0.11197536319738713,7996.287140106166,8.98673260544403
Colombia,India,0.21663238018596767,15800.892980884806,9.667821735195508
Colombia,Italy,0.2152645647535893,9309.488237276917,9.138789399617066
Colombia,Japan,0.13050807627685537,14527.313581261162,9.583785851738975
Colombia,Kazakhstan,0.0939348540199228,12981.901653015442,9.47131148592271
Colombia,Korea (DPRK),0.09793094693306503,14710.361930337946,9.596307417666557
Colombia,Korea (ROK),0.16060306451484352,15070.714247071051,9.620508685790787
Colombia,Malaysia,0.0620185869973881,18957.723622976806,9.849966706521702
Colombia,Netherlands,0.2744668547259476,8832.7306921495,9.086219497448628
Colombia,New Zealand,0.37064744438371233,12105.692791084053,9.401431099546464
Colombia,Norway,0.35275316053657013,9673.063940370106,9.177100388350931
Colombia,Peru,0.12137245168349883,1516.789710245869,7.324351347620857
Colombia,Poland,0.26784385644128494,9767.572080367674,9.186823206514761
Colombia,Portugal,0.08257438376149996,7524.191611972367,8.925878656865969
Colombia,Romania,0.09191399145287946,10204.84330366094,9.230617720266768
Colombia,Russian Federation,0.2368545128558951,12774.211417395649,9.455183684587022
Colombia,Slovakia,0.11197536319738713,9831.101369576194,9.193306248530954
Colombia,South Africa,0.23941461310625267,11061.379410096037,9.311214987922867
Colombia,Spain,0.299103250064232,7938.883249735334,8.97952789570129
Colombia,Sweden,0.2360338746250591,9475.931108103836,9.156510295107022
Colombia,Switzerland,0.04877474326096299,8984.169530813744,9.103219366544527
Colombia,Türkiye,0.06917455241729056,11269.887295820694,9.329889606612983
Colombia,Ukraine,0.2204169304650018,10651.752779126871,9.273479737795443
Colombia,United Kingdom,0.3622001162536888,8406.999191757712,9.036819874996088
Colombia,United States,0.3441007345566538,4598.5387127628455,8.43349386087051
Colombia,Uruguay,0.16886604593485707,4408.908552069983,8.391382443947549
Colombia,Venezuela,0.04709582981349642,830.2064213417544,6.721674370281575
Czechia,Denmark,0.17923922610048404,834.8102079584592,6.7272044031571046
Czechia,Ecuador,0.028987869691272084,10431.360517850218,9.252571982234807
Czechia,Estonia,0.12230276121156189,1168.2060248654725,7.063224538985028
Czechia,Finland,0.04336714154600993,1833.1431561347056,7.513787344154378
Czechia,France,0.13053206822351324,1041.6423168523627,6.948553897407441
Czechia,Germany,0.13553543384110675,405.45540369376243,6.005010888946994
Czechia,Greece,0.20348473877561646,1286.3271967389624,7.159546302248357
Czechia,Iceland,0.19676729383067657,2594.907097357011,7.861305994325995
Czechia,India,0.057135177943469985,6293.125998384132,8.747213205316665
Czechia,Italy,0.058318141105472676,831.156756985557,6.722818413630859
Czechia,Japan,0.05477733077064813,8939.782049095633,9.09826648857459
Czechia,Kazakhstan,0.2534320562624205,3643.612223895772,8.200730837760123
Czechia,Korea (DPRK),0.20122590574091817,7962.574365088123,8.982507639251327
Czechia,Korea (ROK),0.029722345172499175,8380.971472246883,9.03371911423282
Czechia,Malaysia,0.22151578923988577,9433.421702341202,9.152014162658693
Czechia,Netherlands,0.11496965248344991,754.256327467869,6.6257322670896555
Czechia,New Zealand,0.2111502421412147,18041.638424166435,9.800437611231287
Czechia,Norway,0.1932559582940725,3369.13787336163,8.122412166689585
Czechia,Peru,0.05287808767682516,10892.069164833425,9.295790203831643
Czechia,Poland,0.10834665419878738,342.948841444574,5.837581285734562
Czechia,Portugal,0.08260362756011441,2193.932092812566,7.693450689040114
Czechia,Romania,0.06939210460231557,767.0158475154884,6.64250746284284
Czechia,Russian Federation,0.0773573106133974,4576.82672242879,8.428761181608134
Czechia,Slovakia,0.19676729383067657,319.01421132314107,5.765235651394864
Czechia,South Africa,0.07991741086375506,8754.928147798622,9.077372037695826
Czechia,Spain,0.1396060478217343,1850.1288418909417,7.523010559912695
Czechia,Sweden,0.08082476880763138,1392.5464253517544,7.238889310816068
Czechia,Switzerland,0.13297579421608177,628.4064908330915,6.443187235470533
Czechia,Türkiye,0.16312279277991829,2002.1341408399398,7.60196896104709
Czechia,Ukraine,0.06839815360890916,1123.1664124533434,7.023907129381894
Czechia,United Kingdom,0.202702914011191,1279.7055573045357,7.154385297096101
Czechia,United States,0.18460353231415608,8425.79624724233,9.039053260813205
Czechia,Uruguay,0.03807730858601567,11515.485676029768,9.351447989049202
Czechia,Venezuela,0.18521434444328908,8809.261849870041,9.083558929934219
Denmark,Ecuador,0.16607044321099235,10031.427459038241,9.213478189776584
Denmark,Estonia,0.09210676744385662,991.4696440089492,6.899188331262167
Denmark,Finland,0.14843659802689707,1365.0972422062248,7.218980944793152
Denmark,France,0.2613661590711518,1163.675423918411,7.059338743975849
Denmark,Germany,0.26255613810494544,547.7868636866297,6.305886276414816
Denmark,Greece,0.02424551267513239,2120.913233180662,7.659602045279376
Denmark,Iceland,0.055322922916833564,1778.158480478844,7.483333546229224
Denmark,India,0.2178396735606688,6756.766482747785,8.818299723645795
Denmark,Italy,0.19204734989487038,1547.3703276426322,7.344312206309574
Denmark,Japan,0.12766220848378132,8666.43468375731,9.067212760718489
Denmark,Kazakhstan,0.1359501539966303,3863.1999733870753,8.259251127670503
Denmark,Korea (DPRK),0.03253282207291937,7766.583993969016,8.957585706275683
Denmark,Korea (ROK),0.16325736462323337,8209.652040548537,9.013065819154715
Denmark,Malaysia,0.10403388697409562,9813.70178312212,9.19153482930433
Denmark,Netherlands,0.2423008244562602,544.5892610786068,6.300031861129717
Denmark,New Zealand,0.33356288914560767,17795.023670216746,9.786674128104506
Denmark,Norway,0.3195137824917513,2668.4025831231947,7.889235288876862
Denmark,Peru,0.12739947906132595,10576.781376031448,9.266416441362274
Denmark,Poland,0.25068179400037965,796.7344920750287,6.680521489129393
Denmark,Portugal,0.12577670637160107,2278.86325565144,7.731432025537398
Denmark,Romania,0.13355602703823227,1531.8007242119738,7.334199266260323
Denmark,Russian Federation,0.2243586039604866,4413.126198666095,8.392338605884476
Denmark,Slovakia,0.055322922916833564,1088.5439287097247,6.992596236966133
Denmark,South Africa,0.20816904939505945,9553.165720382078,9.164627867589665
Denmark,Spain,0.27682637824867123,2055.278682800156,7.628166729804052
Denmark,Sweden,0.20275806748697503,726.9010105145105,6.588790306659537
Denmark,Switzerland,0.06355802165003266,1061.0498787053514,6.9670141485413755
Denmark,Türkiye,0.11481067397415677,2740.6460745595746,7.915948965222047
Denmark,Ukraine,0.23355754084760677,1667.5432082444402,7.419106689444738
Denmark,United Kingdom,0.3302098807289115,746.7027664167023,6.615667202891767
Denmark,United States,0.31091968672565107,7651.219459699422,8.942620320613372
Denmark,Uruguay,0.1568743142483147,11617.015427234373,9.360226149500402
Denmark,Venezuela,0.08932086121211635,8479.254533394747,9.045377816123954
Ecuador,Estonia,0.11048668226649075,10974.4031084906,9.30332084999427
Ecuador,Finland,0.04553411939576986,10913.586341870297,9.297763745421726
Ecuador,France,0.14209854310958117,9422.5226548482,9.150858129473576
Ecuador,Germany,0.14710190872717466,10071.529597025532,9.217467870605073
Ecuador,Greece,0.1903159558861247,11000.768740550446,9.305720434843215
Ecuador,Iceland,0.18558573141080303,8824.93226573822,9.085336206501585
Ecuador,India,0.06870165282953788,16706.709091094202,9.723565659709832
Ecuador,Italy,0.06733383739715959,10214.670592501088,9.23158025930162
Ecuador,Japan,0.04164879399021165,14653.619162209005,9.592442625724425
Ecuador,Kazakhstan,0.24186558137635253,13850.436992613735,9.536072062931003
Ecuador,Korea (DPRK),0.18805712285142648,15037.049861457223,9.618272425434707
Ecuador,Korea (ROK),0.02935858302491809,15333.673017219628,9.637806539854674
Ecuador,Malaysia,0.2099493143538178,19781.711639771296,9.892513135293902
Ecuador,Netherlands,0.12653612736951786,9730.633163342813,9.183034246376627
Ecuador,New Zealand,0.2227167170272826,11203.630735576862,9.323993177569893
Ecuador,Norway,0.20482243318014048,10411.998479163862,9.25071412004874
Ecuador,Peru,0.0401749919506233,873.646785034256,6.772676157854114
Ecuador,Poland,0.11991312908485528,10666.154947322435,9.274830918274459
Ecuador,Portugal,0.07078754861504324,8428.661850811002,9.03939330183732
Ecuador,Romania,0.056289748520908865,11110.251554941948,9.315623524586341
Ecuador,Russian Federation,0.08892378549946538,13505.825663712323,9.510876401989307
Ecuador,Slovakia,0.18558573141080303,10734.607734353503,9.281228168830484
Ecuador,South Africa,0.09148388574982301,11318.970757113455,9.334235425106993
Ecuador,Spain,0.15117252270780224,8842.947750393681,9.087375555974505
Ecuador,Sweden,0.09766125756986381,10339.645223152009,9.243740836366625
Ecuador,Switzerland,0.12040445354272998,9889.359182602075,9.199214628038442
Ecuador,Türkiye,0.14992233506749408,12173.557878762345,9.407021491552138
Ecuador,Ukraine,0.07621215813500057,11553.627653481411,9.354754749188844
Ecuador,United Kingdom,0.21426938889725902,9297.67995122363,9.137520180408764
Ecuador,United States,0.1961700072002241,4848.6697193295695,8.486459661634292
Ecuador,Uruguay,0.036332803847572544,4136.719213423768,8.327658292130872
Ecuador,Venezuela,0.17364786955722114,1695.8849959546174,7.435960005063692
Estonia,Finland,0.11707171772482491,732.4707416570549,6.596423396963174
Estonia,France,0.24777143280958205,2022.3016580195135,7.6119915763953925
Estonia,Germany,0.2522105906227446,1240.2409731350617,7.123060972892274
Estonia,Greece,0.11635228011898903,2175.773963162454,7.685139725357084
Estonia,Iceland,0.13280222845772863,2371.2239862020615,7.7711615506891265
Estonia,India,0.17710164516276214,5865.706287119543,8.676878177898484
Estonia,Italy,0.17283902774669607,1986.3245062066837,7.594041228138814
Estonia,Japan,0.09266135740829169,7805.817831221778,8.962624610448234
Estonia,Kazakhstan,0.1376190005849412,2890.5659428486683,7.969207589910001
Estonia,Korea (DPRK),0.11409344708429076,6859.581236931638,8.833401674677598
Estonia,Korea (ROK),0.12107232949163801,7291.497516376818,8.894464224534596
Estonia,Malaysia,0.1057027335624065,8863.476991880896,9.089694403622739
Estonia,Netherlands,0.23201884254837354,1457.209628707447,7.284278672789937
Estonia,New Zealand,0.32736343380538113,16956.676078682398,9.738416904211396
Estonia,Norway,0.310101016074831,2388.2552114597975,7.778318341272639
Estonia,Peru,0.08419400139346209,11546.92976412713,9.354174859325504
Estonia,Poland,0.22582373693628774,841.9091143082967,6.73567206816493
Estonia,Portugal,0.06193511085188062,3193.940947479727,8.069010840025372
Estonia,Romania,0.06048551076421164,1388.6890453062429,7.236115448221886
Estonia,Russian Federation,0.19639220591772627,3479.6490987262514,8.154686733985107
Estonia,Slovakia,0.13280222845772863,1155.3154532401277,7.052128705353923
Estonia,South Africa,0.19645154493391012,9663.740495735101,9.176136067137639
Estonia,Spain,0.2562748888443673,2911.9322621636807,7.976572147426406
Estonia,Sweden,0.19344657969960394,724.4581990760382,6.585424063858893
Estonia,Switzerland,0.07801494312989672,1735.3954864259815,7.45899061247205
Estonia,Türkiye,0.08490917219689398,2319.967242361924,7.749308344889088
Estonia,Ukraine,0.18365513646967152,1134.5888624734791,7.034025628586116
Estonia,United Kingdom,0.3191347065109882,1734.7393911040301,7.458612474242313
Estonia,United States,0.3011880240135174,8212.414180040805,9.013402212819337
Estonia,Uruguay,0.12737841508906667,12563.938905262434,9.43858599796464
Estonia,Venezuela,0.06940128876580975,9450.662502252017,9.153840124088887
Finland,France,0.13237296702826679,2521.24275502115,7.832507215698066
Finland,Germany,0.1373763326458603,1795.611787845115,7.493101071736482
Finland,Greece,0.1726821107020295,2907.88873533222,7.9751825763437765
Finland,Iceland,0.16513767177081348,2105.650709144549,7.65237982383139
Finland,India,0.0706161775855885,6066.019457002126,8.710457895794013
Finland,Italy,0.06199355457054576,2664.1977418753995,7.887658256336266
Finland,Japan,0.04111868952209638,7302.606813098867,8.895986661077055
Finland,Kazakhstan,0.25159115745766697,2962.413122965292,7.993759459432048
Finland,Korea (DPRK),0.17042327766733123,6418.112290056188,8.766879317630208
Finland,Korea (ROK),0.029202666439452386,6866.971722274379,8.834478490696714
Finland,Malaysia,0.21967489043513228,8907.882641872035,9.094691853826177
Finland,Netherlands,0.11681055128820342,1906.8137880049803,7.553188954270009
Finland,New Zealand,0.21299114094596827,16435.765452927837,9.70721505957584
Finland,Norway,0.19509685709882604,1666.0172200602633,7.418191158843997
Finland,Peru,0.045634141525871134,11559.306066206787,9.355246111549718
Finland,Poland,0.11237401337566283,1536.2650694479264,7.337109470074072
Finland,Portugal,0.07835948718698188,3640.892817274535,8.19998421002572
Finland,Romania,0.07385086885341989,2120.75562524852,7.659527731165062
Finland,Russian Federation,0.07988217588128681,3102.40036968535,8.039931403649465
Finland,Slovakia,0.16513767177081348,1871.2224908602122,7.534347234682672
Finland,South Africa,0.08175830966850857,10390.451853311995,9.248642572398076
Finland,Spain,0.14363340699860982,3417.5294709208283,8.136673192092987
Finland,Sweden,0.08477301157794541,691.0017270344572,6.538142323090823
Finland,Switzerland,0.1301300296240444,2328.0353753732034,7.752780004342923
Finland,Türkiye,0.1596479111488085,2981.7521057662175,8.000266361676763
Finland,Ukraine,0.08901049910153173,1816.7087714993775,7.504781775692733
Finland,United Kingdom,0.20454381281594466,2001.3892619029264,7.60159684934913
Finland,United States,0.18644443111890957,7744.748115814859,8.954770230154889
Finland,Uruguay,0.024594481619929078,12933.747042411653,9.46759522424699
Finland,Venezuela,0.1833734456385355,9485.505045626074,9.157520127722886
France,Germany,0.036756599181950816,787.5370018862562,6.668910356118186
France,Greece,0.2856116717462842,1816.1330245884828,7.50446480790386
France,Iceland,0.26174498070363583,2360.287763916325,7.766538824449176
France,India,0.07339689028004334,7289.654643957673,8.894211449937817
France,Italy,0.07493240506288608,960.5025155801726,6.867456601237116
France,Japan,0.15952119418915556,9808.50978925469,9.191005633706837
France,Kazakhstan,0.3839641244859337,4682.878877287081,8.451668344507196
France,Korea (DPRK),0.2833528387115859,8880.147059529934,9.091573396606963
France,Korea (ROK),0.1294262059511674,9313.668622571215,9.13923834448672
France,Malaysia,0.35204785746339895,10449.240913007026,9.254284614850917
France,Netherlands,0.02239736285103933,619.6309176806182,6.429124006717757
France,New Zealand,0.08715444923090127,18956.991924369562,9.849928109444194
France,Norway,0.07100520732409603,3764.3486831408927,8.233330132743403
France,Peru,0.16865681878251204,9859.7406156131,9.196215140517701
France,Poland,0.05321234857336396,1344.0359732666277,7.2034322865482805
France,Portugal,0.20924187246317807,1178.730191301951,7.072193028972489
France,Romania,0.19811527901313147,1690.6706030072794,7.4328805357234184
France,Russian Federation,0.05380683261028731,5501.943051772237,8.612856590971527
France,Slovakia,0.26174498070363583,1321.790885775815,7.186742827699987
France,South Africa,0.05338261263519502,8714.771781351335,9.072774770732448
France,Spain,0.03318593243057652,898.3013381757585,6.800505577909838
France,Sweden,0.06525254301404712,1887.6514786484433,7.543088731491612
France,Switzerland,0.26250299665231114,470.4809541500462,6.153755478184941
France,Türkiye,0.29202087817707517,2848.6566442334174,7.954602809240443
France,Ukraine,0.07240696502796219,2152.5194169682773,7.674394256920098
France,United Kingdom,0.07922461951459141,858.9222171130268,6.7556783673756104
France,United States,0.06382299168592002,7837.070260863841,8.966620352288144
France,Uruguay,0.12116322453115386,10547.128579191825,9.26360892927008
France,Venezuela,0.3157464126668023,7783.976401163737,8.959822592150523
Germany,Greece,0.28680165078007785,1632.4563880783035,7.397841145987187
Germany,Iceland,0.25841486581883866,2230.60975228021,7.71003025859437
Germany,India,0.08241006023975407,6664.337012708796,8.804525754703125
Germany,Italy,0.07976807133001504,1000.5048687368924,6.908260020315688
Germany,Japan,0.16452455980674896,9041.75195282804,9.109608234701009
Germany,Kazakhstan,0.3889674901035272,3933.7543287955373,8.277349548802679
Germany,Korea (DPRK),0.28454281774537965,8099.69496082889,8.99958168079448
Germany,Korea (ROK),0.1344295715687609,8530.45532094918,9.051398017835945
Germany,Malaysia,0.35705122308099246,9787.938605743846,9.188906152142385
Germany,Netherlands,0.04069395345992147,353.14280610657033,5.866872525002028
Germany,New Zealand,0.07561480830010811,18196.044585122054,9.808959518957394
Germany,Norway,0.05910299406348841,3204.91787339961,8.072441744502154
Germany,Peru,0.17366018440010556,10556.2110966502,9.264469695211268
Germany,Poland,0.0505796774333695,598.0323316175064,6.393644818739116
Germany,Portugal,0.21424523808077153,1965.811250275296,7.583660289117117
Germany,Romania,0.20311864463072496,1172.4709363592629,7.066868712259919
Germany,Russian Federation,0.060247088840970714,4718.036378910318,8.459147970601377
Germany,Slovakia,0.25841486581883866,722.0500664553166,6.582094480609571
Germany,South Africa,0.05582133635037804,9010.227398169347,9.106115588704471
Germany,Spain,0.0454540719392769,1671.7366778636062,7.421618291925878
Germany,Sweden,0.06049802694397772,1233.7853662343716,7.117842255977668
Germany,Switzerland,0.26750636226990465,537.0352359851421,6.286063708715874
Germany,Türkiye,0.29702424379466874,2407.4984459828465,7.786343498182081
Germany,Ukraine,0.09349209936248931,1488.6972418225669,7.3056566821390145
Germany,United Kingdom,0.06803400034349955,874.2529101931527,6.773369704726224
Germany,United States,0.050174088458982836,8030.214851992692,8.99096656274634
Germany,Uruguay,0.12616659014874732,11334.481550010132,9.335604823034538
Germany,Venezuela,0.32074977828439577,8466.00108614048,9.04381354937527
Greece,Iceland,0.037292892290041416,3863.0110753858676,8.25920222970485
Greece,India,0.2420851862358012,5720.456275922404,8.651803849710408
Greece,Italy,0.21629286257000277,862.8568794204871,6.760248836566118
Greece,Japan,0.15190772115891374,9426.4991966745,9.151280065626722
Greece,Kazakhstan,0.11170464132149792,3666.2616168840987,8.206927788887826
Greece,Korea (DPRK),0.011163530061192055,8365.17533019587,9.031832573176864
Greece,Korea (ROK),0.1875028772983658,8733.032888060266,9.074867998358808
Greece,Malaysia,0.0896285934507978,8899.175846549746,9.093713949921183
Greece,Netherlands,0.26654633713139253,1916.7932654137762,7.558408894462212
Greece,New Zealand,0.35780840182074,17825.643964224804,9.788393371655166
Greece,Norway,0.34375929516688364,4545.551603243455,8.421904364097507
Greece,Peru,0.15164499173645835,11314.561018666653,9.333845760909085
Greece,Poland,0.274927306675512,1439.2876802661563,7.271903603700384
Greece,Portugal,0.15002221904673346,2584.77679538467,7.857394437135061
Greece,Romania,0.15780153971336466,798.0157235698899,6.68212830097736
Greece,Russian Federation,0.248604116635619,5082.195272245663,8.53349858743268
Greece,Slovakia,0.037292892290041416,1084.9501330045423,6.989289304553873
Greece,South Africa,0.23241456207019182,7517.947084567684,8.925048385600775
Greece,Spain,0.3010718909238036,2167.7514810240345,7.681445725464987
Greece,Sweden,0.22700358016210742,2622.554657906829,7.871904181962444
Greece,Switzerland,0.07180688566635117,1392.9906773801683,7.239208281280863
Greece,Türkiye,0.1312474720308238,1181.7545999445078,7.074755562151074
Greece,Ukraine,0.2578030535227392,1305.087034720351,7.174025010805196
Greece,United Kingdom,0.354455393404044,2441.8673886344122,7.8005183487876
Greece,United States,0.33516519940078343,9611.99819350053,9.17076740891424
Greece,Uruguay,0.18111982692344708,11272.179903499846,9.330093013662282
Greece,Venezuela,0.09436304100338042,9315.526539592394,9.139437807427678
Iceland,India,0.23076080602647575,8163.261396045099,9.007399048994902
Iceland,Italy,0.19700883706388386,3158.3955973534944,8.05781945528983
Iceland,Japan,0.14700050226716346,8595.573699286308,9.059002663615729
Iceland,Kazakhstan,0.14899753361153933,5068.041788558608,8.530709786978978
Iceland,Korea (DPRK),0.03503405925534314,7920.567123225739,8.977218088712748
Iceland,Korea (ROK),0.17894477753690982,8389.49194759445,9.03473524310981
Iceland,Malaysia,0.1269214857408392,10990.826871416795,9.304816283094851
Iceland,Netherlands,0.2407110765359101,1974.560396334573,7.588101068425304
Iceland,New Zealand,0.32719469139099105,16892.05813031892,9.73459885734077
Iceland,Norway,0.31655568144811835,2066.4311464490947,7.633578314475381
Iceland,Peru,0.14611503795287256,9503.065222149626,9.159369680509831
Iceland,Poland,0.2581306027320332,2566.7356175433397,7.85039018279076
Iceland,Portugal,0.15527084833199856,2906.7686235327287,7.9747973045231975
Iceland,Romania,0.16270001098281625,3309.45207254088,8.104537917671635
Iceland,Russian Federation,0.23017756512042523,4914.416447227525,8.499928296585841
Iceland,Slovakia,0.0,2865.9472584371388,7.9606542057195355
Iceland,South Africa,0.21569394756343413,11072.43425689878,9.312213898267762
Iceland,Spain,0.28047842396624506,2948.1449740305225,7.988931429179627
Iceland,Sweden,0.20392978225302374,1649.0828184466873,7.407974544734883
Iceland,Switzerland,0.08009419506413816,2579.7667284276586,7.855454258489833
Iceland,Türkiye,0.16196313464008188,4504.193539093029,8.412764139387669
Iceland,Ukraine,0.25134971328563505,3374.43528846559,8.123983267370631
Iceland,United Kingdom,0.3241215215348033,1511.849257622807,7.321088854429955
Iceland,United States,0.3061710822802927,5893.056263224843,8.681530032259644
Iceland,Uruguay,0.1674058610762254,11300.984113782511,9.33264509062361
Iceland,Venezuela,0.12652569414241083,7462.175997136315,8.917602339289122
India,Italy,0.036464409343281635,6493.611311969546,8.778574097463673
India,Japan,0.09017746507688741,5877.65679144986,8.678913456613046
India,Kazakhstan,0.31056723420589055,3130.2097666507448,8.048855299387865
India,Korea (DPRK),0.2398263532011029,4905.759005102735,8.49816510112977
India,Korea (ROK),0.05602931567112412,4940.8552986409595,8.505293732572135
India,Malaysia,0.27865096718335575,3181.1450893187703,8.06499650193777
India,Netherlands,0.06140692671425993,7011.201108793394,8.855264307547158
India,New Zealand,0.15401506419774477,12109.187970409366,9.401719779832277
India,Norway,0.13612078035060254,6989.832500866928,8.852211872260765
India,Peru,0.09525992850246877,17003.89702761067,9.74119783368586
India,Poland,0.05262293967563194,6076.424221176098,8.712171680431826
India,Portugal,0.13740251151131463,8281.239742219796,9.02174796349252
India,Romania,0.12471838873308821,5599.779602553581,8.630482519261886
India,Russian Federation,0.02702755907601082,4239.694400501924,8.35224647027513
India,Slovakia,0.23076080602647575,5984.98901956004,8.697009783330413
India,South Africa,0.04019048360789383,7975.018004949708,8.984069185324442
India,Spain,0.08345276786591777,7868.308187576815,8.970598348489778
India,Sweden,0.06403844153329677,6550.6449572800075,8.78731879054207
India,Switzerland,0.18910610637226793,6821.336555719696,8.827810707548716
India,Türkiye,0.218623987897032,4541.8248334338605,8.421084155967142
India,Ukraine,0.04237574262138185,5176.023952578843,8.551792463793452
India,United Kingdom,0.14556773606772117,7470.70372163498,8.91874448006656
India,United States,0.12746835437068613,13440.595151639023,9.506034895212716
India,Uruguay,0.06374802044189597,15445.915958438933,9.645099908122495
India,Venezuela,0.24234952238675908,15033.926575532501,9.618064697831148
Italy,Japan,0.08475648847673398,9682.771830137863,9.178103485370029
Italy,Kazakhstan,0.30919941877351215,4155.742026722744,8.33224627780042
Italy,Korea (DPRK),0.2140340295353045,8673.426161520156,9.068019166052892
Italy,Korea (ROK),0.05466150023874582,9075.520272850272,9.113335987831357
Italy,Malaysia,0.2772831517509774,9673.674804923263,9.177163537449227
Italy,Netherlands,0.06049705936343452,1185.6965959519684,7.078085725541432
Italy,New Zealand,0.15538287963012307,18574.265682774017,9.82953233624862
Italy,Norway,0.13748859578298087,4179.321686084795,8.33790423629435
Italy,Peru,0.09389211307009047,10580.008177308104,9.266721478314459
Italy,Poland,0.06169257958010408,1144.4832140191538,7.042708472635134
Italy,Portugal,0.13447716675075647,1788.7514010167497,7.489273114108229
Italy,Romania,0.12335057330070988,998.273657558209,6.906027444694027
Italy,Russian Federation,0.037684109715724,5303.271472193477,8.576079168018722
Italy,Slovakia,0.19700883706388386,873.4822034075144,6.772487755477052
Italy,South Africa,0.03882938334024232,8011.703389092301,8.988658675268207
Italy,Spain,0.08518185256677227,1379.7480840562619,7.229656213702058
Italy,Sweden,0.04678169452656228,2196.9686263230788,7.694833792047362
Italy,Switzerland,0.1877382909398896,584.1446292080948,6.370148604920933
Italy,Türkiye,0.21725617246465367,1969.375487823713,7.585471760216345
Italy,Ukraine,0.07381974059984919,1580.2652597016136,7.365347997816851
Italy,United Kingdom,0.1469355515000994,1669.9968595785697,7.420577024917158
Italy,United States,0.12883616980306445,8789.071124344408,9.0812643109593
Italy,Uruguay,0.04639851881873227,10862.588327586624,9.293079900963983
Italy,Venezuela,0.24098170695438073,8543.372765669008,9.052911146247324
Japan,Kazakhstan,0.2244429302967782,5869.57201743227,8.677537000016244
Japan,Korea (DPRK),0.14964888812421542,1112.412707476883,7.0142865457725225
Japan,Korea (ROK),0.044040289500482624,937.6915625217308,6.843421070327862
Japan,Malaysia,0.19252666327424348,5161.794678440146,8.549039603904411
Japan,Netherlands,0.1439587784490922,9203.92311865902,9.127385098084627
Japan,New Zealand,0.2401393681068571,9155.290254412612,9.122087161074917
Japan,Norway,0.22224508425971484,6530.638129030282,8.78425994016519
Japan,Peru,0.029855458020663795,15450.45875220924,9.6453939745847
Japan,Poland,0.13733578016442957,8596.957686095624,9.059163662223938
Japan,Portugal,0.05886004647501922,10943.3628708364,9.300488420956057
Japan,Romania,0.04093892495332726,8759.573687388596,9.077902516922999
Japan,Russian Federation,0.10634643657903968,4380.260940880841,8.38486357713951
Japan,Slovakia,0.14700050226716346,8812.69854299903,9.083948976568752
Japan,South Africa,0.10890653682939734,13708.909839154392,9.525801253651153
Japan,Spain,0.16859517378737657,10706.420290129496,9.278598867620612
Japan,Sweden,0.10782727177193333,7975.086468005141,8.984077769977358
Japan,Switzerland,0.10712271919479735,9538.552370638474,9.163097009808524
Japan,Türkiye,0.13249968398791973,8548.983003032954,9.053567607842359
Japan,Ukraine,0.10668942426613984,8170.203042544828,9.008249039753906
Japan,United Kingdom,0.23169203997683335,9269.860057037016,9.134523562117689
Japan,United States,0.21359265827979837,9928.784674567596,9.203193360280924
Japan,Uruguay,0.04388272233778549,18650.649681917825,9.833636259956792
Japan,Venezuela,0.15622521847764675,14670.248073724286,9.593576781268371
Kazakhstan,Korea (DPRK),0.11396347435619619,4771.286285582114,8.47037120907786
Kazakhstan,Korea (ROK),0.2545379185347663,5103.283079341409,8.537639352647364
Kazakhstan,Malaysia,0.03191626702253471,5981.005339267776,8.69634394974902
Kazakhstan,Netherlands,0.3684017087458704,4242.26843622089,8.352853413702622
Kazakhstan,New Zealand,0.46458229840363513,14450.873639386273,9.578510151186077
Kazakhstan,Norway,0.44668801455649304,3916.866664735249,8.273047292937166
Kazakhstan,Peru,0.2153073057034217,14437.218050798447,9.577564738124432
Kazakhstan,Poland,0.3617787104612078,3344.110561320354,8.114956036253837
Kazakhstan,Portugal,0.17472225202275563,5831.525677699117,8.671033939396574
Kazakhstan,Romania,0.18584884547280225,3157.5796883842368,8.057561091715913
Kazakhstan,Russian Federation,0.3307893668758179,1916.735746284887,7.558378886013747
Kazakhstan,Slovakia,0.14899753361153933,3392.9708231141553,8.12946116560613
Kazakhstan,South Africa,0.3333494671261755,9399.903183841967,9.148454668613773
Kazakhstan,Spain,0.3930381040841548,5465.166300141888,8.606149830182767
Kazakhstan,Sweden,0.32996872864498183,3510.949205730048,8.163641708883505
Kazakhstan,Switzerland,0.12146112783362252,4260.644534241077,8.357175726936482
Kazakhstan,Türkiye,0.09194324630885846,2683.701525903336,7.894952286953796
Kazakhstan,Ukraine,0.3143517844849246,2584.18633016971,7.857165971501553
Kazakhstan,United Kingdom,0.45613497027361166,4609.263947186613,8.435823458858296
Kazakhstan,United States,0.4380355885765766,10423.153329375315,9.251784892307061
Kazakhstan,Uruguay,0.26280089995477995,14935.208043924831,9.61147666051133
Kazakhstan,Venezuela,0.06821771181913142,12340.364829172564,9.420630861785119
Korea (DPRK),Korea (ROK),0.1852440442636675,469.40355503112886,6.151462856952643
Korea (DPRK),Malaysia,0.1000500654264487,4756.141703150951,8.467192051973834
Korea (DPRK),Netherlands,0.26428750409669427,8292.004695672362,9.02304703984499
Korea (DPRK),New Zealand,0.3555495687860417,10099.642662810438,9.220255322283709
Korea (DPRK),Norway,0.34150046213218543,5868.306695518492,8.67732140366368
Korea (DPRK),Peru,0.14938615870176006,15896.170874820562,9.673833533722226
Korea (DPRK),Poland,0.27266847364081376,7620.239432139797,8.938563069727701
Korea (DPRK),Portugal,0.1477633860120352,10041.01596280225,9.214433579640373
Korea (DPRK),Romania,0.15554270667866638,7725.747606755131,8.95231387465678
Korea (DPRK),Russian Federation,0.2463452836009207,3386.435785641672,8.12753325660944
Korea (DPRK),Slovakia,0.03503405925534314,7811.781915692235,8.96338837502884
Korea (DPRK),South Africa,0.23015572903549358,12853.016465980947,9.461333807209517
Korea (DPRK),Spain,0.2988130578891054,9771.426299970779,9.18721772209617
Korea (DPRK),Sweden,0.22474474712740913,7104.695909742835,8.868511240142066
Korea (DPRK),Switzerland,0.06954805263165291,8575.685557374458,9.0566862172203
Korea (DPRK),Türkiye,0.13936738234238086,7454.341585463978,8.916551904782631
Korea (DPRK),Ukraine,0.2555442204880409,7132.337476909608,8.872394296555294
Korea (DPRK),United Kingdom,0.35219656036934566,8414.762323399607,9.037742861829068
Korea (DPRK),United States,0.33290636636608517,10192.161608224691,9.229374234066206
Korea (DPRK),Uruguay,0.17886099388874885,19100.565776342653,9.85747323539405
Korea (DPRK),Venezuela,0.10315254765985717,14660.484142128807,9.592910999597168
Korea (ROK),Malaysia,0.22262165151223165,4466.48672924756,8.404357411962636
Korea (ROK),Netherlands,0.11386379021110406,8731.142734745841,9.074651537718164
Korea (ROK),New Zealand,0.21004437986886887,9673.038527638275,9.17709776118281
Korea (ROK),Norway,0.19215009602172664,6337.708975385144,8.754272621775542
Korea (ROK),Peru,0.039230612831344644,16174.64574907044,9.691200217989882
Korea (ROK),Poland,0.10724079192644152,8039.563684810722,8.99213009264208
Korea (ROK),Portugal,0.08137319584019048,10479.688189114804,9.257194204485344
Korea (ROK),Romania,0.0688171809997882,8115.815727035131,9.00156999578838
Korea (ROK),Russian Federation,0.07625144834105158,3812.477843755511,8.246034609424816
Korea (ROK),Slovakia,0.17894477753690982,8220.010526761358,9.014326768677307
Korea (ROK),South Africa,0.07881154859140922,12808.375240194146,9.457854551576728
Korea (ROK),Spain,0.13850018554938848,10201.318797128946,9.230272284750805
Korea (ROK),Sweden,0.08325657231339995,7555.215824363481,8.929993441388614
Korea (ROK),Switzerland,0.13307679070114378,8998.37869584274,9.104799695183951
Korea (ROK),Türkiye,0.16350728875257675,7784.636291851376,8.959907364082492
Korea (ROK),Ukraine,0.07771972753633988,7521.2117104907275,8.925482535677757
Korea (ROK),United Kingdom,0.20159705173884526,8866.216836847678,9.090003472128382
Korea (ROK),United States,0.18349767004181022,10510.914570630246,9.260169479174518
Korea (ROK),Uruguay,0.022719223217979694,19470.253695947154,9.876643128376227
Korea (ROK),Venezuela,0.18632020671563493,15069.020726099463,9.620396307830273
Malaysia,Netherlands,0.3364854417233358,10126.20998475379,9.222882389501667
Malaysia,New Zealand,0.4326660313811005,8928.679438743686,9.097023783735303
Malaysia,Norway,0.4147717475339583,9383.106997105322,9.146666223518789
Malaysia,Peru,0.183391038680887,19371.762260195705,9.871571731106068
Malaysia,Poland,0.32986244343867305,9191.796323503071,9.126066661265591
Malaysia,Portugal,0.14280598500022096,11461.899955863726,9.346783766742037
Malaysia,Romania,0.15393257845026756,8765.150354888248,9.078538951217134
Malaysia,Russian Federation,0.29887309985328325,6286.794632563166,8.746206622438873
Malaysia,Slovakia,0.1269214857408392,9133.10580068653,9.119661091064144
Malaysia,South Africa,0.3014332001036408,8843.916456543271,9.087485095589805
Malaysia,Spain,0.3611218370616201,11049.353468710864,9.310127195615218
Malaysia,Sweden,0.29805246162244714,9489.960847759134,9.157989765964182
Malaysia,Switzerland,0.09062544841521886,9984.299799015145,9.208769118104607
Malaysia,Türkiye,0.06002697928632375,7722.251648174689,8.9518612647644
Malaysia,Ukraine,0.2824355174623899,8310.331080520415,9.025254728273714
Malaysia,United Kingdom,0.4242187032510769,10550.731072329383,9.263950432458751
Malaysia,United States,0.4061193215540419,14940.58456346648,9.611836585328746
Malaysia,Uruguay,0.23088463293224523,16092.923038426272,9.686134891505828
Malaysia,Venezuela,0.036301444796596714,18214.63619141002,9.809980736221517
Netherlands,New Zealand,0.09991854366225573,18339.603767902274,9.816818140773485
Netherlands,Norway,0.08376930175545047,3169.6099981787484,8.061363830336948
Netherlands,Peru,0.15309440304244873,10227.947896385822,9.23287924218475
Netherlands,Poland,0.06544584721453206,935.9499606252137,6.8415620141780105
Netherlands,Portugal,0.19367945672311473,1749.019445984625,7.466810593301347
Netherlands,Romania,0.1825528632730681,1519.3029619662366,7.326006931007642
Netherlands,Russian Federation,0.041860794327593244,4925.337596349946,8.50214809873914
Netherlands,Slovakia,0.2407110765359101,1072.8019149272177,6.978029116946503
Netherlands,South Africa,0.041653632742245476,9171.59626836562,9.123866625168338
Netherlands,Spain,0.05090106131004489,1511.2417751975727,7.320686959530453
Netherlands,Sweden,0.0535944475001433,1268.131602519637,7.145299917087678
Netherlands,Switzerland,0.24694058091224788,617.864964595287,6.4262699296911165
Netherlands,Türkiye,0.27645846243701194,2752.1849386482572,7.92015039833901
Netherlands,Ukraine,0.06372643012924065,1837.6618907379652,7.516249331009054
Netherlands,United Kingdom,0.09276822511584906,535.0301445054718,6.282323090178735
Netherlands,United States,0.07670590459937808,7710.966893565858,8.950398866420276
Netherlands,Uruguay,0.10560080879109049,11110.292432482616,9.31562720384286
Netherlands,Venezuela,0.30018399692673897,8134.651980149982,9.00388823817871
New Zealand,Norway,0.025033560604702736,15250.655893423202,9.63237779051548
New Zealand,Peru,0.2492749927002135,10868.304368845014,9.293605976120679
New Zealand,Poland,0.10296745645016579,17705.082820879787,9.781607042359395
New Zealand,Portugal,0.2898600463808796,19571.793497664592,9.881844701447191
New Zealand,Romania,0.278733452930833,17591.31049772337,9.77516033738528
New Zealand,Russian Federation,0.13379293152781732,13484.570764626189,9.50930140448704
New Zealand,Slovakia,0.32719469139099105,17834.3490668356,9.788881599612818
New Zealand,South Africa,0.13123283127745972,11982.58987945637,9.391210031899156
New Zealand,Spain,0.0724566114156557,19835.773239311475,9.8952423157687
New Zealand,Sweden,0.13461356975865335,17074.50705957822,9.745341814890686
New Zealand,Switzerland,0.3431211705700126,18667.499902659118,9.8345393176954
New Zealand,Türkiye,0.37263905209477677,16650.91049740092,9.720220178442029
New Zealand,Ukraine,0.15046831245283998,17034.463158660095,9.74299381557795
New Zealand,United Kingdom,0.015473219776129766,18240.1068978582,9.81137812423934
New Zealand,United States,0.029524261390968087,12026.39810146107,9.394859354449336
New Zealand,Uruguay,0.20178139844885537,10472.327011816247,9.256491534357355
New Zealand,Venezuela,0.3963645865845038,12886.867642768955,9.463964059634963
Norway,Peru,0.23138070885307135,11185.54396834609,9.322377506478446
Norway,Poland,0.08758604977160499,3124.544063028826,8.04704365169531
Norway,Portugal,0.27196576253373733,4683.676207702874,8.451838595023098
Norway,Romania,0.26083916908369076,3772.4644860319586,8.235483776689664
Norway,Russian Federation,0.11589864768067513,3101.5529797257727,8.039658226235929
Norway,Slovakia,0.31655568144811835,3476.4287695320254,8.153760830197001
Norway,South Africa,0.11364947114092083,12051.722632277859,9.396962885736924
Norway,Spain,0.054909611468576584,4586.695037790457,8.430915008364874
Norway,Sweden,0.11682056454106028,1982.360488857319,7.592043579712431
Norway,Switzerland,0.3252268867228705,3729.3815293665566,8.223997689068595
Norway,Türkiye,0.3547447682476346,4627.519269258706,8.439776208514338
Norway,Ukraine,0.13240797170226828,3478.8993679935393,8.154471249178414
Norway,United Kingdom,0.01689145866538708,2992.623331750091,8.003905650200277
Norway,United States,0.02024296050484977,6506.535313812016,8.780562383668773
Norway,Uruguay,0.18388711460171317,13329.323679534551,9.497721675166515
Norway,Venezuela,0.37847030273736154,9261.23822448302,9.133593036247593
Peru,Poland,0.14647140475778614,11154.225672208051,9.31957368914648
Peru,Portugal,0.05627209614005215,8795.63074793099,9.082010371249488
Peru,Romania,0.04397016378228737,11523.248700391889,9.352121899736229
Peru,Russian Federation,0.11548206117239622,14287.087097603051,9.567111408130124
Peru,Slovakia,0.14611503795287256,11181.526958158398,9.322018316824684
Peru,South Africa,0.11804216142275387,10673.747288857525,9.27554248122085
Peru,Spain,0.17773079838073313,9200.467369043889,9.127009562729837
Peru,Sweden,0.1151164358684092,10951.025501002563,9.301188383919067
Peru,Switzerland,0.09384617786979914,10316.307654238582,9.241481189573074
Peru,Türkiye,0.126889848639829,12496.260992551954,9.43318475794906
Peru,Ukraine,0.10667815913473094,12011.734892718485,9.393639358656413
Peru,United Kingdom,0.24082766457018992,9832.38746836069,9.193437059375045
Peru,United States,0.22272828287315483,5716.832606380283,8.651170190859842
Peru,Uruguay,0.048737314969206615,3297.683643565168,8.100975574796667
Peru,Venezuela,0.14708959388429024,2097.536201394179,7.648518697498346
Poland,Portugal,0.1870564584384522,2513.5361108745974,7.829445849798714
Poland,Romania,0.1759298649884056,750.2133716091581,6.620357661548069
Poland,Russian Federation,0.042485716783913274,4234.265460315411,8.35096514701695
Poland,Slovakia,0.2581306027320332,354.94806984148744,5.871971496638485
Poland,South Africa,0.0502723454447499,8954.862854190204,9.099951999379234
Poland,Spain,0.03525989605972427,2181.8813465433163,7.687942786611674
Poland,Sweden,0.059728987671027065,1183.4526263452747,7.076191399716271
Poland,Switzerland,0.24031758262758524,962.4371917444892,6.869468808702317
Poland,Türkiye,0.2698354641523494,1943.9662275577598,7.572485612214004
Poland,Ukraine,0.08837965804465024,910.1942264082627,6.813658012350231
Poland,United Kingdom,0.0945177925580578,1410.8122436464116,7.251920876837431
Poland,United States,0.076348950392822,8447.574104286232,9.04163459088335
Poland,Uruguay,0.09941047276006836,11852.804528706829,9.38031978765075
Poland,Venezuela,0.2935609986420764,9063.915712634587,9.112056503528969
Portugal,Romania,0.03397457890942194,2735.266599978769,7.913984187245812
Portugal,Russian Federation,0.15669307226627874,6671.403152544376,8.805585484483295
Portugal,Slovakia,0.15527084833199856,2440.005187032689,7.799755444118057
Portugal,South Africa,0.15862721510341987,8355.18930172204,9.030638098070492
Portugal,Spain,0.21831585206139906,417.0837032869617,6.033286928962633
Portugal,Sweden,0.1553407401335718,2971.4157542703992,7.9967938031581
Portugal,Switzerland,0.08340709780764838,1571.1363947452198,7.359554454821276
Portugal,Türkiye,0.08574983310785861,3746.3912328602028,8.228548317716104
Portugal,Ukraine,0.14395600281822404,3263.082816435264,8.09042767672949
Portugal,United Kingdom,0.281412718250856,1709.7970884015929,7.444129980702388
Portugal,United States,0.2633133365538209,7559.698009953064,8.93058652260232
Portugal,Uruguay,0.08807864793202426,9370.89463250602,9.145363849063813
Portugal,Venezuela,0.10650454020362424,6754.70815184083,8.817995044700151
Romania,Russian Federation,0.14494052140301564,4385.204821421659,8.385991613275667
Romania,Slovakia,0.16270001098281625,455.44477809197446,6.121274475743544
Romania,South Africa,0.14750062165337327,8280.172617140859,9.02161909464278
Romania,Spain,0.2071892586113525,2342.782200280381,7.759094476560156
Romania,Sweden,0.14563381229378985,1902.49577321437,7.550921868032647
Romania,Switzerland,0.09520482844680725,1221.5917536981437,7.10791000347082
Romania,Türkiye,0.09553958199030009,1235.4054212756407,7.119154471527741
Romania,Ukraine,0.12850293901212234,594.7655716500709,6.388167330681558
Romania,United Kingdom,0.2702861248008093,2046.720849585234,7.623994205861369
Romania,United States,0.2521867431037743,9175.160941444177,9.124255214070741
Romania,Uruguay,0.07968016597739966,11842.539908164981,9.37945340470272
Romania,Venezuela,0.11763113365367085,9461.4348880643,9.15497933004315
Russian Federation,Slovakia,0.23017756512042523,4435.022910399865,8.397288060547668
Russian Federation,South Africa,0.028677205973549166,11306.478405587028,9.33313115064985
Russian Federation,Spain,0.06392329148929289,6388.871327298659,8.7623129006748
Russian Federation,Sweden,0.048333579352046296,3792.644452000844,8.24081879935714
Russian Federation,Switzerland,0.2093282390421954,5189.310058808425,8.5543560306773
Russian Federation,Türkiye,0.23884612056695945,4349.205711166514,8.377748512276074
Russian Federation,Ukraine,0.055700030018700095,3800.912550328933,8.242996461707728
Russian Federation,United Kingdom,0.12534560339779374,5098.153953066986,8.536633783198603
Russian Federation,United States,0.1072462217007587,9244.183924817626,9.13174986786635
Russian Federation,Uruguay,0.06901379082865954,16029.339950934509,9.682176068893998
Russian Federation,Venezuela,0.2625716550566865,12336.313416007044,9.420302502095725
Slovakia,South Africa,0.21569394756343413,8599.918912114294,9.059508053373229
Slovakia,Spain,0.28047842396624506,2073.701928697997,7.637090660379071
Slovakia,Sweden,0.20392978225302374,1537.6349428227516,7.3380007635189095
Slovakia,Switzerland,0.08009419506413816,872.9879775737411,6.771921784351581
Slovakia,Türkiye,0.16196313464008188,1689.741695179349,7.432330953146281
Slovakia,Ukraine,0.25134971328563505,831.3411500614363,6.723040240167728
Slovakia,United Kingdom,0.3241215215348033,1595.1236109783106,7.374706511262012
Slovakia,United States,0.3061710822802927,8721.86341753266,9.073588188744749
Slovakia,Uruguay,0.1674058610762254,11699.707704781558,9.367319137976477
Slovakia,Venezuela,0.12652569414241083,9104.14814008187,9.116485428211083
South Africa,Spain,0.07235437965660153,8193.627635478368,9.011112013515326
South Africa,Sweden,0.034551927499447625,10134.642583577282,9.223714792707007
South Africa,Switzerland,0.211888339292553,8554.351104579062,9.054195333604904
South Africa,Türkiye,0.24140622081731705,7517.2026861090135,8.924949364510777
South Africa,Ukraine,0.06905723066581025,8599.174250706803,9.059421460271963
South Africa,United Kingdom,0.12298468724667228,9571.132425734128,9.166506808244177
South Africa,United States,0.10473647907960722,14895.716161307455,9.608828944643271
South Africa,Uruguay,0.07054856717139565,7670.635652516248,8.945154766092436
South Africa,Venezuela,0.2651317553070441,10503.117532233593,9.259427399908978
Spain,Sweden,0.08131029514300017,2772.839372997518,7.92762711858554
Spain,Switzerland,0.2715769762505323,1221.7369056250461,7.108028818372384
Spain,Türkiye,0.30109485777529627,3331.102785915806,8.111058695092504
Spain,Ukraine,0.08309262784836069,2885.8906026547756,7.967588832397331
Spain,United Kingdom,0.0630968661894568,1596.328493990904,7.375461580133615
Spain,United States,0.04616192761032427,7887.621832111102,8.973049952956623
Spain,Uruguay,0.1302372041293749,9673.850696551177,9.177181719787624
Spain,Venezuela,0.3248203922650233,7166.4572920932105,8.877166709964115
Sweden,Switzerland,0.20850760081135933,1767.8960239805342,7.477545431502453
Sweden,Türkiye,0.23885433917203888,2978.656041698066,7.999227485052877
Sweden,Ukraine,0.101259700860057,1800.4740477874252,7.495805269093033
Sweden,United Kingdom,0.12818599646242984,1311.3263070054657,7.1787943521110735
Sweden,United States,0.10857409050370216,7493.898878245005,8.92184448556697
Sweden,Uruguay,0.07006084664221808,12242.748872505668,9.412689111938825
Sweden,Venezuela,0.2617510168258505,8864.146883107838,9.089769979597497
Switzerland,Türkiye,0.1127362126488039,2383.2080855839145,7.776202794135813
Switzerland,Ukraine,0.19289065665130206,1702.841040544987,7.4400533354635225
Switzerland,United Kingdom,0.3346738424399891,1085.874446198628,6.990140882575238
Switzerland,United States,0.316574460742954,8223.362774707628,9.014734501072754
Switzerland,Uruguay,0.14133977212115736,10890.368152126279,9.295634021795093
Switzerland,Venezuela,0.08397277713985937,8245.71972404749,9.017449523366796
Türkiye,Ukraine,0.22240853817606612,1186.206410915741,7.078515603972504
Türkiye,United Kingdom,0.36419172396475313,3281.678367476835,8.096110267907191
Türkiye,United States,0.34609234226771807,10391.287280204619,9.24872297249238
Türkiye,Uruguay,0.17090793004057855,12279.427070535348,9.415680545118867
Türkiye,Venezuela,0.039226382575700505,10492.448030434056,9.258411042175137
Ukraine,United Kingdom,0.14178318578868698,2320.832481161577,7.7496812283838405
Ukraine,United States,0.12429926926059565,9265.542503646238,9.134057691095494
Ukraine,Uruguay,0.09162537525893429,12435.974108056133,9.428348689161048
Ukraine,Venezuela,0.24613407266579318,9931.617064341439,9.203478590139843
United Kingdom,United States,0.025071275270072895,7177.885907012748,8.878760176765507
United Kingdom,Uruguay,0.19333407031883165,10933.72382293004,9.299607220578235
United Kingdom,Venezuela,0.3879172584544802,7734.894080730345,8.953497069407314
United States,Uruguay,0.17523468862179667,8960.690612075065,9.1006025802392
United States,Venezuela,0.3698178767574452,4840.657231846336,8.484805782195608
Uruguay,Venezuela,0.19458318813564848,4440.1703869229805,8.398448030123056
