validation_id,outcome_id,year,instrument,title,primary_a,secondary_a,confidence_a,rationale_a,primary_b,secondary_b,confidence_b,rationale_b,primary_c,secondary_c,confidence_c,rationale_c,n_distinct_primary,unanimous_primary,majority_primary,majority_count
OV001,Decision 1 (1997),1997,Decision,Revised Rules of Procedure (1997),Operation of the Antarctic Treaty system General,,high,The title explicitly concerns revised procedural rules.,Operation of the Antarctic Treaty system General,,high,The title concerns revised procedural rules.,Operation of the Antarctic Treaty system General,,high,Title explicitly revises rules of procedure.,1,True,Operation of the Antarctic Treaty system General,3
OV002,Decision 3 (1998),1998,Decision,Liability,Liability,,high,The title explicitly states liability.,Liability,,high,The title explicitly concerns liability.,Liability,,high,Title explicitly concerns liability.,1,True,Liability,3
OV003,Decision 1 (1999),1999,Decision,CEP WEB SITE,Operation of the CEP,,medium,"The title concerns a CEP website, an administrative communication facility.",Operation of the CEP,,medium,The title concerns the CEP website.,Operation of the CEP,,medium,Title concerns administration of a CEP website.,1,True,Operation of the CEP,3
OV004,Decision 1 (2000),2000,Decision,List of CEP observers,Operation of the CEP,,high,The title explicitly concerns CEP observers.,Operation of the CEP,,high,The title concerns the list of CEP observers.,Operation of the CEP,,high,Title explicitly concerns CEP observers.,1,True,Operation of the CEP,3
OV005,Decision 2 (2001),2001,Decision,Guidelines on Circulation and Handling of CEP Documents,Operation of the CEP,,high,The title concerns circulation and handling of CEP documents.,Operation of the CEP,,high,The title concerns handling CEP documents.,Operation of the CEP,,high,Title concerns handling and circulation of CEP documents.,1,True,Operation of the CEP,3
OV006,Decision 3 (2001),2001,Decision,Elaboration of draft liability annex,Liability,,high,The title explicitly concerns a draft liability annex.,Liability,,high,The title explicitly concerns a liability annex.,Liability,,high,Title explicitly concerns a draft liability annex.,1,True,Liability,3
OV007,Decision 1 (2002),2002,Decision,Naming and numbering system for Antarctic Specially Protected Areas,Area Protection and Management Plans General,,high,The title sets a system-wide naming and numbering scheme for protected areas.,Area Protection and Management Plans General,,high,The title concerns the ASPA naming and numbering system.,Area Protection and Management Plans General,,high,Title establishes system-wide ASPA naming and numbering.,1,True,Area Protection and Management Plans General,3
OV008,Decision 2 (2002),2002,Decision,Emblem of the Antarctic Treaty,Operation of the Antarctic Treaty system General,,high,The title concerns the Antarctic Treaty emblem.,Operation of the Antarctic Treaty system General,,high,The title concerns the Treaty emblem.,Operation of the Antarctic Treaty system General,,high,Title concerns the Antarctic Treaty emblem.,1,True,Operation of the Antarctic Treaty system General,3
OV009,Decision 4 (2003),2003,Decision,FINANCIAL REGULATIONS FOR THE SECRETARIAT OF THE ANTARCTIC TREATY,Operation of the Antarctic Treaty system The Secretariat,,high,The title explicitly concerns Secretariat financial regulations.,Operation of the Antarctic Treaty system The Secretariat,,high,The title concerns Secretariat financial regulations.,Operation of the Antarctic Treaty system The Secretariat,,high,Title concerns Secretariat financial regulations.,1,True,Operation of the Antarctic Treaty system The Secretariat,3
OV010,Decision 1 (2004),2004,Decision,REVISED RULES OF PROCEDURE,Operation of the Antarctic Treaty system General,,high,The title explicitly concerns revised procedural rules.,Operation of the Antarctic Treaty system General,,medium,The title concerns general revised procedural rules.,Operation of the Antarctic Treaty system General,,high,Title explicitly revises rules of procedure.,1,True,Operation of the Antarctic Treaty system General,3
OV011,Decision 1 (2005),2005,Decision,Annex VI on Liability Arising from Environmental Emergencies to the Protocol on Environmental Protection to the Antarctic Treaty,Liability,,high,The title explicitly concerns liability from environmental emergencies.,Liability,,high,The title explicitly concerns environmental-emergency liability.,Liability,,high,Title explicitly concerns liability for environmental emergencies.,1,True,Liability,3
OV012,Decision 10 (2005),2005,Decision,Establishment of an Electronic Information Exchange System,Exchange of Information,,high,The title establishes an electronic information exchange system.,Exchange of Information,,high,The title concerns an electronic information exchange system.,Exchange of Information,,high,Title establishes an electronic information exchange system.,1,True,Exchange of Information,3
OV013,Decision 2 (2005),2005,Decision,Decision confirming the recognition of Ukraine as a Consultative Party,Operation of the Antarctic Treaty system General,,high,The title concerns recognition of Consultative Party status.,Operation of the Antarctic Treaty system General,,high,The title concerns recognition of Consultative Party status.,Operation of the Antarctic Treaty system General,,high,Title concerns recognition of Consultative Party status.,1,True,Operation of the Antarctic Treaty system General,3
OV014,Decision 3 (2005),2005,Decision,Amendments to the Rules of Procedure,Operation of the Antarctic Treaty system General,,high,The title concerns amendments to procedural rules.,Operation of the Antarctic Treaty system General,,medium,The title concerns amendments to procedural rules.,Operation of the Antarctic Treaty system General,,high,Title concerns amendments to procedural rules.,1,True,Operation of the Antarctic Treaty system General,3
OV015,Decision 4 (2005),2005,Decision,Consultative Party Status,Operation of the Antarctic Treaty system General,,high,The title explicitly concerns Consultative Party status.,Operation of the Antarctic Treaty system General,,high,The title explicitly concerns Consultative Party status.,Operation of the Antarctic Treaty system General,,high,Title explicitly concerns Consultative Party status.,1,True,Operation of the Antarctic Treaty system General,3
OV016,Decision 5 (2005),2005,Decision,Appointment of External Auditor,Operation of the Antarctic Treaty system The Secretariat,,high,The title concerns appointment of an external auditor.,Operation of the Antarctic Treaty system The Secretariat,,high,The title concerns appointment of an external auditor.,Operation of the Antarctic Treaty system The Secretariat,,medium,External-auditor appointment is a Secretariat audit function.,1,True,Operation of the Antarctic Treaty system The Secretariat,3
OV017,Decision 9 (2005),2005,Decision,Marine Protected Areas and other areas of interest to CCAMLR,Marine Protected Areas,Cooperation with Other Organisations,high,The title concerns marine protected areas and explicitly links them to CCAMLR.,Marine Protected Areas,Cooperation with Other Organisations,high,The title concerns marine protected areas in relation to CCAMLR.,Marine Protected Areas,Cooperation with Other Organisations,high,Title concerns MPAs and explicitly relates them to CCAMLR.,1,True,Marine Protected Areas,3
OV018,Decision 3 (2007),2007,Decision,Appointment of an External Auditor,Operation of the Antarctic Treaty system The Secretariat,,high,The title concerns appointment of an external auditor.,Operation of the Antarctic Treaty system The Secretariat,,high,The title concerns appointment of an external auditor.,Operation of the Antarctic Treaty system The Secretariat,,medium,External-auditor appointment is a Secretariat audit function.,1,True,Operation of the Antarctic Treaty system The Secretariat,3
OV019,Decision 1 (2008),2008,Decision,Amendment to the Rules of Procedure,Operation of the Antarctic Treaty system General,,high,The title concerns an amendment to procedural rules.,Operation of the Antarctic Treaty system General,,medium,The title concerns an amendment to procedural rules.,Operation of the Antarctic Treaty system General,,high,Title concerns amendment of procedural rules.,1,True,Operation of the Antarctic Treaty system General,3
OV020,Decision 2 (2008),2008,Decision,Approval of the Secretariat's Financial Report for 2006/07 and Programme and Budget for 2008/09,Operation of the Antarctic Treaty system The Secretariat,,high,"The title explicitly covers the Secretariat financial report, programme, and budget.",Operation of the Antarctic Treaty system The Secretariat,,high,The title concerns Secretariat finances and programme.,Operation of the Antarctic Treaty system The Secretariat,,high,Title concerns Secretariat finance programme and budget.,1,True,Operation of the Antarctic Treaty system The Secretariat,3
OV021,Decision 4 (2008),2008,Decision,Procedure for Selection and Appointment of the Executive Secretary of the Secretariat of the Antarctic Treaty,Operation of the Antarctic Treaty system The Secretariat,,high,The title concerns selection of the Secretariat's Executive Secretary.,Operation of the Antarctic Treaty system The Secretariat,,high,The title concerns selecting the Secretariat Executive Secretary.,Operation of the Antarctic Treaty system The Secretariat,,high,Title concerns appointment of the Secretariat Executive Secretary.,1,True,Operation of the Antarctic Treaty system The Secretariat,3
OV022,Decision 5 (2008),2008,Decision,Electronic Information Exchange System,Exchange of Information,,high,The title explicitly names the electronic information exchange system.,Exchange of Information,,high,The title explicitly names the electronic information exchange system.,Exchange of Information,,high,Title explicitly names the electronic information exchange system.,1,True,Exchange of Information,3
OV023,Decision 5 (2009),2009,Decision,"(Part II, section 2, page 245).",INSUFFICIENT_TITLE,,high,Only a document location is visible and no concern is stated.,INSUFFICIENT_TITLE,,high,Only a document page reference is visible.,INSUFFICIENT_TITLE,,high,Visible text is only a document page reference.,1,True,INSUFFICIENT_TITLE,3
OV024,Decision 6 (2009),2009,Decision,"(Part II, section 2, page 251).",INSUFFICIENT_TITLE,,high,Only a document location is visible and no concern is stated.,INSUFFICIENT_TITLE,,high,Only a document page reference is visible.,INSUFFICIENT_TITLE,,high,Visible text is only a document page reference.,1,True,INSUFFICIENT_TITLE,3
OV025,Decision 1 (2010),2010,Decision,Compilation of Key Documents of the Antarctic Treaty System,Operation of the Antarctic Treaty system General,,high,The title concerns compilation of Treaty System documents.,Operation of the Antarctic Treaty system General,,high,The title concerns compilation of Treaty System documents.,Operation of the Antarctic Treaty system General,,high,Title concerns compilation of Treaty System documents.,1,True,Operation of the Antarctic Treaty system General,3
OV026,Decision 2 (2010),2010,Decision,"Secretariat Reports, Programme and Budgets",Operation of the Antarctic Treaty system The Secretariat,,high,"The title explicitly covers Secretariat reports, programme, and budgets.",Operation of the Antarctic Treaty system The Secretariat,,high,The title concerns Secretariat reports programmes and budgets.,Operation of the Antarctic Treaty system The Secretariat,,high,Title explicitly concerns Secretariat reports programme and budgets.,1,True,Operation of the Antarctic Treaty system The Secretariat,3
OV027,Decision 3 (2010),2010,Decision,Revised Rules of Procedure for the Committee for,INSUFFICIENT_TITLE,,high,The title is truncated before identifying which committee is governed.,INSUFFICIENT_TITLE,,high,The title is truncated before identifying the committee.,INSUFFICIENT_TITLE,,high,Visible title is truncated after an unnamed committee.,1,True,INSUFFICIENT_TITLE,3
OV028,Decision 4 (2010),2010,Decision,Liability arising from Environmental Emergencies,Liability,,high,The title explicitly concerns liability from environmental emergencies.,Liability,,high,The title explicitly concerns environmental-emergency liability.,Liability,,high,Title explicitly concerns environmental-emergency liability.,1,True,Liability,3
OV029,Decision 5 (2010),2010,Decision,"Letters to UNFCCC, IPCC, WMO and IMO",Cooperation with Other Organisations,,high,The title concerns letters to four named international organizations.,Cooperation with Other Organisations,Climate Change,high,The title concerns letters to international climate and maritime bodies.,Cooperation with Other Organisations,,high,Title concerns letters to four named international organizations.,1,True,Cooperation with Other Organisations,3
OV030,Decision 1 (2011),2011,Decision,Measures designated as no longer current,Operation of the Antarctic Treaty system General,,high,The title concerns the current status of Treaty measures.,Operation of the Antarctic Treaty system General,,high,The title concerns the current status of Treaty measures.,Operation of the Antarctic Treaty system General,,high,Title concerns the currency of Treaty measures.,1,True,Operation of the Antarctic Treaty system General,3
OV031,Decision 2 (2011),2011,Decision,"Revised Rules of Procedure for the Antarctic Treaty Consultative Meeting (2011); Revised Rules of Procedure for the Committee for Environmental Protection (2011); Guidelines for the Submission, Translation and Distribution",Operation of the Antarctic Treaty system General,Operation of the CEP,high,The title materially spans ATCM and CEP procedural rules.,Operation of the Antarctic Treaty system General,Operation of the CEP,high,The title covers ATCM and CEP procedural rules.,Operation of the Antarctic Treaty system General,Operation of the CEP,high,Title spans ATCM rules and CEP rules and document procedures.,1,True,Operation of the Antarctic Treaty system General,3
OV032,Decision 4 (2012),2012,Decision,"Electronic Information Exchange System, encouraging use of the system and modifying it in several respects; and Parties will continue to work with the Secretariat to refine and improve the EIES.",Exchange of Information,,high,The title concerns use and refinement of the electronic information exchange system.,Exchange of Information,,high,The title concerns use and refinement of the EIES.,Exchange of Information,,high,Title concerns use and refinement of the EIES.,1,True,Exchange of Information,3
OV033,Decision 1 (2013),2013,Decision,Recognition of the Czech Republic as a Consultative Party,Operation of the Antarctic Treaty system General,,high,The title concerns recognition of Consultative Party status.,Operation of the Antarctic Treaty system General,,high,The title concerns recognition of Consultative Party status.,Operation of the Antarctic Treaty system General,,high,Title concerns recognition as a Consultative Party.,1,True,Operation of the Antarctic Treaty system General,3
OV034,Decision 3 (2013),2013,Decision,Renewal of the Contract of the Secretariat's External Auditor,Operation of the Antarctic Treaty system The Secretariat,,high,The title concerns renewal of the Secretariat external auditor's contract.,Operation of the Antarctic Treaty system The Secretariat,,high,The title concerns the Secretariat external auditor.,Operation of the Antarctic Treaty system The Secretariat,,high,Title explicitly renews the Secretariat external auditor.,1,True,Operation of the Antarctic Treaty system The Secretariat,3
OV035,Decision 4 (2013),2013,Decision,"Secretariat Report, Programme and Budget",Operation of the Antarctic Treaty system The Secretariat,,high,"The title explicitly covers the Secretariat report, programme, and budget.",Operation of the Antarctic Treaty system The Secretariat,,high,The title concerns the Secretariat report programme and budget.,Operation of the Antarctic Treaty system The Secretariat,,high,Title explicitly concerns Secretariat reporting programme and budget.,1,True,Operation of the Antarctic Treaty system The Secretariat,3
OV036,Decision 3 (2014),2014,Decision,"Multi-Year Strategic Work Plan for the Antarctic Treaty Consultative Meeting, including two new priorities.",Multiyear strategic workplan,,high,The title explicitly concerns the ATCM multi-year strategic work plan.,Multiyear strategic workplan,,high,The title explicitly names the ATCM multi-year work plan.,Multiyear strategic workplan,,high,Title explicitly names the multi-year ATCM work plan.,1,True,Multiyear strategic workplan,3
OV037,Decision 1 (2015),2015,Decision,Revised Rules of Procedure for the Antarctic Treaty Consultative Meeting (2015): Committees and Working Groups.,Operation of the Antarctic Treaty system General,,high,The title concerns ATCM procedural rules for committees and working groups.,Operation of the Antarctic Treaty system General,,high,The title concerns ATCM procedural rules for committees.,Operation of the Antarctic Treaty system General,,high,Title revises ATCM rules for committees and working groups.,1,True,Operation of the Antarctic Treaty system General,3
OV038,Decision 4 (2015),2015,Decision,Multi-Year Strategic Work Plan for the Antarctic Treaty Consultative Meeting.,Multiyear strategic workplan,,high,The title explicitly concerns the ATCM multi-year strategic work plan.,Multiyear strategic workplan,,high,The title explicitly names the ATCM multi-year work plan.,Multiyear strategic workplan,,high,Title explicitly names the multi-year ATCM work plan.,1,True,Multiyear strategic workplan,3
OV039,Decision 2 (2017),2017,Decision,Guidelines on the procedure to be followed with respect to Consultative Party status.,Operation of the Antarctic Treaty system General,,high,The title concerns procedure for Consultative Party status.,Operation of the Antarctic Treaty system General,,high,The title concerns procedure for Consultative Party status.,Operation of the Antarctic Treaty system General,,high,Title concerns procedure for Consultative Party status.,1,True,Operation of the Antarctic Treaty system General,3
OV040,Decision 4 (2017),2017,Decision,Procedure for Appointing Antarctic Treaty Consultative Meeting Working Group Chairs,Operation of the Antarctic Treaty system General,,high,The title concerns appointment procedure for ATCM working-group chairs.,Operation of the Antarctic Treaty system General,,high,The title concerns appointment of ATCM working-group chairs.,Operation of the Antarctic Treaty system General,,high,Title concerns appointment procedure for ATCM chairs.,1,True,Operation of the Antarctic Treaty system General,3
OV041,Decision 1 (2018),2018,Decision,"Secretariat Report, Programme and Budget",Operation of the Antarctic Treaty system The Secretariat,,high,"The title explicitly covers the Secretariat report, programme, and budget.",Operation of the Antarctic Treaty system The Secretariat,,high,The title concerns the Secretariat report programme and budget.,Operation of the Antarctic Treaty system The Secretariat,,high,Title concerns Secretariat report programme and budget.,1,True,Operation of the Antarctic Treaty system The Secretariat,3
OV042,Decision 1 (2019),2019,Decision,Redesign of the Format of the List of Historic Sites and Monuments.,Historic Sites and Monuments,,high,The title concerns the format of the Historic Sites and Monuments list.,Historic Sites and Monuments,,high,The title concerns formatting the historic-sites list.,Historic Sites and Monuments,,high,Title explicitly concerns the HSM list format.,1,True,Historic Sites and Monuments,3
OV043,Decision 3 (2019),2019,Decision,"Secretariat Report, Programme and Budget",Operation of the Antarctic Treaty system The Secretariat,,high,"The title explicitly covers the Secretariat report, programme, and budget.",Operation of the Antarctic Treaty system The Secretariat,,high,The title concerns the Secretariat report programme and budget.,Operation of the Antarctic Treaty system The Secretariat,,high,Title concerns Secretariat report programme and budget.,1,True,Operation of the Antarctic Treaty system The Secretariat,3
OV044,Decision 6 (2019),2019,Decision,Manual of Regulations and Guidelines Relevant to Tourism and Non-Governmental Activities in Antarctica,Tourism and NG_Activities,,high,The title concerns regulations and guidelines for tourism and non-governmental activities.,Tourism and NG_Activities,,high,The title concerns regulations for tourism and nongovernmental activities.,Tourism and NG_Activities,,high,Title explicitly governs tourism and non-governmental activities.,1,True,Tourism and NG_Activities,3
OV045,Decision 1 (2021),2021,Decision,Antarctic Protected Areas System: Reformatted List of Historic Sites and Monuments,Historic Sites and Monuments,,high,The title concerns a reformatted list of Historic Sites and Monuments.,Historic Sites and Monuments,,high,The title concerns the historic-sites and monuments list.,Historic Sites and Monuments,,high,Title explicitly concerns the HSM list.,1,True,Historic Sites and Monuments,3
OV046,Decision 5 (2021),2021,Decision,Multi-year Strategic Work Plan for the Antarctic Treaty Consultative Meeting,Multiyear strategic workplan,,high,The title explicitly concerns the ATCM multi-year strategic work plan.,Multiyear strategic workplan,,high,The title explicitly names the ATCM multi-year work plan.,Multiyear strategic workplan,,high,Title explicitly names the multi-year ATCM work plan.,1,True,Multiyear strategic workplan,3
OV047,Decision 2 (2022),2022,Decision,Liability arising from environmental emergencies,Liability,,high,The title explicitly concerns liability from environmental emergencies.,Liability,,high,The title explicitly concerns environmental-emergency liability.,Liability,,high,Title explicitly concerns environmental-emergency liability.,1,True,Liability,3
OV048,Decision 5 (2023),2023,Decision,Multi-year Strategic Work Plan for the Antarctic Treaty Consultative Meeting,Multiyear strategic workplan,,high,The title explicitly concerns the ATCM multi-year strategic work plan.,Multiyear strategic workplan,,high,The title explicitly names the ATCM multi-year work plan.,Multiyear strategic workplan,,high,Title explicitly names the multi-year ATCM work plan.,1,True,Multiyear strategic workplan,3
OV049,Measure 1 (1997),1997,Measure,Antarctic Protected Areas System: Revised Description and Management Plan for Specially Protected Area,Management Plans,,high,The title concerns a revised protected-area description and management plan.,Management Plans,,high,The title concerns a revised protected-area management plan.,Management Plans,,high,Title concerns a revised protected-area management plan.,1,True,Management Plans,3
OV050,Measure 2 (1997),1997,Measure,Antarctic Protected Areas System: Management Plans for Specially Protected Areas,Management Plans,,high,The title explicitly concerns management plans for protected areas.,Management Plans,,high,The title concerns management plans for protected areas.,Management Plans,,high,Title explicitly concerns protected-area management plans.,1,True,Management Plans,3
OV051,Measure 3 (1997),1997,Measure,Antarctic Protected Areas System: Revised Descriptions and Management Plans for Sites of Special Scientific Interest (SSSI),Management Plans,,high,The title concerns revised descriptions and plans for designated sites.,Management Plans,,high,The title concerns revised plans for specified protected sites.,Management Plans,,high,Title concerns revised descriptions and management plans for SSSIs.,1,True,Management Plans,3
OV052,Measure 5 (1997),1997,Measure,Antarctic Protected Areas System: Historic Sites and Monuments: Amendment Number 41: Stone Hut on Paulet Island,Historic Sites and Monuments,,high,The title names a specific historic monument amendment.,Historic Sites and Monuments,,high,The title names a historic monument amendment.,Historic Sites and Monuments,,high,Title names an HSM amendment for Stone Hut.,1,True,Historic Sites and Monuments,3
OV053,Measure 1 (1998),1998,Measure,Antarctic Protected Areas System: Management Plans for Specially Protected Areas,Management Plans,,high,The title explicitly concerns management plans for protected areas.,Management Plans,,high,The title concerns management plans for protected areas.,Management Plans,,high,Title explicitly concerns protected-area management plans.,1,True,Management Plans,3
OV054,Measure 2 (1998),1998,Measure,"Antarctic Protected Areas System: Historic Sites and Monuments. South-West Coast of Elephant Island, South Shetland Islands",Historic Sites and Monuments,,high,The title names a Historic Site or Monument location.,Historic Sites and Monuments,,high,The title names a historic site.,Historic Sites and Monuments,,high,Title names a historic site on Elephant Island.,1,True,Historic Sites and Monuments,3
OV055,Measure 1 (2001),2001,Measure,Antarctic Protected Area System Historic Sites And Monuments,Historic Sites and Monuments,,high,The title explicitly concerns Historic Sites and Monuments.,Historic Sites and Monuments,,high,The title explicitly concerns historic sites and monuments.,Historic Sites and Monuments,,high,Title explicitly concerns historic sites and monuments.,1,True,Historic Sites and Monuments,3
OV056,Measure 2 (2001),2001,Measure,Antarctic Protected Area System Historic Sites And Monuments,Historic Sites and Monuments,,high,The title explicitly concerns Historic Sites and Monuments.,Historic Sites and Monuments,,high,The title explicitly concerns historic sites and monuments.,Historic Sites and Monuments,,high,Title explicitly concerns historic sites and monuments.,1,True,Historic Sites and Monuments,3
OV057,Measure 3 (2001),2001,Measure,Antarctic Protected Areas System: Extension of Expiry Dates for Certain Sites of Special Scientific Interest,Management Plans,,high,The title changes expiry dates for particular designated scientific-interest sites.,Management Plans,,high,The title extends expiry dates for specified protected sites.,Management Plans,,high,Title extends expiry dates for individual protected sites.,1,True,Management Plans,3
OV058,Measure 1 (2004),2004,Measure,ANTARCTIC SPECIALLY MANAGED AREAS: DESIGNATIONS AND MANAGEMENT PLANS,Management Plans,,high,The title concerns ASMA designations and management plans.,Management Plans,,high,The title concerns ASMA designations and management plans.,Management Plans,,high,Title concerns ASMA designations and management plans.,1,True,Management Plans,3
OV059,Measure 1 (2006),2006,Measure,Antarctic Specially Protected Areas: Designations and Management Plans,Management Plans,,high,The title concerns ASPA designations and management plans.,Management Plans,,high,The title concerns ASPA designations and management plans.,Management Plans,,high,Title concerns ASPA designations and management plans.,1,True,Management Plans,3
OV060,Measure 1 (2007),2007,Measure,Antarctic Specially Protected Areas: Revised Management Plans,Management Plans,,high,The title explicitly concerns revised ASPA management plans.,Management Plans,,high,The title concerns revised ASPA management plans.,Management Plans,,high,Title explicitly concerns revised ASPA management plans.,1,True,Management Plans,3
OV061,Measure 3 (2007),2007,Measure,Antarctic Historic Sites and Monuments: Monument to the Antarctic Treaty,Historic Sites and Monuments,,high,The title names a monument to the Antarctic Treaty.,Historic Sites and Monuments,,high,The title names an Antarctic historic monument.,Historic Sites and Monuments,,high,Title names a Treaty monument.,1,True,Historic Sites and Monuments,3
OV062,Measure 13 (2008),2008,Measure,"Antarctic Specially Protected Area No 160 (Frazier Islands, Windmill Islands, Wilkes Land, East Antarctica): Revised Management Plan",Management Plans,,high,The title names an individual ASPA revised management plan.,Management Plans,,high,The title names an ASPA revised management plan.,Management Plans,,high,Title revises the management plan for named ASPA 160.,1,True,Management Plans,3
OV063,Measure 13 (2009),2009,Measure,Designation of ASPA 171  (Narębski Point),Management Plans,,high,The title designates a numbered individual ASPA.,Management Plans,,high,The title designates a named ASPA.,Management Plans,,high,Title designates named ASPA 171.,1,True,Management Plans,3
OV064,Measure 14 (2009),2009,Measure,Historic Sites 83 (Base “W”) and 84 (Hut at Damoy Point),Historic Sites and Monuments,,high,The title names two numbered historic sites.,Historic Sites and Monuments,,high,The title names two historic sites.,Historic Sites and Monuments,,high,Title names Historic Sites 83 and 84.,1,True,Historic Sites and Monuments,3
OV065,Measure 15 (2009),2009,Measure,Landing of Persons from Passenger vessels,Tourism and NG_Activities,,high,The title governs landing from passenger vessels.,Tourism and NG_Activities,,high,The title concerns landings from passenger vessels.,Tourism and NG_Activities,,high,Title concerns landing people from passenger vessels.,1,True,Tourism and NG_Activities,3
OV066,Measure 16 (2009),2009,Measure,Amendment of Annex II to the Environment Protocol,INSUFFICIENT_TITLE,,medium,The title names an annex amendment but not its substantive concern.,Environmental Protection General,,medium,The title concerns amendment of an Environment Protocol annex.,Environmental Protection General,,medium,Title concerns an Environment Protocol annex without a narrower stated subject.,2,False,Environmental Protection General,2
OV067,Measure 11 (2010),2010,Measure,"Antarctic Specially Protected Area No 159 (Cape Adare, Borchgrevink Coast): Revised Management Plan",Management Plans,,high,The title names an individual ASPA revised management plan.,Management Plans,,high,The title names an ASPA revised management plan.,Management Plans,,high,Title revises the management plan for named ASPA 159.,1,True,Management Plans,3
OV068,Measure 15 (2010),2010,Measure,Antarctic Historic Sites and Monuments: Plaque,Historic Sites and Monuments,,high,The title explicitly identifies an Antarctic historic plaque.,Historic Sites and Monuments,,high,The title names an Antarctic historic monument plaque.,Historic Sites and Monuments,,high,Title explicitly concerns an Antarctic historic plaque.,1,True,Historic Sites and Monuments,3
OV069,Measure 2 (2010),2010,Measure,"Antarctic Specially Protected Area No 102 (Rookery Islands, Holme Bay, Mac.Robertson Land): Revised Management Plan",Management Plans,,high,The title names an individual ASPA revised management plan.,Management Plans,,high,The title names an ASPA revised management plan.,Management Plans,,high,Title revises the management plan for named ASPA 102.,1,True,Management Plans,3
OV070,Measure 4 (2010),2010,Measure,"Antarctic Specially Protected Area No 105 (Beaufort Island,",INSUFFICIENT_TITLE,,high,The title is truncated after naming an ASPA and states no action.,INSUFFICIENT_TITLE,,high,The truncated title names an ASPA but not the action.,INSUFFICIENT_TITLE,,high,Visible ASPA title is truncated before stating the action.,1,True,INSUFFICIENT_TITLE,3
OV071,Measure 6 (2010),2010,Measure,Antarctic Specially Protected Area No 119 (Davis Valley and,INSUFFICIENT_TITLE,,high,The title is truncated after naming an ASPA and states no action.,INSUFFICIENT_TITLE,,high,The truncated title names an ASPA but not the action.,INSUFFICIENT_TITLE,,high,Visible ASPA title is truncated before stating the action.,1,True,INSUFFICIENT_TITLE,3
OV072,Measure 3 (2011),2011,Measure,"ASPA 122 (Arrival Heights, Hut Point Peninsula, Ross Island): Revised Management Plan",Management Plans,,high,The title names an individual ASPA revised management plan.,Management Plans,,high,The title names an ASPA revised management plan.,Management Plans,,high,Title revises the management plan for named ASPA 122.,1,True,Management Plans,3
OV073,Measure 1 (2012),2012,Measure,"ASPA No 109 (Moe Island, South Orkney Islands):",INSUFFICIENT_TITLE,,high,The title ends after naming an ASPA and states no action.,INSUFFICIENT_TITLE,,high,The truncated title names an ASPA but not the action.,INSUFFICIENT_TITLE,,high,Visible ASPA title ends at a colon without stating the action.,1,True,INSUFFICIENT_TITLE,3
OV074,Measure 11 (2012),2012,Measure,Antarctic Historic Sites and Monuments:,INSUFFICIENT_TITLE,,high,The title is truncated after a general Historic Sites and Monuments heading.,Historic Sites and Monuments,,medium,The visible subject is Antarctic historic sites and monuments.,INSUFFICIENT_TITLE,,medium,Visible historic-sites title ends at a colon and omits the action.,2,False,INSUFFICIENT_TITLE,2
OV075,Measure 1 (2013),2013,Measure,"Antarctic Specially Protected Area No 108 (Green Island, Berthelot Islands, Antarctic Peninsula): Revised Management Plan.",Management Plans,,high,The title names an individual ASPA revised management plan.,Management Plans,,high,The title names an ASPA revised management plan.,Management Plans,,high,Title revises the management plan for named ASPA 108.,1,True,Management Plans,3
OV076,Measure 13 (2013),2013,Measure,"Antarctic Specially Protected Area No 156 (Lewis Bay, Mount Erebus, Ross Island): Revised Management Plan.",Management Plans,,high,The title names an individual ASPA revised management plan.,Management Plans,,high,The title names an ASPA revised management plan.,Management Plans,,high,Title revises the management plan for named ASPA 156.,1,True,Management Plans,3
OV077,Measure 15 (2013),2013,Measure,"Antarctic Specially Protected Area No 161 (Terra Nova Bay, Ross Sea): Revised Management Plan.",Management Plans,,high,The title names an individual ASPA revised management plan.,Management Plans,,high,The title names an ASPA revised management plan.,Management Plans,,high,Title revises the management plan for named ASPA 161.,1,True,Management Plans,3
OV078,Measure 4 (2013),2013,Measure,"Antarctic Specially Protected Area No 132 (Potter Peninsula, King George Island (Isla 25 de Mayo), South Shetland Islands): Revised Management Plan.",Management Plans,,high,The title names an individual ASPA revised management plan.,Management Plans,,high,The title names an ASPA revised management plan.,Management Plans,,high,Title revises the management plan for named ASPA 132.,1,True,Management Plans,3
OV079,Measure 6 (2013),2013,Measure,"Antarctic Specially Protected Area No 135 (North-east Bailey Peninsula, Budd Coast, Wilkes Land): Revised Management Plan.",Management Plans,,high,The title names an individual ASPA revised management plan.,Management Plans,,high,The title names an ASPA revised management plan.,Management Plans,,high,Title revises the management plan for named ASPA 135.,1,True,Management Plans,3
OV080,Measure 9 (2013),2013,Measure,"Antarctic Specially Protected Area No 143 (Marine Plain, Mule Peninsula, Vestfold Hills, Princess Elizabeth Land): Revised Management Plan.",Management Plans,,high,The title names an individual ASPA revised management plan.,Management Plans,,high,The title names an ASPA revised management plan.,Management Plans,,high,Title revises the management plan for named ASPA 143.,1,True,Management Plans,3
OV081,Measure 14 (2014),2014,Measure,"Antarctic Specially Managed Area No 1 (Admiralty Bay, King George Island): Revised Management Plan.",Management Plans,,high,The title names an individual ASMA revised management plan.,Management Plans,,high,The title names an ASMA revised management plan.,Management Plans,,high,Title revises the management plan for named ASMA 1.,1,True,Management Plans,3
OV082,Measure 9 (2014),2014,Measure,"Antarctic Specially Protected Area No 162 (Mawson's Huts, Cape Denison, Commonwealth Bay, George V Land, East Antarctica): Revised Management Plan.",Management Plans,,high,The title names an individual ASPA revised management plan.,Management Plans,,high,The title names an ASPA revised management plan.,Management Plans,,high,Title revises the management plan for named ASPA 162.,1,True,Management Plans,3
OV083,Measure 1 (2015),2015,Measure,"Antarctic Specially Protected Area ASPA No. 101 (Taylor Rookery, Mac.Robertson Land): Revised Management Plan.",Management Plans,,high,The title names an individual ASPA revised management plan.,Management Plans,,high,The title names an ASPA revised management plan.,Management Plans,,high,Title revises the management plan for named ASPA 101.,1,True,Management Plans,3
OV084,Measure 18 (2015),2015,Measure,"Antarctic Specially Managed Area ASMA No. 2 (McMurdo Dry Valleys, Southern Victoria Land): Revised Management Plan.",Management Plans,,high,The title names an individual ASMA revised management plan.,Management Plans,,high,The title names an ASMA revised management plan.,Management Plans,,high,Title revises the management plan for named ASMA 2.,1,True,Management Plans,3
OV085,Measure 4 (2015),2015,Measure,"Antarctic Specially Protected Area ASPA No. 104 (Sabrina Island, Balleny Islands): Revised Management Plan.",Management Plans,,high,The title names an individual ASPA revised management plan.,Management Plans,,high,The title names an ASPA revised management plan.,Management Plans,,high,Title revises the management plan for named ASPA 104.,1,True,Management Plans,3
OV086,Measure 1 (2016),2016,Measure,"Antarctic Specially Protected Area ASPA No. 116 (New College Valley, Caughley Beach, Cape Bird, Ross Island): Revised Management Plan.",Management Plans,,high,The title names an individual ASPA revised management plan.,Management Plans,,high,The title names an ASPA revised management plan.,Management Plans,,high,Title revises the management plan for named ASPA 116.,1,True,Management Plans,3
OV087,Measure 2 (2016),2016,Measure,"Antarctic Specially Protected Area ASPA No. 120 (Pointe-Géologie Archipelago, Terre Adélie): Revised Management Plan.",Management Plans,,high,The title names an individual ASPA revised management plan.,Management Plans,,high,The title names an ASPA revised management plan.,Management Plans,,high,Title revises the management plan for named ASPA 120.,1,True,Management Plans,3
OV088,Measure 4 (2017),2017,Measure,"Antarctic Specially Protected Area ASPA No. 115 (Lagotellerie Island, Marguerite Bay, Graham Land): Revised Management Plan.",Management Plans,,high,The title names an individual ASPA revised management plan.,Management Plans,,high,The title names an ASPA revised management plan.,Management Plans,,high,Title revises the management plan for named ASPA 115.,1,True,Management Plans,3
OV089,Measure 1 (2018),2018,Measure,"Antarctic Specially Protected Area ASPA No. 108 (Green Island, Berthelot Islands, Antarctic Peninsula): Revised Management Plan.",Management Plans,,high,The title names an individual ASPA revised management plan.,Management Plans,,high,The title names an ASPA revised management plan.,Management Plans,,high,Title revises the management plan for named ASPA 108.,1,True,Management Plans,3
OV090,Measure 4 (2018),2018,Measure,"Antarctic Specially Protected Area ASPA No. 147 (Ablation Valley and Ganymede Heights, Alexander Island): Revised Management Plan.",Management Plans,,high,The title names an individual ASPA revised management plan.,Management Plans,,high,The title names an ASPA revised management plan.,Management Plans,,high,Title revises the management plan for named ASPA 147.,1,True,Management Plans,3
OV091,Measure 5 (2018),2018,Measure,"Antarctic Specially Protected Area ASPA No. 170 (Marion Nunataks, Charcot Island, Antarctic Peninsula): Revised Management Plan.",Management Plans,,high,The title names an individual ASPA revised management plan.,Management Plans,,high,The title names an ASPA revised management plan.,Management Plans,,high,Title revises the management plan for named ASPA 170.,1,True,Management Plans,3
OV092,Measure 7 (2019),2019,Measure,"Antarctic Specially Protected Area No 161 (Terra Nova Bay, Ross Sea): Revised Management Plan",Management Plans,,high,The title names an individual ASPA revised management plan.,Management Plans,,high,The title names an ASPA revised management plan.,Management Plans,,high,Title revises the management plan for named ASPA 161.,1,True,Management Plans,3
OV093,Measure 17 (2021),2021,Measure,"Antarctic Specially Protected Area No 163 (Dakshin Gangotri Glacier, Dronning Maud Land): Revised Management Plan",Management Plans,,high,The title names an individual ASPA revised management plan.,Management Plans,,high,The title names an ASPA revised management plan.,Management Plans,,high,Title revises the management plan for named ASPA 163.,1,True,Management Plans,3
OV094,Measure 4 (2021),2021,Measure,"Antarctic Specially Protected Area No 103 (Ardery Island and Odbert Island, Budd Coast, Wilkes Land, East Antarctica): Revised Management Plan",Management Plans,,high,The title names an individual ASPA revised management plan.,Management Plans,,high,The title names an ASPA revised management plan.,Management Plans,,high,Title revises the management plan for named ASPA 103.,1,True,Management Plans,3
OV095,Measure 7 (2021),2021,Measure,"Antarctic Specially Protected Area No 106 (Cape Hallett, Northern Victoria Land, Ross Sea): Revised Management Plan",Management Plans,,high,The title names an individual ASPA revised management plan.,Management Plans,,high,The title names an ASPA revised management plan.,Management Plans,,high,Title revises the management plan for named ASPA 106.,1,True,Management Plans,3
OV096,Measure 1 (2022),2022,Measure,Antarctic Specially Managed Area No 7 (Southwest Anvers Island and Palmer Basin): Revised Management Plan,Management Plans,,high,The title names an individual ASMA revised management plan.,Management Plans,,high,The title names an ASMA revised management plan.,Management Plans,,high,Title revises the management plan for named ASMA 7.,1,True,Management Plans,3
OV097,Measure 12 (2022),2022,Measure,"Antarctic Specially Protected Area No 129 (Rothera Point, Adelaide Island): Revised Management Plan",Management Plans,,high,The title names an individual ASPA revised management plan.,Management Plans,,high,The title names an ASPA revised management plan.,Management Plans,,high,Title revises the management plan for named ASPA 129.,1,True,Management Plans,3
OV098,Measure 15 (2022),2022,Measure,"Antarctic Specially Protected Area No 140 (Parts of Deception Island, South Shetland Islands): Revised Management Plan",Management Plans,,high,The title names an individual ASPA revised management plan.,Management Plans,,high,The title names an ASPA revised management plan.,Management Plans,,high,Title revises the management plan for named ASPA 140.,1,True,Management Plans,3
OV099,Measure 18 (2022),2022,Measure,"Revised List of Antarctic Historic Sites and Monuments: Updating information for Historic Sites and Monuments No 26, 29, 36, 38, 39, 40, 41, 42, 43 and 93",Historic Sites and Monuments,,high,The title updates information for a list of numbered Historic Sites and Monuments.,Historic Sites and Monuments,,high,The title updates specified historic-site records.,Historic Sites and Monuments,,high,Title updates information for named HSM entries.,1,True,Historic Sites and Monuments,3
OV100,Measure 6 (2022),2022,Measure,"Antarctic Specially Protected Area No 115 (Lagotellerie Island, Marguerite Bay, Graham Land): Revised Management Plan",Management Plans,,high,The title names an individual ASPA revised management plan.,Management Plans,,high,The title names an ASPA revised management plan.,Management Plans,,high,Title revises the management plan for named ASPA 115.,1,True,Management Plans,3
OV101,Measure 8 (2023),2023,Measure,"Antarctic Specially Protected Area No 138 (Linnaeus Terrace, Asgard Range, Victoria Land): Revised Management Plan",Management Plans,,high,The title names an individual ASPA revised management plan.,Management Plans,,high,The title names an ASPA revised management plan.,Management Plans,,high,Title revises the management plan for named ASPA 138.,1,True,Management Plans,3
OV102,Measure 12 (2024),2024,Measure,"Antarctic Specially Protected Area No 171 (Narębski Point, Barton Peninsula, King George Island): Revised Management Plan",Management Plans,,high,The title names an individual ASPA revised management plan.,Management Plans,,high,The title names an ASPA revised management plan.,Management Plans,,high,Title revises the management plan for named ASPA 171.,1,True,Management Plans,3
OV103,Measure 4 (2024),2024,Measure,"Antarctic Specially Protected Area No 136 (Clark Peninsula, Budd Coast, Wilkes Land, East Antarctica): Revised Management Plan",Management Plans,,high,The title names an individual ASPA revised management plan.,Management Plans,,high,The title names an ASPA revised management plan.,Management Plans,,high,Title revises the management plan for named ASPA 136.,1,True,Management Plans,3
OV104,Measure 1 (2025),2025,Measure,"Antarctic Specially Protected Area No 162 (Mawson's Huts, Cape Denison, Commonwealth Bay, George V Land, East Antarctica): Revised Management Plan",Management Plans,,high,The title names an individual ASPA revised management plan.,Management Plans,,high,The title names an ASPA revised management plan.,Management Plans,,high,Title revises the management plan for named ASPA 162.,1,True,Management Plans,3
OV105,Recommendation 3-3,1964,Recommendation,LOGISTICS,Operational issues,,high,The title explicitly concerns logistics.,Operational issues,,high,The title explicitly concerns logistics.,Operational issues,,high,Title explicitly concerns logistics.,1,True,Operational issues,3
OV106,Recommendation 4-16,1966,Recommendation,Specially Protected Species: Fur Seals,Specially Protected Species,,high,The title explicitly identifies fur seals as specially protected species.,Specially Protected Species,,high,The title explicitly identifies fur seals as specially protected.,Specially Protected Species,,high,Title explicitly names specially protected fur seals.,1,True,Specially Protected Species,3
OV107,Recommendation 4-22,1966,Recommendation,Study of pelagic sealing,Marine living resources,,high,The title concerns a study of pelagic sealing.,Marine living resources,,high,The title concerns pelagic sealing.,Marine living resources,,high,Title concerns study of pelagic sealing.,1,True,Marine living resources,3
OV108,Recommendation 5-3,1968,Recommendation,Southern Ocean research,Science issues,,high,The title explicitly concerns Southern Ocean research.,Science issues,,high,The title concerns Southern Ocean research.,Science issues,,high,Title explicitly concerns Southern Ocean research.,1,True,Science issues,3
OV109,Recommendation 6-11,1970,Recommendation,NEW ISLANDS,INSUFFICIENT_TITLE,,medium,The phrase 'New Islands' does not state a governable concern.,INSUFFICIENT_TITLE,,high,The title names new islands without stating a concern.,OUTSIDE_TAXONOMY,,medium,New islands are identifiable but lack a matching taxonomy concern.,2,False,INSUFFICIENT_TITLE,2
OV110,Recommendation 6-12,1970,Recommendation,Information exchange on rocket launching,Exchange of Information,,high,The title concerns information exchange about rocket launching.,Exchange of Information,,high,The title concerns information exchange on rocket launches.,Exchange of Information,,high,Title explicitly concerns information exchange on rocket launching.,1,True,Exchange of Information,3
OV111,Recommendation 7-3,1972,Recommendation,SITES OF SPECIAL SCIENTIFIC INTEREST,Area Protection and Management Plans General,,high,The title concerns sites of special scientific interest as a protected-area class.,Area Protection and Management Plans General,,high,The title concerns the SSSI protected-area category.,Area Protection and Management Plans General,,high,Title concerns SSSIs as a protected-area class.,1,True,Area Protection and Management Plans General,3
OV112,Recommendation 7-8,1972,Recommendation,CO-OPERATION IN TRANSPORT,Operational issues,,high,The title concerns cooperation in transport.,Operational issues,,high,The title concerns transport cooperation.,Operational issues,,high,Title concerns cooperation in transport operations.,1,True,Operational issues,3
OV113,Recommendation 7-9,1972,Recommendation,HISTORIC MONUMENTS,Historic Sites and Monuments,,high,The title explicitly concerns historic monuments.,Historic Sites and Monuments,,high,The title explicitly concerns historic monuments.,Historic Sites and Monuments,,high,Title explicitly concerns historic monuments.,1,True,Historic Sites and Monuments,3
OV114,Recommendation 8-3,1975,Recommendation,Sites of Special Scientific Interest,Area Protection and Management Plans General,,high,The title concerns sites of special scientific interest as a protected-area class.,Area Protection and Management Plans General,,high,The title concerns the SSSI protected-area category.,Area Protection and Management Plans General,,high,Title concerns SSSIs as a protected-area class.,1,True,Area Protection and Management Plans General,3
OV115,Recommendation 8-5,1975,Recommendation,Permits for Entry to Specially Protected Areas,Area Protection and Management Plans General,,high,The title concerns general entry permits for specially protected areas.,Area Protection and Management Plans General,,high,The title concerns general entry permits for protected areas.,Area Protection and Management Plans General,,high,Title concerns general entry permits for protected areas.,1,True,Area Protection and Management Plans General,3
OV116,Recommendation 8-7,1975,Recommendation,Co-operation in Transport,Operational issues,,high,The title concerns cooperation in transport.,Operational issues,,high,The title concerns transport cooperation.,Operational issues,,high,Title concerns cooperation in transport operations.,1,True,Operational issues,3
OV117,Recommendation 9-4,1977,Recommendation,Co-operation in transport,Operational issues,,high,The title concerns cooperation in transport.,Operational issues,,high,The title concerns transport cooperation.,Operational issues,,high,Title concerns cooperation in transport operations.,1,True,Operational issues,3
OV118,Recommendation 10-7,1979,Recommendation,Oil Contamination of the Antarctic Marine Environment,Prevention of marine pollution,,high,The title explicitly concerns oil contamination of the marine environment.,Prevention of marine pollution,,high,The title concerns oil contamination of the marine environment.,Prevention of marine pollution,,high,Title explicitly concerns oil contamination of the marine environment.,1,True,Prevention of marine pollution,3
OV119,Recommendation 13-11,1985,Recommendation,Specially Protected Areas:,INSUFFICIENT_TITLE,,high,The title ends after a general protected-areas heading.,Area Protection and Management Plans General,,medium,The visible subject is the protected-area system.,INSUFFICIENT_TITLE,,high,Visible protected-areas title is truncated at a colon.,2,False,INSUFFICIENT_TITLE,2
OV120,Recommendation 13-13,1985,Recommendation,"Specially Protected Area N° 7: Cape Hallett,",INSUFFICIENT_TITLE,,high,The title ends after naming one protected area and states no action.,INSUFFICIENT_TITLE,,high,The truncated title names a protected area but not the action.,INSUFFICIENT_TITLE,,high,Visible named-area title is truncated before stating the action.,1,True,INSUFFICIENT_TITLE,3
OV121,Recommendation 14-1,1987,Recommendation,Operation of the Antarctic Treaty System: public availability of the documents of Consultative Meetings.,Operation of the Antarctic Treaty system General,,high,The title concerns public availability of Consultative Meeting documents.,Operation of the Antarctic Treaty system General,,high,The title concerns public availability of ATCM documents.,Operation of the Antarctic Treaty system General,,high,Title concerns public availability of ATCM documents.,1,True,Operation of the Antarctic Treaty system General,3
OV122,Recommendation 14-2,1987,Recommendation,Human impact on the Antarctic environment: Environmental impact assessment.,Environmental Impact Assessment EIA Other EIA Matters,,high,The title explicitly concerns environmental impact assessment.,Environmental Impact Assessment EIA Other EIA Matters,,high,The title explicitly concerns environmental impact assessment.,Environmental Impact Assessment EIA Other EIA Matters,,high,Title explicitly concerns environmental impact assessment.,1,True,Environmental Impact Assessment EIA Other EIA Matters,3
OV123,Recommendation 14-4,1987,Recommendation,Facilitation of Scientific Research: Sites of Special Scientific Interest: Interim Guidelines: Extension of Designation.,Area Protection and Management Plans General,Science issues,high,The title concerns general designation guidance for scientific-interest sites and facilitation of research.,Management Plans,Science issues,high,The title extends designation of specified scientific-interest sites.,Management Plans,,high,Title extends designation of protected scientific-interest sites.,2,False,Management Plans,2
OV124,Recommendation 14-5,1987,Recommendation,Facilitation of Scientific Research: Sites of Special,INSUFFICIENT_TITLE,,high,The title is truncated before identifying the type of scientific site or action.,INSUFFICIENT_TITLE,,high,The title is truncated before identifying the protected-site concern.,INSUFFICIENT_TITLE,,high,Visible title is truncated before identifying the full subject.,1,True,INSUFFICIENT_TITLE,3
OV125,Recommendation 14-6,1987,Recommendation,Marine sites of special scientific interest.,Area Protection and Management Plans General,,high,The title concerns marine sites of special scientific interest.,Area Protection and Management Plans General,,medium,The title concerns marine sites of special scientific interest.,Area Protection and Management Plans General,,high,Title concerns marine SSSIs as protected areas.,1,True,Area Protection and Management Plans General,3
OV126,Recommendation 14-9,1987,Recommendation,Air safety in Antarctica.,Safety and Operations in Antarctica,,high,The title explicitly concerns air safety in Antarctica.,Safety and Operations in Antarctica,,high,The title explicitly concerns air safety.,Safety and Operations in Antarctica,,high,Title explicitly concerns air safety in Antarctica.,1,True,Safety and Operations in Antarctica,3
OV127,Recommendation 15-19,1989,Recommendation,Cooperation in the hydrographic charting of Antarctic Waters,Operational issues,,medium,The title concerns operational hydrographic charting of Antarctic waters.,Operational issues,,medium,The title concerns cooperation in hydrographic charting.,Operational issues,,high,Title concerns cooperative hydrographic charting operations.,1,True,Operational issues,3
OV128,Recommendation 15-2,1989,Recommendation,Comprehensive measures for the protection of the Antarctic environment and dependent and associated ecosystems,Environmental Protection General,,high,The title broadly concerns protection of the Antarctic environment and ecosystems.,Environmental Protection General,,high,The title concerns comprehensive Antarctic environmental protection.,Environmental Protection General,,high,Title broadly concerns protection of the Antarctic environment.,1,True,Environmental Protection General,3
OV129,Recommendation 15-22,1989,Recommendation,THE OPERATION OF THE ANTARCTIC TREATY SYSTEM: REPORTS (Agenda item 5),Operation of the Antarctic Treaty system Reports,,high,The title explicitly identifies reports on operation of the Treaty System.,Operation of the Antarctic Treaty system Reports,,high,The title explicitly names Treaty System operational reports.,Operation of the Antarctic Treaty system Reports,,high,Title explicitly identifies Treaty System reports.,1,True,Operation of the Antarctic Treaty system Reports,3
OV130,Recommendation 15-3,1989,Recommendation,Human impact on the Antarctic environment: Waste disposal,Waste management and disposal,,high,The title explicitly concerns waste disposal.,Waste management and disposal,,high,The title explicitly concerns waste disposal.,Waste management and disposal,,high,Title explicitly concerns waste disposal.,1,True,Waste management and disposal,3
OV131,Recommendation 15-7,1989,Recommendation,"Antarctic Protected Area System: Redesignation of Specially Protected Area, n°11 Cape Shirreff, as Site of Special Scientific Interest No.32",Management Plans,,high,The title redesignates a particular protected area.,Management Plans,,high,The title redesignates a named protected area.,Management Plans,,high,Title redesignates a named protected area.,1,True,Management Plans,3
OV132,Recommendation 16-1,1991,Recommendation,EXCHANGE OF INFORMATION,Exchange of Information,,high,The title explicitly concerns exchange of information.,Exchange of Information,,high,The title explicitly concerns information exchange.,Exchange of Information,,high,Title explicitly concerns exchange of information.,1,True,Exchange of Information,3
OV133,Recommendation 16-10,1991,Recommendation,ANTARCTIC PROTECTED AREA SYSTEM: REVIEW OF THE SYSTEM,Area Protection and Management Plans General,,high,The title concerns review of the protected-area system.,Area Protection and Management Plans General,,high,The title concerns review of the protected-area system.,Area Protection and Management Plans General,,high,Title reviews the protected-area system.,1,True,Area Protection and Management Plans General,3
OV134,Recommendation 16-5,1991,Recommendation,ANTARCTIC PROTECTED AREA SYSTEM,Area Protection and Management Plans General,,high,The title concerns the protected-area system generally.,Area Protection and Management Plans General,,high,The title explicitly concerns the protected-area system.,Area Protection and Management Plans General,,high,Title concerns the protected-area system generally.,1,True,Area Protection and Management Plans General,3
OV135,Recommendation 17-4,1992,Recommendation,GLOBAL CHANGE RESEARCH AND INTERNATIONAL COOPERATION IN ANTARCTICA,Climate Change,Science issues,medium,The title concerns global-change research in Antarctica.,Climate Change,Science issues,medium,The title concerns global-change research in Antarctica.,Climate Change,Science issues,high,Title concerns global-change research in Antarctica.,1,True,Climate Change,3
OV136,Resolution 2 (1995),1995,Resolution,Disposal of nuclear waste negotiations,Waste management and disposal,,high,The title concerns negotiations over disposal of nuclear waste.,Waste management and disposal,,high,The title concerns disposal of nuclear waste.,Waste management and disposal,,high,Title concerns negotiations on nuclear-waste disposal.,1,True,Waste management and disposal,3
OV137,Resolution 5 (1995),1995,Resolution,Inspection checklists,Inspections,,high,The title explicitly concerns inspection checklists.,Inspections,,high,The title explicitly concerns inspection checklists.,Inspections,,high,Title explicitly concerns inspection checklists.,1,True,Inspections,3
OV138,Resolution 8 (1995),1995,Resolution,Guidelines for proposing new Historic Sites and Monuments,Historic Sites and Monuments,,high,The title concerns guidelines for proposing Historic Sites and Monuments.,Historic Sites and Monuments,,high,The title concerns guidelines for proposing historic sites.,Historic Sites and Monuments,,high,Title gives guidelines for proposing new HSMs.,1,True,Historic Sites and Monuments,3
OV139,Resolution 2 (1996),1996,Resolution,Educational and cultural activities,Educational issues,,high,The title explicitly concerns educational and cultural activities.,Educational issues,,high,The title explicitly concerns educational and cultural activities.,Educational issues,,high,Title explicitly concerns educational and cultural activities.,1,True,Educational issues,3
OV140,Resolution 3 (1996),1996,Resolution,"Extension of expiry dates for SSSI 2 (Arrival Heights), 13 (Potter Peninsula), 20 (Biscoe Point), 23 (Svarthamaren), 24 (Mount Melbourne), 25 (Marine Plain), 26 (Chile Bay), 27 (Port Foster), 28 (South Bay), 29 (Ablation Point), 31 (Mount Flora) and 32 (Cape Shirreff)",Management Plans,,high,The title extends expiry dates for specifically numbered designated sites.,Management Plans,,high,The title extends expiry dates for specified protected sites.,Management Plans,,high,Title extends expiry dates for named SSSIs.,1,True,Management Plans,3
OV141,Resolution 5 (1996),1996,Resolution,Numbering system for ASPAs,Area Protection and Management Plans General,,high,The title sets a general numbering system for ASPAs.,Area Protection and Management Plans General,,high,The title concerns the ASPA numbering system.,Area Protection and Management Plans General,,high,Title establishes a system-wide ASPA numbering system.,1,True,Area Protection and Management Plans General,3
OV142,Resolution 1 (1997),1997,Resolution,Contingency plans,Emergency report and contingency planning,,high,The title explicitly concerns contingency plans.,Emergency report and contingency planning,,high,The title explicitly concerns contingency plans.,Emergency report and contingency planning,,high,Title explicitly concerns contingency plans.,1,True,Emergency report and contingency planning,3
OV143,Resolution 1 (1998),1998,Resolution,Annex V. Protected Areas,Area Protection and Management Plans General,,high,The title concerns the protected-areas framework in Annex V.,Area Protection and Management Plans General,,high,The title concerns the Protocol annex on protected areas.,Area Protection and Management Plans General,,high,Title concerns the Protocol annex on protected areas.,1,True,Area Protection and Management Plans General,3
OV144,Resolution 2 (1998),1998,Resolution,Guide to the Preparation of Management Plans for Antarctic Specially Protected Areas,Area Protection and Management Plans General,,high,The title is general guidance for preparing ASPA management plans.,Area Protection and Management Plans General,,high,The title concerns general guidance for preparing ASPA plans.,Area Protection and Management Plans General,,high,Title gives general guidance for ASPA management plans.,1,True,Area Protection and Management Plans General,3
OV145,Resolution 4 (1998),1998,Resolution,Antarctic Data Management,Science issues,,medium,"The title concerns management of Antarctic data, supporting scientific work.",Science issues,,medium,The title concerns management of Antarctic data.,Exchange of Information,,medium,Title concerns management of Antarctic data.,2,False,Science issues,2
OV146,Resolution 2 (1999),1999,Resolution,LIST OF SPECIALLY PROTECTED SPECIES: ANNEX II TO THE ENVIRONMENTAL PROTOCOL,Specially Protected Species,,high,The title explicitly concerns a list of specially protected species.,Specially Protected Species,,high,The title explicitly concerns the specially protected species list.,Specially Protected Species,,high,Title explicitly concerns the specially protected species list.,1,True,Specially Protected Species,3
OV147,Resolution 6 (1999),1999,Resolution,ADHERENCE TO THE ENVIRONMENTAL PROTOCOL BY NON-CONSULTATIVE PARTIES,Environmental Protection General,,high,The title concerns adherence to the Environmental Protocol.,Environmental Protection General,,high,The title concerns adherence to the Environment Protocol.,Environmental Protection General,,high,Title concerns general adherence to the Environment Protocol.,1,True,Environmental Protection General,3
OV148,Resolution 2 (2001),2001,Resolution,"Support for CCAMLR and its Measures to Combat Illegal, Unreported and Unregulated Fishing, Including a Catch Documentation Scheme for Dissostichus spp. (Toothfish)",Cooperation with Other Organisations,Marine living resources,high,The title supports CCAMLR measures against illegal fishing.,Cooperation with Other Organisations,Marine living resources,high,The title supports CCAMLR measures against illegal fishing.,Cooperation with Other Organisations,Marine living resources,high,Title supports CCAMLR action against illegal fishing.,1,True,Cooperation with Other Organisations,3
OV149,Resolution 4 (2001),2001,Resolution,Historic Sites and Monuments,Historic Sites and Monuments,,high,The title explicitly concerns Historic Sites and Monuments.,Historic Sites and Monuments,,high,The title explicitly concerns historic sites and monuments.,Historic Sites and Monuments,,high,Title explicitly concerns historic sites and monuments.,1,True,Historic Sites and Monuments,3
OV150,Resolution 5 (2001),2001,Resolution,Guidelines for handling of pre-1958 historic remains whose existence or present location is not known,Historic Sites and Monuments,,high,The title concerns guidelines for pre-1958 historic remains.,Historic Sites and Monuments,,high,The title concerns handling pre-1958 historic remains.,Historic Sites and Monuments,,high,Title governs handling of pre-1958 historic remains.,1,True,Historic Sites and Monuments,3
OV151,Resolution 6 (2001),2001,Resolution,Recalling Article III (1)a and Article VII(5) of the Antarctic Treaty;,INSUFFICIENT_TITLE,,high,The title only recalls Treaty provisions and states no substantive concern.,INSUFFICIENT_TITLE,,high,Treaty article references alone do not state the concern.,INSUFFICIENT_TITLE,,high,Title only recalls Treaty articles without stating a concern.,1,True,INSUFFICIENT_TITLE,3
OV152,Resolution 3 (2002),2002,Resolution,Support for CCAMLR,Cooperation with Other Organisations,,high,The title explicitly supports CCAMLR.,Cooperation with Other Organisations,,high,The title explicitly supports CCAMLR.,Cooperation with Other Organisations,,high,Title explicitly supports CCAMLR.,1,True,Cooperation with Other Organisations,3
OV153,Resolution 4 (2003),2003,Resolution,Support for the Conservation of Albatrosses and Petrels,Fauna and Flora_General,,high,The title concerns conservation of albatrosses and petrels.,Fauna and Flora_General,,high,The title concerns conservation of albatrosses and petrels.,Fauna and Flora_General,,high,Title concerns conservation of albatrosses and petrels.,1,True,Fauna and Flora_General,3
OV154,Resolution 5 (2004),2004,Resolution,ESTABLISHMENT OF AN INTERSESSIONAL CONTACT GROUP TO IMPROVE EXCHANGE OF INFORMATION,Exchange of Information,,high,The title establishes a group to improve information exchange.,Exchange of Information,,high,The title concerns a group to improve information exchange.,Exchange of Information,,high,Title explicitly aims to improve information exchange.,1,True,Exchange of Information,3
OV155,Resolution 6 (2005),2005,Resolution,Antarctic Post Visit Site Report Form,Site Guidelines for Visitors,,high,The title concerns a post-visit site report form.,Site Guidelines for Visitors,,high,The title concerns the Antarctic post-visit site report form.,Site Guidelines for Visitors,,high,Title concerns an Antarctic post-visit site report form.,1,True,Site Guidelines for Visitors,3
OV156,Resolution 7 (2005),2005,Resolution,Biological Prospecting in Antarctica,Biological Prospecting,,high,The title explicitly concerns biological prospecting in Antarctica.,Biological Prospecting,,high,The title explicitly concerns biological prospecting.,Biological Prospecting,,high,Title explicitly concerns biological prospecting.,1,True,Biological Prospecting,3
OV157,Resolution 5 (2007),2007,Resolution,Tourism in the Antarctic Treaty Area,Tourism and NG_Activities,,high,The title explicitly concerns tourism in the Treaty Area.,Tourism and NG_Activities,,high,The title explicitly concerns Antarctic tourism.,Tourism and NG_Activities,,high,Title explicitly concerns Antarctic tourism.,1,True,Tourism and NG_Activities,3
OV158,Resolution 1 (2008),2008,Resolution,"Guide to the Presentation of Working Papers Containing Proposals for Antarctic Specially Protected Areas, Antarctic Specially Managed Areas or Historic Sites and Monuments",Area Protection and Management Plans General,Historic Sites and Monuments,high,The title gives general proposal guidance spanning protected areas and historic sites.,Area Protection and Management Plans General,Historic Sites and Monuments,high,The title gives proposal guidance spanning protected areas and historic sites.,Area Protection and Management Plans General,Historic Sites and Monuments,high,Title gives proposal guidance spanning protected areas and HSMs.,1,True,Area Protection and Management Plans General,3
OV159,Resolution 3 (2008),2008,Resolution,Environmental Domains Analysis for the Antarctic continent as a dynamic model for a systematic environmental geographic framework,Environmental Domains Analysis,,high,The title explicitly concerns Environmental Domains Analysis and a geographic framework.,Environmental Domains Analysis,,high,The title explicitly concerns environmental domains analysis.,Environmental Domains Analysis,,high,Title explicitly concerns environmental domains analysis.,1,True,Environmental Domains Analysis,3
OV160,Resolution 5 (2008),2008,Resolution,Improving hydrographic surveying and charting to support safety of navigation and environmental protection in the Antarctic region,Safety and Operations in Antarctica,Environmental Protection General,high,The title links hydrographic charting to navigation safety and environmental protection.,Safety and Operations in Antarctica,Environmental Protection General,high,The title links charting to navigation safety and environmental protection.,Safety and Operations in Antarctica,Environmental Protection General,high,Title links hydrographic charting to navigation safety and environmental protection.,1,True,Safety and Operations in Antarctica,3
OV161,Resolution 6 (2008),2008,Resolution,Enhancing the role of Maritime Rescue Coordination Centres with Search and Rescue Regions in the Antarctic Treaty Area,Search and Rescue,,high,The title explicitly concerns maritime rescue coordination and SAR regions.,Search and Rescue,,high,The title explicitly concerns maritime rescue coordination.,Search and Rescue,,high,Title concerns maritime rescue coordination and SAR regions.,1,True,Search and Rescue,3
OV162,Resolution 5 (2009),2009,Resolution,Protection of the Southern Giant Petrel,Fauna and Flora_General,,high,The title concerns protection of the Southern Giant Petrel.,Fauna and Flora_General,,high,The title concerns protection of the Southern Giant Petrel.,Fauna and Flora_General,,high,Title concerns protection of the Southern Giant Petrel.,1,True,Fauna and Flora_General,3
OV163,Resolution 7 (2009),2009,Resolution,General principles of Antarctic tourism,Tourism and NG_Activities,,high,The title concerns general principles of Antarctic tourism.,Tourism and NG_Activities,,high,The title concerns general principles of Antarctic tourism.,Tourism and NG_Activities,,high,Title explicitly concerns principles of Antarctic tourism.,1,True,Tourism and NG_Activities,3
OV164,Resolution 2 (2010),2010,Resolution,The contribution of the IPY to hydrographic knowledge,International Polar Year,Operational issues,high,The title concerns an IPY contribution to hydrographic knowledge.,International Polar Year,Science issues,high,The title concerns the IPY contribution to hydrographic knowledge.,International Polar Year,,high,Title explicitly concerns an IPY contribution.,1,True,International Polar Year,3
OV165,Resolution 7 (2010),2010,Resolution,Enhancement of port State control for passenger vessels bound,INSUFFICIENT_TITLE,,high,The title is truncated before stating the destination or governed action.,Tourism and NG_Activities,,medium,The visible title concerns port control for passenger vessels.,INSUFFICIENT_TITLE,,high,Visible passenger-vessel title is truncated before its destination or purpose.,2,False,INSUFFICIENT_TITLE,2
OV166,Resolution 2 (2011),2011,Resolution,Revised Guide to the Preparation of Management Plans for Antarctic Specially Protected Areas,Area Protection and Management Plans General,,high,The title is general guidance for preparing ASPA management plans.,Area Protection and Management Plans General,,high,The title concerns general guidance for preparing ASPA plans.,Area Protection and Management Plans General,,high,Title gives general guidance for ASPA management plans.,1,True,Area Protection and Management Plans General,3
OV167,Resolution 2 (2012),2012,Resolution,Cooperation on questions related to the exercise of jurisdiction,Institutional and legal matters,,high,The title concerns cooperation on jurisdictional questions.,Institutional and legal matters,,high,The title concerns cooperation on jurisdiction.,Institutional and legal matters,,high,Title concerns cooperation on jurisdictional questions.,1,True,Institutional and legal matters,3
OV168,Resolution 3 (2012),2012,Resolution,Improving Cooperation in Antarctica.,INSUFFICIENT_TITLE,,medium,The generic phrase does not identify what cooperation concerns.,INSUFFICIENT_TITLE,,high,The title does not specify what kind of cooperation is addressed.,INSUFFICIENT_TITLE,,medium,Title does not identify the subject of improved cooperation.,1,True,INSUFFICIENT_TITLE,3
OV169,Resolution 3 (2013),2013,Resolution,Site Guidelines for Visitors.,Site Guidelines for Visitors,,high,The title explicitly concerns site guidelines for visitors.,Site Guidelines for Visitors,,high,The title explicitly concerns visitor site guidelines.,Site Guidelines for Visitors,,high,Title explicitly concerns site guidelines for visitors.,1,True,Site Guidelines for Visitors,3
OV170,Resolution 6 (2013),2013,Resolution,Biological Prospecting in Antarctica,Biological Prospecting,,high,The title explicitly concerns biological prospecting in Antarctica.,Biological Prospecting,,high,The title explicitly concerns biological prospecting.,Biological Prospecting,,high,Title explicitly concerns biological prospecting.,1,True,Biological Prospecting,3
OV171,Resolution 2 (2014),2014,Resolution,"Cooperation, Facilitation, and Exchange of Meteorological and Related Oceanographic and Cryospheric Environmental Information.",Exchange of Information,Science issues,high,The title explicitly concerns exchange of meteorological and related environmental information.,Exchange of Information,Science issues,high,The title concerns exchange of meteorological and related scientific information.,Exchange of Information,Science issues,high,Title concerns exchange of meteorological oceanographic and cryospheric information.,1,True,Exchange of Information,3
OV172,Resolution 3 (2015),2015,Resolution,The Antarctic Environments Portal.,Environmental Protection General,,low,The title identifies an Antarctic environmental portal but no narrower concern.,Science issues,,medium,The title concerns an Antarctic environments information portal.,Exchange of Information,,medium,Title identifies an Antarctic environmental information portal.,3,False,Environmental Protection General,1
OV173,Resolution 5 (2015),2015,Resolution,Important Bird Areas in Antarctica.,Fauna and Flora_General,,high,The title concerns important areas for Antarctic birds.,Fauna and Flora_General,,high,The title concerns important bird areas.,Fauna and Flora_General,,high,Title concerns important areas for Antarctic birds.,1,True,Fauna and Flora_General,3
OV174,Resolution 6 (2015),2015,Resolution,The Role of Antarctica in Global Climate Processes.,Climate Change,,high,The title explicitly concerns Antarctica in global climate processes.,Climate Change,,high,The title explicitly concerns Antarctica in global climate processes.,Climate Change,,high,Title explicitly concerns Antarctica in global climate processes.,1,True,Climate Change,3
OV175,Resolution 1 (2016),2016,Resolution,"Revised Guidelines for Environmental Impact Assessment in Antarctica, and highlighted the importance of the Guidelines for the ongoing implementation of the Protocol.",Environmental Impact Assessment EIA Other EIA Matters,Environmental Protection General,high,The title concerns revised EIA guidance and Protocol implementation.,Environmental Impact Assessment EIA Other EIA Matters,,high,The title explicitly concerns revised EIA guidelines.,Environmental Impact Assessment EIA Other EIA Matters,,high,Title explicitly revises environmental impact assessment guidelines.,1,True,Environmental Impact Assessment EIA Other EIA Matters,3
OV176,Resolution 2 (2016),2016,Resolution,Site Guidelines for Visitors.,Site Guidelines for Visitors,,high,The title explicitly concerns site guidelines for visitors.,Site Guidelines for Visitors,,high,The title explicitly concerns visitor site guidelines.,Site Guidelines for Visitors,,high,Title explicitly concerns site guidelines for visitors.,1,True,Site Guidelines for Visitors,3
OV177,Resolution 4 (2016),2016,Resolution,The Committee for Environmental Protection Non-native Species Manual,Nonnative Species and Quarantine,Operation of the CEP,high,The title explicitly concerns the CEP non-native species manual.,Nonnative Species and Quarantine,Operation of the CEP,high,The title concerns the CEP non-native species manual.,Nonnative Species and Quarantine,,high,Title explicitly concerns the CEP non-native species manual.,1,True,Nonnative Species and Quarantine,3
OV178,Resolution 5 (2016),2016,Resolution,"Revised Guide to the presentation of Working Papers containing proposals for Antarctic Specially Protected Areas, Antarctic Specially Managed Areas or Historic Sites and Monuments",Area Protection and Management Plans General,Historic Sites and Monuments,high,The title gives general proposal guidance spanning protected areas and historic sites.,Area Protection and Management Plans General,Historic Sites and Monuments,high,The title gives proposal guidance spanning protected areas and historic sites.,Area Protection and Management Plans General,Historic Sites and Monuments,high,Title gives proposal guidance spanning protected areas and HSMs.,1,True,Area Protection and Management Plans General,3
OV179,Resolution 3 (2017),2017,Resolution,Antarctic Conservation Biogeographic Regions (ACBRs Version 2),Environmental Domains Analysis,,high,The title concerns Antarctic conservation biogeographic regions.,Environmental Domains Analysis,,high,The title concerns Antarctic conservation biogeographic regions.,Environmental Domains Analysis,,high,Title concerns Antarctic conservation biogeographic regions.,1,True,Environmental Domains Analysis,3
OV180,Resolution 4 (2017),2017,Resolution,Green Expedition in the Antarctic.,Environmental Protection General,,medium,The title describes an environmentally oriented Antarctic expedition.,Environmental Protection General,,low,The title suggests environmentally responsible expedition activity.,Environmental Protection General,,low,Title suggests an environmentally oriented expedition without a narrower concern.,1,True,Environmental Protection General,3
OV181,Resolution 5 (2017),2017,Resolution,Establishment of the Ross Sea Region Marine Protected Area,Marine Protected Areas,,high,The title establishes a named marine protected area.,Marine Protected Areas,,high,The title establishes a marine protected area.,Marine Protected Areas,,high,Title establishes the Ross Sea Region MPA.,1,True,Marine Protected Areas,3
OV182,Resolution 6 (2017),2017,Resolution,"Guidelines on Contingency Planning, insurance and other matters for tourist and other non-governmental activities in the Antarctic Treaty Area.",Emergency report and contingency planning,Tourism and NG_Activities,high,The title concerns contingency planning for tourist and non-governmental activities.,Emergency report and contingency planning,Tourism and NG_Activities,high,The title concerns contingency planning for tourism and nongovernmental activity.,Emergency report and contingency planning,Tourism and NG_Activities,high,Title governs contingency planning for tourism and NGO activities.,1,True,Emergency report and contingency planning,3
OV183,Resolution 1 (2018),2018,Resolution,Site Guidelines for Visitors.,Site Guidelines for Visitors,,high,The title explicitly concerns site guidelines for visitors.,Site Guidelines for Visitors,,high,The title explicitly concerns visitor site guidelines.,Site Guidelines for Visitors,,high,Title explicitly concerns site guidelines for visitors.,1,True,Site Guidelines for Visitors,3
OV184,Resolution 4 (2018),2018,Resolution,Environmental guidelines for the operation of Remotely Piloted Aircraft Systems (RPAS) in Antarctica,Environmental Protection General,Operational issues,high,The title sets environmental guidelines for operating remotely piloted aircraft.,Environmental Protection General,Operational issues,high,The title concerns environmental guidance for operating remotely piloted aircraft.,Environmental Protection General,Operational issues,high,Title gives environmental guidance for RPAS operations.,1,True,Environmental Protection General,3
OV185,Resolution 5 (2018),2018,Resolution,SCAR's Environmental Code of Conduct for Terrestrial Scientific Field Research in Antarctica.,Environmental Protection General,Science issues,high,The title concerns an environmental code for terrestrial scientific field research.,Cooperation with Other Organisations,Environmental Protection General,high,The title adopts a SCAR environmental code for field research.,Environmental Protection General,Science issues,high,Title concerns an environmental code for scientific field research.,2,False,Environmental Protection General,2
OV186,Resolution 2 (2019),2019,Resolution,Site Guidelines for Visitors.,Site Guidelines for Visitors,,high,The title explicitly concerns site guidelines for visitors.,Site Guidelines for Visitors,,high,The title explicitly concerns visitor site guidelines.,Site Guidelines for Visitors,,high,Title explicitly concerns site guidelines for visitors.,1,True,Site Guidelines for Visitors,3
OV187,Resolution 3 (2019),2019,Resolution,Visitor Site Guidelines Assessment and Review Checklist,Site Guidelines for Visitors,,high,The title concerns assessment and review of visitor site guidelines.,Site Guidelines for Visitors,,high,The title concerns assessment and review of visitor site guidelines.,Site Guidelines for Visitors,,high,Title concerns assessment and review of visitor site guidelines.,1,True,Site Guidelines for Visitors,3
OV188,Resolution 4 (2019),2019,Resolution,Scientific Committee on Antarctic Research's Code of Conduct for the Use of Animals for Scientific Purposes in Antarctica,Fauna and Flora_General,Science issues,high,The title concerns use of animals for scientific purposes.,Cooperation with Other Organisations,Fauna and Flora_General,high,The title concerns a SCAR code for scientific use of animals.,Fauna and Flora_General,Science issues,high,Title governs use of animals for scientific purposes.,2,False,Fauna and Flora_General,2
OV189,Resolution 6 (2019),2019,Resolution,Hydrographic Mapping of Antarctic Waters,Operational issues,,medium,The title concerns hydrographic mapping of Antarctic waters.,Operational issues,,medium,The title concerns hydrographic mapping of Antarctic waters.,Operational issues,,high,Title concerns hydrographic mapping of Antarctic waters.,1,True,Operational issues,3
OV190,Resolution 7 (2019),2019,Resolution,SCAR’s Sixtieth Anniversary and the Role of SCAR in Providing Scientific Advice to Support the Work of the Antarctic Treaty System,Cooperation with Other Organisations,Science issues,high,The title recognizes SCAR and its scientific-advice role for the Treaty System.,Cooperation with Other Organisations,Science issues,high,The title concerns SCAR scientific advice to the Treaty System.,Cooperation with Other Organisations,Science issues,high,Title concerns SCAR scientific advice supporting the Treaty System.,1,True,Cooperation with Other Organisations,3
OV191,Resolution 1 (2021),2021,Resolution,SCAR Environmental Code of Conduct for Geosciences Field Research Activities in Antarctica,Environmental Protection General,Science issues,high,The title concerns a SCAR environmental code for geoscience field research.,Cooperation with Other Organisations,Environmental Protection General,high,The title concerns a SCAR environmental code for geoscience fieldwork.,Environmental Protection General,Science issues,high,Title concerns an environmental code for geoscience field research.,2,False,Environmental Protection General,2
OV192,Resolution 5 (2021),2021,Resolution,Coronavirus Disease 2019 and Antarctica,Safety and Operations in Antarctica,,medium,The title concerns a disease hazard affecting Antarctic activity.,Safety and Operations in Antarctica,,medium,The title concerns COVID-19 in Antarctica.,Safety and Operations in Antarctica,,medium,Title concerns an operational health-safety issue in Antarctica.,1,True,Safety and Operations in Antarctica,3
OV193,Resolution 6 (2021),2021,Resolution,Air Safety in Antarctica,Safety and Operations in Antarctica,,high,The title explicitly concerns air safety in Antarctica.,Safety and Operations in Antarctica,,high,The title explicitly concerns air safety.,Safety and Operations in Antarctica,,high,Title explicitly concerns air safety in Antarctica.,1,True,Safety and Operations in Antarctica,3
OV194,Resolution 4 (2022),2022,Resolution,Antarctic Climate Change and the Environment: A Decadal Synopsis and Recommendations for Action report,Climate Change,Environmental Protection General,high,"The title concerns Antarctic climate change, environmental effects, and action.",Climate Change,Environmental Protection General,high,The title concerns Antarctic climate change and environmental action.,Climate Change,,high,Title explicitly concerns Antarctic climate change and action.,1,True,Climate Change,3
OV195,Resolution 2 (2023),2023,Resolution,Helsinki Declaration on Climate Change and the Antarctic,Climate Change,,high,The title explicitly concerns climate change and Antarctica.,Climate Change,,high,The title explicitly concerns climate change and Antarctica.,Climate Change,,high,Title explicitly concerns climate change and Antarctica.,1,True,Climate Change,3
OV196,Resolution 4 (2023),2023,Resolution,Urgent measures to be taken with respect to certain tourist and non-governmental activities,Tourism and NG_Activities,,high,The title calls for measures governing tourist and non-governmental activities.,Tourism and NG_Activities,,high,The title concerns urgent measures for tourism and nongovernmental activities.,Tourism and NG_Activities,,high,Title concerns urgent measures for tourism and NGO activities.,1,True,Tourism and NG_Activities,3
OV197,Resolution 2 (2024),2024,Resolution,General Guidelines for Visitors to the Antarctic,Tourism and NG_Activities,,high,The title concerns general guidelines for Antarctic visitors.,Site Guidelines for Visitors,,high,The title explicitly concerns general visitor guidelines.,Tourism and NG_Activities,,high,Title gives general guidance for Antarctic visitors.,2,False,Tourism and NG_Activities,2
OV198,Resolution 1 (2025),2025,Resolution,Site Guidelines for Visitors,Site Guidelines for Visitors,,high,The title explicitly concerns site guidelines for visitors.,Site Guidelines for Visitors,,high,The title explicitly concerns visitor site guidelines.,Site Guidelines for Visitors,,high,Title explicitly concerns site guidelines for visitors.,1,True,Site Guidelines for Visitors,3
OV199,Resolution 2 (2025),2025,Resolution,Revised Guidelines for implementation of the Framework for Antarctic Specially Protected Areas,Area Protection and Management Plans General,,high,The title concerns implementation guidance for the ASPA framework.,Area Protection and Management Plans General,,high,The title concerns the general ASPA framework.,Area Protection and Management Plans General,,high,Title concerns general implementation of the ASPA framework.,1,True,Area Protection and Management Plans General,3
OV200,Resolution 4 (2025),2025,Resolution,General Guidelines for Visitors to the Antarctic,Tourism and NG_Activities,,high,The title concerns general guidelines for Antarctic visitors.,Site Guidelines for Visitors,,high,The title explicitly concerns general visitor guidelines.,Tourism and NG_Activities,,high,Title gives general guidance for Antarctic visitors.,2,False,Tourism and NG_Activities,2
