validation_id,outcome_id,year,instrument,title,consensus_primary,consensus_secondary,consensus_confidence,consensus_source,in_stratified_120,in_headline_lineage_95,topic_top1,topic_top2,topic_top3,probability_top1,margin_top1_top2,high_confidence,codable,exact_top1,primary_in_top3,primary_or_secondary_in_top3,same_descriptive_region,human_model_proximity,in_lineage_union_157
OV001,Decision 1 (1997),1997,Decision,Revised Rules of Procedure (1997),Operation of the Antarctic Treaty system General,,high,three_coder_unanimous+independent_audit,False,True,Operation of the Antarctic Treaty system General,Institutional and legal matters,CEP Strategy Discussions,0.3256837947127399,0.0119209512820196,False,True,True,True,True,True,1.0,True
OV002,Decision 3 (1998),1998,Decision,Liability,Liability,,high,three_coder_unanimous+independent_audit,True,False,Liability,Environmental Monitoring and Reporting,Marine Acoustics,0.993103724000242,2.8721846720940487,True,True,True,True,True,True,1.0,False
OV003,Decision 1 (1999),1999,Decision,CEP WEB SITE,Operation of the CEP,,medium,three_coder_unanimous+independent_audit,False,True,Site Guidelines for Visitors,Operation of the CEP,Exchange of Information,0.2228302034196025,0.4476402495363466,False,True,False,True,True,True,0.07142857142857142,True
OV005,Decision 2 (2001),2001,Decision,Guidelines on Circulation and Handling of CEP Documents,Operation of the CEP,,high,three_coder_unanimous+independent_audit,False,True,Operation of the CEP,Operation of the Antarctic Treaty system General,Comprehensive Environmental Evaluations,0.4043942308254048,0.7593401628662679,True,True,True,True,True,True,1.0,True
OV006,Decision 3 (2001),2001,Decision,Elaboration of draft liability annex,Liability,,high,three_coder_unanimous+independent_audit,False,True,Liability,Area Protection and Management Plans General,Historic Sites and Monuments,0.9680154625900442,2.2191301827955887,True,True,True,True,True,True,1.0,True
OV007,Decision 1 (2002),2002,Decision,Naming and numbering system for Antarctic Specially Protected Areas,Area Protection and Management Plans General,,high,three_coder_unanimous+independent_audit,False,True,Area Protection and Management Plans General,Management Plans,Environmental Protection General,0.5260509649215754,0.3742677756688957,False,True,True,True,True,True,1.0,True
OV008,Decision 2 (2002),2002,Decision,Emblem of the Antarctic Treaty,Operation of the Antarctic Treaty system General,,high,three_coder_unanimous+independent_audit,True,False,Operation of the Antarctic Treaty system General,Operation of the Antarctic Treaty system The Secretariat,Operation of the Antarctic Treaty system Reports,0.8681190194974641,1.4810449209588838,True,True,True,True,True,True,1.0,False
OV009,Decision 4 (2003),2003,Decision,FINANCIAL REGULATIONS FOR THE SECRETARIAT OF THE ANTARCTIC TREATY,Operation of the Antarctic Treaty system The Secretariat,,high,three_coder_unanimous+independent_audit,False,True,Operation of the Antarctic Treaty system The Secretariat,Operation of the Antarctic Treaty system Reports,Institutional and legal matters,0.953224051183342,1.8645192377009476,True,True,True,True,True,True,1.0,True
OV010,Decision 1 (2004),2004,Decision,REVISED RULES OF PROCEDURE,Operation of the Antarctic Treaty system General,,medium,three_coder_unanimous+independent_audit,False,True,Operation of the Antarctic Treaty system General,CEP Strategy Discussions,Environmental Protection General,0.7826897780313321,0.8535664489093112,True,True,True,True,True,True,1.0,True
OV011,Decision 1 (2005),2005,Decision,Annex VI on Liability Arising from Environmental Emergencies to the Protocol on Environmental Protection to the Antarctic Treaty,Liability,,high,three_coder_unanimous+independent_audit,True,False,Liability,Emergency report and contingency planning,Institutional and legal matters,0.958874602555284,2.137057043375401,True,True,True,True,True,True,1.0,False
OV012,Decision 10 (2005),2005,Decision,Establishment of an Electronic Information Exchange System,Exchange of Information,,high,three_coder_unanimous+independent_audit,False,True,Exchange of Information,Operation of the Antarctic Treaty system The Secretariat,Operation of the CEP,0.6134223111414161,0.9876957302964724,True,True,True,True,True,True,1.0,True
OV013,Decision 2 (2005),2005,Decision,Decision confirming the recognition of Ukraine as a Consultative Party,Operation of the Antarctic Treaty system General,,high,three_coder_unanimous+independent_audit,True,False,Operation of the Antarctic Treaty system General,Institutional and legal matters,Science issues,0.391674298513874,0.691842535069699,True,True,True,True,True,True,1.0,False
OV014,Decision 3 (2005),2005,Decision,Amendments to the Rules of Procedure,Operation of the Antarctic Treaty system General,,medium,three_coder_unanimous+independent_audit,True,False,Operation of the Antarctic Treaty system General,Operation of the CEP,Institutional and legal matters,0.6588136707660238,0.536865107632588,False,True,True,True,True,True,1.0,False
OV015,Decision 4 (2005),2005,Decision,Consultative Party Status,Operation of the Antarctic Treaty system General,,high,three_coder_unanimous+independent_audit,False,True,Operation of the Antarctic Treaty system General,Institutional and legal matters,Opening statements,0.8486853976501202,1.5996773060977474,True,True,True,True,True,True,1.0,True
OV016,Decision 5 (2005),2005,Decision,Appointment of External Auditor,Operation of the Antarctic Treaty system The Secretariat,,medium,three_coder_unanimous+independent_audit,False,True,Operation of the Antarctic Treaty system General,Operation of the Antarctic Treaty system The Secretariat,Environmental Impact Assessment EIA Other EIA Matters,0.2232899741774173,0.3191826128618612,False,True,False,True,True,True,0.3333333333333333,True
OV017,Decision 9 (2005),2005,Decision,Marine Protected Areas and other areas of interest to CCAMLR,Marine Protected Areas,Cooperation with Other Organisations,high,three_coder_unanimous+independent_audit,True,False,Marine Protected Areas,Operation of the Antarctic Treaty system General,Area Protection and Management Plans General,0.7152940870710385,1.091930297854602,True,True,True,True,True,True,1.0,False
OV018,Decision 3 (2007),2007,Decision,Appointment of an External Auditor,Operation of the Antarctic Treaty system The Secretariat,,medium,three_coder_unanimous+independent_audit,False,True,Operation of the Antarctic Treaty system General,Operation of the Antarctic Treaty system The Secretariat,Comprehensive Environmental Evaluations,0.1616119713933834,0.1401367582538518,False,True,False,True,True,True,0.3333333333333333,True
OV019,Decision 1 (2008),2008,Decision,Amendment to the Rules of Procedure,Operation of the Antarctic Treaty system General,,medium,three_coder_unanimous+independent_audit,True,True,Operation of the Antarctic Treaty system General,Environmental Protection General,CEP Strategy Discussions,0.7090067134931458,0.620788149817204,True,True,True,True,True,True,1.0,True
OV020,Decision 2 (2008),2008,Decision,Approval of the Secretariat's Financial Report for 2006/07 and Programme and Budget for 2008/09,Operation of the Antarctic Treaty system The Secretariat,,high,three_coder_unanimous+independent_audit,True,False,Operation of the Antarctic Treaty system The Secretariat,Operational issues,Science issues,0.4726034587874358,0.4073803159409873,False,True,True,True,True,True,1.0,False
OV021,Decision 4 (2008),2008,Decision,Procedure for Selection and Appointment of the Executive Secretary of the Secretariat of the Antarctic Treaty,Operation of the Antarctic Treaty system The Secretariat,,high,three_coder_unanimous+independent_audit,False,True,Operation of the Antarctic Treaty system The Secretariat,Cooperation with Other Organisations,Institutional and legal matters,0.9260255734899584,1.9764455483104628,True,True,True,True,True,True,1.0,True
OV022,Decision 5 (2008),2008,Decision,Electronic Information Exchange System,Exchange of Information,,high,three_coder_unanimous+independent_audit,True,False,Exchange of Information,Environmental Monitoring and Reporting,Environmental Protection General,0.9831067921428618,2.2553019226799544,True,True,True,True,True,True,1.0,False
OV023,Decision 5 (2009),2009,Decision,"(Part II, section 2, page 245).",INSUFFICIENT_TITLE,,high,three_coder_unanimous+independent_audit,True,False,Operational issues,Fauna and Flora_General,Exchange of Information,0.2105194412703762,0.379076961247984,False,False,False,False,False,False,,False
OV024,Decision 6 (2009),2009,Decision,"(Part II, section 2, page 251).",INSUFFICIENT_TITLE,,high,three_coder_unanimous+independent_audit,True,False,Operational issues,Fauna and Flora_General,Exchange of Information,0.2055763101632648,0.3764229811015104,False,False,False,False,False,False,,False
OV025,Decision 1 (2010),2010,Decision,Compilation of Key Documents of the Antarctic Treaty System,Operation of the Antarctic Treaty system General,,high,three_coder_unanimous+independent_audit,True,False,Operation of the Antarctic Treaty system Reports,Safety and Operations in Antarctica,Exchange of Information,0.2006722113815833,0.1468420684728045,False,True,False,False,False,True,0.20833333333333334,False
OV026,Decision 2 (2010),2010,Decision,"Secretariat Reports, Programme and Budgets",Operation of the Antarctic Treaty system The Secretariat,,high,three_coder_unanimous+independent_audit,True,True,Operation of the Antarctic Treaty system The Secretariat,Operation of the Antarctic Treaty system Reports,Science issues,0.782074887109535,1.2862815808829422,True,True,True,True,True,True,1.0,True
OV027,Decision 3 (2010),2010,Decision,Revised Rules of Procedure for the Committee for,INSUFFICIENT_TITLE,,high,three_coder_unanimous+independent_audit,True,False,Operation of the CEP,Operation of the Antarctic Treaty system General,Institutional and legal matters,0.3163880435663152,0.0246223808004875,False,False,False,False,False,False,,False
OV028,Decision 4 (2010),2010,Decision,Liability arising from Environmental Emergencies,Liability,,high,three_coder_unanimous+independent_audit,True,False,Liability,Emergency report and contingency planning,Repair and remediation of environmental damage,0.7473147950126036,0.7441206523957853,True,True,True,True,True,True,1.0,False
OV029,Decision 5 (2010),2010,Decision,"Letters to UNFCCC, IPCC, WMO and IMO",Cooperation with Other Organisations,,high,three_coder_unanimous+independent_audit,True,False,Climate Change,Cooperation with Other Organisations,Tourism and NG_Activities,0.208377524053113,0.4159293266824617,False,True,False,True,True,True,0.21428571428571427,False
OV030,Decision 1 (2011),2011,Decision,Measures designated as no longer current,Operation of the Antarctic Treaty system General,,high,three_coder_unanimous+independent_audit,True,True,Management Plans,Operational issues,Environmental Protection General,0.1056472586611286,0.0051798845249222,False,True,False,False,False,False,0.25,True
OV031,Decision 2 (2011),2011,Decision,"Revised Rules of Procedure for the Antarctic Treaty Consultative Meeting (2011); Revised Rules of Procedure for the Committee for Environmental Protection (2011); Guidelines for the Submission, Translation and Distribution",Operation of the Antarctic Treaty system General,Operation of the CEP,high,three_coder_unanimous+independent_audit,False,True,Operation of the CEP,Operation of the Antarctic Treaty system General,CEP Strategy Discussions,0.3938207518753195,0.2951717413826438,False,True,False,True,True,False,0.3333333333333333,True
OV032,Decision 4 (2012),2012,Decision,"Electronic Information Exchange System, encouraging use of the system and modifying it in several respects; and Parties will continue to work with the Secretariat to refine and improve the EIES.",Exchange of Information,,high,three_coder_unanimous+independent_audit,True,False,Exchange of Information,Operation of the Antarctic Treaty system The Secretariat,Cooperation with Other Organisations,0.2282169401402271,0.0753312462363557,False,True,True,True,True,True,1.0,True
OV033,Decision 1 (2013),2013,Decision,Recognition of the Czech Republic as a Consultative Party,Operation of the Antarctic Treaty system General,,high,three_coder_unanimous+independent_audit,True,False,Operation of the Antarctic Treaty system General,Exchange of Information,Opening statements,0.3549815169148906,0.395741068658124,False,True,True,True,True,True,1.0,False
OV034,Decision 3 (2013),2013,Decision,Renewal of the Contract of the Secretariat's External Auditor,Operation of the Antarctic Treaty system The Secretariat,,high,three_coder_unanimous+independent_audit,True,False,Operation of the Antarctic Treaty system The Secretariat,Operational issues,Operation of the Antarctic Treaty system Reports,0.9043620918227532,1.3809739391725868,True,True,True,True,True,True,1.0,False
OV035,Decision 4 (2013),2013,Decision,"Secretariat Report, Programme and Budget",Operation of the Antarctic Treaty system The Secretariat,,high,three_coder_unanimous+independent_audit,False,True,Operation of the Antarctic Treaty system The Secretariat,Operation of the Antarctic Treaty system Reports,Safety and Operations in Antarctica,0.8790115794514276,1.5755426729564732,True,True,True,True,True,True,1.0,True
OV036,Decision 3 (2014),2014,Decision,"Multi-Year Strategic Work Plan for the Antarctic Treaty Consultative Meeting, including two new priorities.",Multiyear strategic workplan,,high,three_coder_unanimous+independent_audit,True,False,Operation of the Antarctic Treaty system General,Operation of the CEP,Operational issues,0.5721642069766072,0.8599769539606071,True,True,False,False,False,False,0.08333333333333333,False
OV037,Decision 1 (2015),2015,Decision,Revised Rules of Procedure for the Antarctic Treaty Consultative Meeting (2015): Committees and Working Groups.,Operation of the Antarctic Treaty system General,,high,three_coder_unanimous+independent_audit,True,False,Operation of the Antarctic Treaty system General,Institutional and legal matters,CEP Strategy Discussions,0.9474579059563628,1.81288263687216,True,True,True,True,True,True,1.0,False
OV038,Decision 4 (2015),2015,Decision,Multi-Year Strategic Work Plan for the Antarctic Treaty Consultative Meeting.,Multiyear strategic workplan,,high,three_coder_unanimous+independent_audit,False,True,Operation of the Antarctic Treaty system General,Operational issues,Operation of the Antarctic Treaty system Reports,0.8071301314089744,1.237878430042476,True,True,False,False,False,False,0.08333333333333333,True
OV039,Decision 2 (2017),2017,Decision,Guidelines on the procedure to be followed with respect to Consultative Party status.,Operation of the Antarctic Treaty system General,,high,three_coder_unanimous+independent_audit,True,False,Operation of the Antarctic Treaty system General,Site Guidelines for Visitors,Nonnative Species and Quarantine,0.1548807422069364,0.2959364952912863,False,True,True,True,True,True,1.0,False
OV040,Decision 4 (2017),2017,Decision,Procedure for Appointing Antarctic Treaty Consultative Meeting Working Group Chairs,Operation of the Antarctic Treaty system General,,high,three_coder_unanimous+independent_audit,False,True,Operation of the Antarctic Treaty system General,Operation of the Antarctic Treaty system The Secretariat,Institutional and legal matters,0.9466768254675224,1.8809243375018232,True,True,True,True,True,True,1.0,True
OV041,Decision 1 (2018),2018,Decision,"Secretariat Report, Programme and Budget",Operation of the Antarctic Treaty system The Secretariat,,high,three_coder_unanimous+independent_audit,True,False,Operation of the Antarctic Treaty system The Secretariat,Operation of the Antarctic Treaty system Reports,Science issues,0.8989768176645969,1.6715096947742705,True,True,True,True,True,True,1.0,False
OV042,Decision 1 (2019),2019,Decision,Redesign of the Format of the List of Historic Sites and Monuments.,Historic Sites and Monuments,,high,three_coder_unanimous+independent_audit,True,False,Historic Sites and Monuments,Operation of the Antarctic Treaty system Reports,Institutional and legal matters,0.9799145021375988,2.0551898807114872,True,True,True,True,True,True,1.0,True
OV043,Decision 3 (2019),2019,Decision,"Secretariat Report, Programme and Budget",Operation of the Antarctic Treaty system The Secretariat,,high,three_coder_unanimous+independent_audit,True,False,Operation of the Antarctic Treaty system The Secretariat,Operation of the Antarctic Treaty system Reports,Science issues,0.8500839420701783,1.4484833234349046,True,True,True,True,True,True,1.0,False
OV044,Decision 6 (2019),2019,Decision,Manual of Regulations and Guidelines Relevant to Tourism and Non-Governmental Activities in Antarctica,Tourism and NG_Activities,,high,three_coder_unanimous+independent_audit,True,False,Tourism and NG_Activities,Environmental Monitoring and Reporting,Emergency report and contingency planning,0.9773993471271956,2.251041764063093,True,True,True,True,True,True,1.0,False
OV045,Decision 1 (2021),2021,Decision,Antarctic Protected Areas System: Reformatted List of Historic Sites and Monuments,Historic Sites and Monuments,,high,three_coder_unanimous+independent_audit,False,True,Historic Sites and Monuments,Management Plans,Environmental Domains Analysis,0.947550841412924,1.3718149528651429,True,True,True,True,True,True,1.0,True
OV046,Decision 5 (2021),2021,Decision,Multi-year Strategic Work Plan for the Antarctic Treaty Consultative Meeting,Multiyear strategic workplan,,high,three_coder_unanimous+independent_audit,True,False,Operation of the Antarctic Treaty system General,Operational issues,Multiyear strategic workplan,0.8155292781823031,1.1584014086449534,True,True,False,True,True,False,0.08333333333333333,False
OV047,Decision 2 (2022),2022,Decision,Liability arising from environmental emergencies,Liability,,high,three_coder_unanimous+independent_audit,True,False,Liability,Emergency report and contingency planning,Repair and remediation of environmental damage,0.7473147950126036,0.7441206523957853,True,True,True,True,True,True,1.0,False
OV048,Decision 5 (2023),2023,Decision,Multi-year Strategic Work Plan for the Antarctic Treaty Consultative Meeting,Multiyear strategic workplan,,high,three_coder_unanimous+independent_audit,False,True,Operation of the Antarctic Treaty system General,Operational issues,Multiyear strategic workplan,0.8155292781823031,1.1584014086449534,True,True,False,True,True,False,0.08333333333333333,True
OV049,Measure 1 (1997),1997,Measure,Antarctic Protected Areas System: Revised Description and Management Plan for Specially Protected Area,Management Plans,,high,three_coder_unanimous+independent_audit,True,True,Management Plans,Area Protection and Management Plans General,Environmental Domains Analysis,0.7780058179048349,0.5121324312636151,False,True,True,True,True,True,1.0,True
OV050,Measure 2 (1997),1997,Measure,Antarctic Protected Areas System: Management Plans for Specially Protected Areas,Management Plans,,high,three_coder_unanimous+independent_audit,False,True,Management Plans,Area Protection and Management Plans General,Marine Protected Areas,0.979496355454178,1.7857643106676,True,True,True,True,True,True,1.0,True
OV051,Measure 3 (1997),1997,Measure,Antarctic Protected Areas System: Revised Descriptions and Management Plans for Sites of Special Scientific Interest (SSSI),Management Plans,,high,three_coder_unanimous+independent_audit,False,True,Area Protection and Management Plans General,Management Plans,Marine Protected Areas,0.4747229449684099,0.0556318646218447,False,True,False,True,True,True,0.6111111111111112,True
OV052,Measure 5 (1997),1997,Measure,Antarctic Protected Areas System: Historic Sites and Monuments: Amendment Number 41: Stone Hut on Paulet Island,Historic Sites and Monuments,,high,three_coder_unanimous+independent_audit,False,True,Historic Sites and Monuments,Management Plans,Environmental Protection General,0.8706772030791012,1.2731652565378693,True,True,True,True,True,True,1.0,True
OV053,Measure 1 (1998),1998,Measure,Antarctic Protected Areas System: Management Plans for Specially Protected Areas,Management Plans,,high,three_coder_unanimous+independent_audit,False,True,Management Plans,Area Protection and Management Plans General,Environmental Domains Analysis,0.978596283866592,1.6843858927033215,True,True,True,True,True,True,1.0,True
OV054,Measure 2 (1998),1998,Measure,"Antarctic Protected Areas System: Historic Sites and Monuments. South-West Coast of Elephant Island, South Shetland Islands",Historic Sites and Monuments,,high,three_coder_unanimous+independent_audit,False,True,Historic Sites and Monuments,Management Plans,Educational issues,0.5742361248025623,0.3857378295547975,False,True,True,True,True,True,1.0,True
OV055,Measure 1 (2001),2001,Measure,Antarctic Protected Area System Historic Sites And Monuments,Historic Sites and Monuments,,high,three_coder_unanimous+independent_audit,False,True,Historic Sites and Monuments,Environmental Protection General,Area Protection and Management Plans General,0.995641438532886,2.992763836259998,True,True,True,True,True,True,1.0,True
OV056,Measure 2 (2001),2001,Measure,Antarctic Protected Area System Historic Sites And Monuments,Historic Sites and Monuments,,high,three_coder_unanimous+independent_audit,False,True,Historic Sites and Monuments,Environmental Protection General,Area Protection and Management Plans General,0.995641438532886,2.992763836259998,True,True,True,True,True,True,1.0,True
OV057,Measure 3 (2001),2001,Measure,Antarctic Protected Areas System: Extension of Expiry Dates for Certain Sites of Special Scientific Interest,Management Plans,,high,three_coder_unanimous+independent_audit,True,False,Area Protection and Management Plans General,Management Plans,Marine Protected Areas,0.6132761648241503,0.3142838110579298,False,True,False,True,True,True,0.6111111111111112,False
OV058,Measure 1 (2004),2004,Measure,ANTARCTIC SPECIALLY MANAGED AREAS: DESIGNATIONS AND MANAGEMENT PLANS,Management Plans,,high,three_coder_unanimous+independent_audit,True,False,Management Plans,Area Protection and Management Plans General,Environmental Monitoring and Reporting,0.8668093927904391,0.8244230586342076,True,True,True,True,True,True,1.0,False
OV059,Measure 1 (2006),2006,Measure,Antarctic Specially Protected Areas: Designations and Management Plans,Management Plans,,high,three_coder_unanimous+independent_audit,True,False,Area Protection and Management Plans General,Management Plans,Marine Protected Areas,0.7277577595227359,0.4083558758608443,False,True,False,True,True,True,0.6111111111111112,False
OV060,Measure 1 (2007),2007,Measure,Antarctic Specially Protected Areas: Revised Management Plans,Management Plans,,high,three_coder_unanimous+independent_audit,True,False,Management Plans,Area Protection and Management Plans General,Exchange of Information,0.9922727782321836,1.985296008338,True,True,True,True,True,True,1.0,False
OV061,Measure 3 (2007),2007,Measure,Antarctic Historic Sites and Monuments: Monument to the Antarctic Treaty,Historic Sites and Monuments,,high,three_coder_unanimous+independent_audit,True,False,Historic Sites and Monuments,Educational issues,Environmental Monitoring and Reporting,0.9958412433522348,2.914272769142268,True,True,True,True,True,True,1.0,True
OV062,Measure 13 (2008),2008,Measure,"Antarctic Specially Protected Area No 160 (Frazier Islands, Windmill Islands, Wilkes Land, East Antarctica): Revised Management Plan",Management Plans,,high,three_coder_unanimous+independent_audit,True,False,Management Plans,Area Protection and Management Plans General,Environmental Protection General,0.6579114471090007,0.3974967732015557,False,True,True,True,True,True,1.0,False
OV063,Measure 13 (2009),2009,Measure,Designation of ASPA 171  (Narębski Point),Management Plans,,high,three_coder_unanimous+independent_audit,True,False,Area Protection and Management Plans General,Management Plans,Fauna and Flora_General,0.4322608758304533,0.3850283267624583,False,True,False,True,True,True,0.6111111111111112,False
OV064,Measure 14 (2009),2009,Measure,Historic Sites 83 (Base “W”) and 84 (Hut at Damoy Point),Historic Sites and Monuments,,high,three_coder_unanimous+independent_audit,True,False,Historic Sites and Monuments,Waste management and disposal,Management Plans,0.9507330078401426,2.087242348952492,True,True,True,True,True,True,1.0,False
OV065,Measure 15 (2009),2009,Measure,Landing of Persons from Passenger vessels,Tourism and NG_Activities,,high,three_coder_unanimous+independent_audit,True,False,Search and Rescue,Tourism and NG_Activities,Operational issues,0.5417416974491482,1.0891710017964398,True,True,False,True,True,True,0.4,False
OV066,Measure 16 (2009),2009,Measure,Amendment of Annex II to the Environment Protocol,Environmental Protection General,,medium,adversarial_adjudication+independent_audit,False,True,Environmental Protection General,Liability,Area Protection and Management Plans General,0.9869810268431732,2.1185420705715794,True,True,True,True,True,True,1.0,True
OV067,Measure 11 (2010),2010,Measure,"Antarctic Specially Protected Area No 159 (Cape Adare, Borchgrevink Coast): Revised Management Plan",Management Plans,,high,three_coder_unanimous+independent_audit,True,False,Management Plans,Environmental Domains Analysis,Safety and Operations in Antarctica,0.9956301130013022,2.9405305517837084,True,True,True,True,True,True,1.0,False
OV068,Measure 15 (2010),2010,Measure,Antarctic Historic Sites and Monuments: Plaque,Historic Sites and Monuments,,high,three_coder_unanimous+independent_audit,False,True,Historic Sites and Monuments,Environmental Monitoring and Reporting,Biological Prospecting,0.9948915406434886,2.974519323563309,True,True,True,True,True,True,1.0,True
OV069,Measure 2 (2010),2010,Measure,"Antarctic Specially Protected Area No 102 (Rookery Islands, Holme Bay, Mac.Robertson Land): Revised Management Plan",Management Plans,,high,three_coder_unanimous+independent_audit,True,False,Management Plans,Prevention of marine pollution,Environmental Protection General,0.98924173169,2.80699717877945,True,True,True,True,True,True,1.0,False
OV070,Measure 4 (2010),2010,Measure,"Antarctic Specially Protected Area No 105 (Beaufort Island,",INSUFFICIENT_TITLE,,high,three_coder_unanimous+independent_audit,False,True,Management Plans,Area Protection and Management Plans General,Environmental Monitoring and Reporting,0.936041251104732,1.8102983243268311,True,False,False,False,False,False,,True
OV071,Measure 6 (2010),2010,Measure,Antarctic Specially Protected Area No 119 (Davis Valley and,INSUFFICIENT_TITLE,,high,three_coder_unanimous+independent_audit,False,True,Management Plans,Area Protection and Management Plans General,Specially Protected Species,0.8071052434314163,0.9394031936040472,True,False,False,False,False,False,,True
OV072,Measure 3 (2011),2011,Measure,"ASPA 122 (Arrival Heights, Hut Point Peninsula, Ross Island): Revised Management Plan",Management Plans,,high,three_coder_unanimous+independent_audit,True,False,Area Protection and Management Plans General,Management Plans,Historic Sites and Monuments,0.4177485164833612,0.0848532505226762,False,True,False,True,True,True,0.6111111111111112,True
OV073,Measure 1 (2012),2012,Measure,"ASPA No 109 (Moe Island, South Orkney Islands):",INSUFFICIENT_TITLE,,high,three_coder_unanimous+independent_audit,True,False,Management Plans,Nonnative Species and Quarantine,Comprehensive Environmental Evaluations,0.1929485613334741,0.3356856484242421,False,False,False,False,False,False,,False
OV074,Measure 11 (2012),2012,Measure,Antarctic Historic Sites and Monuments:,INSUFFICIENT_TITLE,,high,adversarial_adjudication+independent_audit,True,False,Historic Sites and Monuments,Educational issues,Environmental Monitoring and Reporting,0.9981066241677662,3.3495056649117774,True,False,False,False,False,False,,True
OV075,Measure 1 (2013),2013,Measure,"Antarctic Specially Protected Area No 108 (Green Island, Berthelot Islands, Antarctic Peninsula): Revised Management Plan.",Management Plans,,high,three_coder_unanimous+independent_audit,True,True,Area Protection and Management Plans General,Management Plans,Environmental Protection General,0.8911602987875156,1.3222754660684854,True,True,False,True,True,True,0.6111111111111112,True
OV076,Measure 13 (2013),2013,Measure,"Antarctic Specially Protected Area No 156 (Lewis Bay, Mount Erebus, Ross Island): Revised Management Plan.",Management Plans,,high,three_coder_unanimous+independent_audit,True,False,Area Protection and Management Plans General,Management Plans,Repair and remediation of environmental damage,0.940051103780203,1.4506066338590171,True,True,False,True,True,True,0.6111111111111112,True
OV077,Measure 15 (2013),2013,Measure,"Antarctic Specially Protected Area No 161 (Terra Nova Bay, Ross Sea): Revised Management Plan.",Management Plans,,high,three_coder_unanimous+independent_audit,False,True,Management Plans,Area Protection and Management Plans General,Environmental Protection General,0.9732455294742464,2.11134363790378,True,True,True,True,True,True,1.0,True
OV078,Measure 4 (2013),2013,Measure,"Antarctic Specially Protected Area No 132 (Potter Peninsula, King George Island (Isla 25 de Mayo), South Shetland Islands): Revised Management Plan.",Management Plans,,high,three_coder_unanimous+independent_audit,False,True,Area Protection and Management Plans General,Management Plans,Nonnative Species and Quarantine,0.9273219389584488,1.2982969423175943,True,True,False,True,True,True,0.6111111111111112,True
OV079,Measure 6 (2013),2013,Measure,"Antarctic Specially Protected Area No 135 (North-east Bailey Peninsula, Budd Coast, Wilkes Land): Revised Management Plan.",Management Plans,,high,three_coder_unanimous+independent_audit,False,True,Management Plans,Area Protection and Management Plans General,Historic Sites and Monuments,0.9067847496926068,1.29039757633791,True,True,True,True,True,True,1.0,True
OV080,Measure 9 (2013),2013,Measure,"Antarctic Specially Protected Area No 143 (Marine Plain, Mule Peninsula, Vestfold Hills, Princess Elizabeth Land): Revised Management Plan.",Management Plans,,high,three_coder_unanimous+independent_audit,False,True,Area Protection and Management Plans General,Management Plans,Human Footprint and wilderness values,0.7929512465466811,0.8202703553667168,True,True,False,True,True,True,0.6111111111111112,True
OV081,Measure 14 (2014),2014,Measure,"Antarctic Specially Managed Area No 1 (Admiralty Bay, King George Island): Revised Management Plan.",Management Plans,,high,three_coder_unanimous+independent_audit,False,True,Management Plans,Area Protection and Management Plans General,Environmental Monitoring and Reporting,0.8478742027616571,0.789432368337271,True,True,True,True,True,True,1.0,True
OV082,Measure 9 (2014),2014,Measure,"Antarctic Specially Protected Area No 162 (Mawson's Huts, Cape Denison, Commonwealth Bay, George V Land, East Antarctica): Revised Management Plan.",Management Plans,,high,three_coder_unanimous+independent_audit,True,False,Area Protection and Management Plans General,Management Plans,Human Footprint and wilderness values,0.3883685345119076,0.1041406531253605,False,True,False,True,True,True,0.6111111111111112,False
OV083,Measure 1 (2015),2015,Measure,"Antarctic Specially Protected Area ASPA No. 101 (Taylor Rookery, Mac.Robertson Land): Revised Management Plan.",Management Plans,,high,three_coder_unanimous+independent_audit,False,True,Management Plans,Area Protection and Management Plans General,Exchange of Information,0.9787237910260476,2.1904621534039967,True,True,True,True,True,True,1.0,True
OV084,Measure 18 (2015),2015,Measure,"Antarctic Specially Managed Area ASMA No. 2 (McMurdo Dry Valleys, Southern Victoria Land): Revised Management Plan.",Management Plans,,high,three_coder_unanimous+independent_audit,True,False,Management Plans,Area Protection and Management Plans General,Environmental Monitoring and Reporting,0.9811689047110912,1.9660383026026265,True,True,True,True,True,True,1.0,False
OV085,Measure 4 (2015),2015,Measure,"Antarctic Specially Protected Area ASPA No. 104 (Sabrina Island, Balleny Islands): Revised Management Plan.",Management Plans,,high,three_coder_unanimous+independent_audit,False,True,Management Plans,Area Protection and Management Plans General,Environmental Monitoring and Reporting,0.881016633283152,0.8099539437355994,True,True,True,True,True,True,1.0,True
OV086,Measure 1 (2016),2016,Measure,"Antarctic Specially Protected Area ASPA No. 116 (New College Valley, Caughley Beach, Cape Bird, Ross Island): Revised Management Plan.",Management Plans,,high,three_coder_unanimous+independent_audit,True,False,Management Plans,Area Protection and Management Plans General,Fauna and Flora_General,0.7689710035933041,0.6346014793427015,True,True,True,True,True,True,1.0,True
OV087,Measure 2 (2016),2016,Measure,"Antarctic Specially Protected Area ASPA No. 120 (Pointe-Géologie Archipelago, Terre Adélie): Revised Management Plan.",Management Plans,,high,three_coder_unanimous+independent_audit,True,False,Management Plans,Area Protection and Management Plans General,Environmental Monitoring and Reporting,0.913449804165984,1.1355317752458518,True,True,True,True,True,True,1.0,False
OV088,Measure 4 (2017),2017,Measure,"Antarctic Specially Protected Area ASPA No. 115 (Lagotellerie Island, Marguerite Bay, Graham Land): Revised Management Plan.",Management Plans,,high,three_coder_unanimous+independent_audit,False,True,Management Plans,Area Protection and Management Plans General,Environmental Monitoring and Reporting,0.9719517413854274,1.9704320701729432,True,True,True,True,True,True,1.0,True
OV089,Measure 1 (2018),2018,Measure,"Antarctic Specially Protected Area ASPA No. 108 (Green Island, Berthelot Islands, Antarctic Peninsula): Revised Management Plan.",Management Plans,,high,three_coder_unanimous+independent_audit,True,True,Management Plans,Area Protection and Management Plans General,Institutional and legal matters,0.900597311591608,1.051516676655701,True,True,True,True,True,True,1.0,True
OV090,Measure 4 (2018),2018,Measure,"Antarctic Specially Protected Area ASPA No. 147 (Ablation Valley and Ganymede Heights, Alexander Island): Revised Management Plan.",Management Plans,,high,three_coder_unanimous+independent_audit,False,True,Management Plans,Area Protection and Management Plans General,Environmental Monitoring and Reporting,0.778127882028417,0.6977775625277487,True,True,True,True,True,True,1.0,True
OV091,Measure 5 (2018),2018,Measure,"Antarctic Specially Protected Area ASPA No. 170 (Marion Nunataks, Charcot Island, Antarctic Peninsula): Revised Management Plan.",Management Plans,,high,three_coder_unanimous+independent_audit,True,False,Management Plans,Area Protection and Management Plans General,Climate Change,0.8986801961020862,1.536898194675486,True,True,True,True,True,True,1.0,False
OV092,Measure 7 (2019),2019,Measure,"Antarctic Specially Protected Area No 161 (Terra Nova Bay, Ross Sea): Revised Management Plan",Management Plans,,high,three_coder_unanimous+independent_audit,True,False,Management Plans,Area Protection and Management Plans General,Biological Prospecting,0.9808914951226708,1.9377980014903344,True,True,True,True,True,True,1.0,False
OV093,Measure 17 (2021),2021,Measure,"Antarctic Specially Protected Area No 163 (Dakshin Gangotri Glacier, Dronning Maud Land): Revised Management Plan",Management Plans,,high,three_coder_unanimous+independent_audit,True,False,Management Plans,Safety and Operations in Antarctica,Environmental Protection General,0.9658252658414148,2.175568397407223,True,True,True,True,True,True,1.0,False
OV094,Measure 4 (2021),2021,Measure,"Antarctic Specially Protected Area No 103 (Ardery Island and Odbert Island, Budd Coast, Wilkes Land, East Antarctica): Revised Management Plan",Management Plans,,high,three_coder_unanimous+independent_audit,True,False,Management Plans,Area Protection and Management Plans General,Science issues,0.96891150421497,1.7484747574008073,True,True,True,True,True,True,1.0,False
OV095,Measure 7 (2021),2021,Measure,"Antarctic Specially Protected Area No 106 (Cape Hallett, Northern Victoria Land, Ross Sea): Revised Management Plan",Management Plans,,high,three_coder_unanimous+independent_audit,True,False,Management Plans,Area Protection and Management Plans General,Specially Protected Species,0.9139177648100464,1.8718509365820533,True,True,True,True,True,True,1.0,False
OV096,Measure 1 (2022),2022,Measure,Antarctic Specially Managed Area No 7 (Southwest Anvers Island and Palmer Basin): Revised Management Plan,Management Plans,,high,three_coder_unanimous+independent_audit,False,True,Management Plans,Tourism and NG_Activities,Drilling,0.977625454881216,2.342897403518677,True,True,True,True,True,True,1.0,True
OV097,Measure 12 (2022),2022,Measure,"Antarctic Specially Protected Area No 129 (Rothera Point, Adelaide Island): Revised Management Plan",Management Plans,,high,three_coder_unanimous+independent_audit,False,True,Management Plans,Operation of the Antarctic Treaty system General,Comprehensive Environmental Evaluations,0.9940393411049084,2.9879376306600403,True,True,True,True,True,True,1.0,True
OV098,Measure 15 (2022),2022,Measure,"Antarctic Specially Protected Area No 140 (Parts of Deception Island, South Shetland Islands): Revised Management Plan",Management Plans,,high,three_coder_unanimous+independent_audit,False,True,Management Plans,Prevention of marine pollution,Biological Prospecting,0.993390172798497,3.0476632957144485,True,True,True,True,True,True,1.0,True
OV099,Measure 18 (2022),2022,Measure,"Revised List of Antarctic Historic Sites and Monuments: Updating information for Historic Sites and Monuments No 26, 29, 36, 38, 39, 40, 41, 42, 43 and 93",Historic Sites and Monuments,,high,three_coder_unanimous+independent_audit,False,True,Historic Sites and Monuments,Environmental Monitoring and Reporting,Biological Prospecting,0.9946318085697046,2.9531003450792808,True,True,True,True,True,True,1.0,True
OV100,Measure 6 (2022),2022,Measure,"Antarctic Specially Protected Area No 115 (Lagotellerie Island, Marguerite Bay, Graham Land): Revised Management Plan",Management Plans,,high,three_coder_unanimous+independent_audit,False,True,Management Plans,Prevention of marine pollution,Environmental Monitoring and Reporting,0.989991559287528,2.824156312549241,True,True,True,True,True,True,1.0,True
OV101,Measure 8 (2023),2023,Measure,"Antarctic Specially Protected Area No 138 (Linnaeus Terrace, Asgard Range, Victoria Land): Revised Management Plan",Management Plans,,high,three_coder_unanimous+independent_audit,True,False,Management Plans,Safety and Operations in Antarctica,Exchange of Information,0.9218770360460858,1.927736035144639,True,True,True,True,True,True,1.0,False
OV102,Measure 12 (2024),2024,Measure,"Antarctic Specially Protected Area No 171 (Narębski Point, Barton Peninsula, King George Island): Revised Management Plan",Management Plans,,high,three_coder_unanimous+independent_audit,True,False,Management Plans,Area Protection and Management Plans General,Historic Sites and Monuments,0.7235144619738778,0.4391607581116505,False,True,True,True,True,True,1.0,False
OV103,Measure 4 (2024),2024,Measure,"Antarctic Specially Protected Area No 136 (Clark Peninsula, Budd Coast, Wilkes Land, East Antarctica): Revised Management Plan",Management Plans,,high,three_coder_unanimous+independent_audit,True,False,Management Plans,Area Protection and Management Plans General,Historic Sites and Monuments,0.5611907204848648,0.1458730498382987,False,True,True,True,True,True,1.0,False
OV104,Measure 1 (2025),2025,Measure,"Antarctic Specially Protected Area No 162 (Mawson's Huts, Cape Denison, Commonwealth Bay, George V Land, East Antarctica): Revised Management Plan",Management Plans,,high,three_coder_unanimous+independent_audit,False,True,Management Plans,Historic Sites and Monuments,Area Protection and Management Plans General,0.8322826447757014,1.4984684454768673,True,True,True,True,True,True,1.0,True
OV136,Resolution 2 (1995),1995,Resolution,Disposal of nuclear waste negotiations,Waste management and disposal,,high,three_coder_unanimous+independent_audit,False,True,Human Footprint and wilderness values,Waste management and disposal,Exchange of Information,0.8551144550690535,1.534717883610018,True,True,False,True,True,False,0.23529411764705882,True
OV137,Resolution 5 (1995),1995,Resolution,Inspection checklists,Inspections,,high,three_coder_unanimous+independent_audit,True,False,Inspections,Fauna and Flora_General,Tourism and NG_Activities,0.9847801353064364,2.327082200918114,True,True,True,True,True,True,1.0,False
OV138,Resolution 8 (1995),1995,Resolution,Guidelines for proposing new Historic Sites and Monuments,Historic Sites and Monuments,,high,three_coder_unanimous+independent_audit,True,False,Historic Sites and Monuments,Site Guidelines for Visitors,Comprehensive Environmental Evaluations,0.9890091103170549,2.131127299758954,True,True,True,True,True,True,1.0,False
OV139,Resolution 2 (1996),1996,Resolution,Educational and cultural activities,Educational issues,,high,three_coder_unanimous+independent_audit,True,False,Educational issues,International Polar Year,Drilling,0.997803677901294,3.333196478146311,True,True,True,True,True,True,1.0,False
OV140,Resolution 3 (1996),1996,Resolution,"Extension of expiry dates for SSSI 2 (Arrival Heights), 13 (Potter Peninsula), 20 (Biscoe Point), 23 (Svarthamaren), 24 (Mount Melbourne), 25 (Marine Plain), 26 (Chile Bay), 27 (Port Foster), 28 (South Bay), 29 (Ablation Point), 31 (Mount Flora) and 32 (Cape Shirreff)",Management Plans,,high,three_coder_unanimous+independent_audit,False,True,Area Protection and Management Plans General,Management Plans,Fauna and Flora_General,0.5325516430149153,0.4221120146925738,False,True,False,True,True,True,0.6111111111111112,True
OV141,Resolution 5 (1996),1996,Resolution,Numbering system for ASPAs,Area Protection and Management Plans General,,high,three_coder_unanimous+independent_audit,True,True,Area Protection and Management Plans General,Operational issues,Environmental Protection General,0.1585933261572251,0.0876820850088774,False,True,True,True,True,True,1.0,True
OV142,Resolution 1 (1997),1997,Resolution,Contingency plans,Emergency report and contingency planning,,high,three_coder_unanimous+independent_audit,False,True,Emergency report and contingency planning,Management Plans,Safety and Operations in Antarctica,0.7904394742056201,1.3729151709957563,True,True,True,True,True,True,1.0,True
OV143,Resolution 1 (1998),1998,Resolution,Annex V. Protected Areas,Area Protection and Management Plans General,,high,three_coder_unanimous+independent_audit,False,True,Area Protection and Management Plans General,Management Plans,Liability,0.8589657494138538,1.129883218198496,True,True,True,True,True,True,1.0,True
OV144,Resolution 2 (1998),1998,Resolution,Guide to the Preparation of Management Plans for Antarctic Specially Protected Areas,Area Protection and Management Plans General,,high,three_coder_unanimous+independent_audit,True,True,Management Plans,Area Protection and Management Plans General,Marine Protected Areas,0.9246637311312544,1.869273945196948,True,True,False,True,True,True,0.6111111111111112,True
OV145,Resolution 4 (1998),1998,Resolution,Antarctic Data Management,Exchange of Information,,low,adversarial_adjudication+independent_audit,False,True,Environmental Monitoring and Reporting,Exchange of Information,Management Plans,0.8850992665240931,1.5085458644952423,True,True,False,True,True,True,0.36363636363636365,True
OV146,Resolution 2 (1999),1999,Resolution,LIST OF SPECIALLY PROTECTED SPECIES: ANNEX II TO THE ENVIRONMENTAL PROTOCOL,Specially Protected Species,,high,three_coder_unanimous+independent_audit,False,True,Fauna and Flora_General,Specially Protected Species,Environmental Protection General,0.4741463140557443,0.2891164591316657,False,True,False,True,True,False,0.4117647058823529,True
OV147,Resolution 6 (1999),1999,Resolution,ADHERENCE TO THE ENVIRONMENTAL PROTOCOL BY NON-CONSULTATIVE PARTIES,Environmental Protection General,,high,three_coder_unanimous+independent_audit,True,False,Environmental Protection General,Operation of the CEP,Tourism and NG_Activities,0.2975299184283643,0.4865987528217714,False,True,True,True,True,True,1.0,True
OV148,Resolution 2 (2001),2001,Resolution,"Support for CCAMLR and its Measures to Combat Illegal, Unreported and Unregulated Fishing, Including a Catch Documentation Scheme for Dissostichus spp. (Toothfish)",Cooperation with Other Organisations,Marine living resources,high,three_coder_unanimous+independent_audit,True,False,Cooperation with Other Organisations,Tourism and NG_Activities,Marine Protected Areas,0.4377923753274709,0.5852156122381318,False,True,True,True,True,True,1.0,False
OV149,Resolution 4 (2001),2001,Resolution,Historic Sites and Monuments,Historic Sites and Monuments,,high,three_coder_unanimous+independent_audit,True,True,Historic Sites and Monuments,Environmental Protection General,Environmental Monitoring and Reporting,0.9995305283204782,3.8767739222896864,True,True,True,True,True,True,1.0,True
OV150,Resolution 5 (2001),2001,Resolution,Guidelines for handling of pre-1958 historic remains whose existence or present location is not known,Historic Sites and Monuments,,high,three_coder_unanimous+independent_audit,True,True,Historic Sites and Monuments,Area Protection and Management Plans General,Fauna and Flora_General,0.6815267687971944,1.1941973136688766,True,True,True,True,True,True,1.0,True
OV151,Resolution 6 (2001),2001,Resolution,Recalling Article III (1)a and Article VII(5) of the Antarctic Treaty;,INSUFFICIENT_TITLE,,high,three_coder_unanimous+independent_audit,False,True,Operation of the Antarctic Treaty system General,Inspections,Cooperation with Other Organisations,0.2293979137641633,0.3269549442594843,False,False,False,False,False,False,,True
OV152,Resolution 3 (2002),2002,Resolution,Support for CCAMLR,Cooperation with Other Organisations,,high,three_coder_unanimous+independent_audit,True,False,Cooperation with Other Organisations,Operation of the Antarctic Treaty system General,Science issues,0.5868426072896408,0.779422888344476,True,True,True,True,True,True,1.0,True
OV153,Resolution 4 (2003),2003,Resolution,Support for the Conservation of Albatrosses and Petrels,Fauna and Flora_General,,high,three_coder_unanimous+independent_audit,True,False,Operation of the Antarctic Treaty system Reports,Cooperation with Other Organisations,Operation of the Antarctic Treaty system General,0.4313930520737165,0.4378627079180606,False,True,False,False,False,False,0.45,False
OV154,Resolution 5 (2004),2004,Resolution,ESTABLISHMENT OF AN INTERSESSIONAL CONTACT GROUP TO IMPROVE EXCHANGE OF INFORMATION,Exchange of Information,,high,three_coder_unanimous+independent_audit,False,True,Exchange of Information,Operation of the CEP,Environmental Impact Assessment EIA Other EIA Matters,0.6815376836628558,1.0395280883479696,True,True,True,True,True,True,1.0,True
OV155,Resolution 6 (2005),2005,Resolution,Antarctic Post Visit Site Report Form,Site Guidelines for Visitors,,high,three_coder_unanimous+independent_audit,True,True,Site Guidelines for Visitors,Tourism and NG_Activities,Science issues,0.1946875557992056,0.048173711447224,False,True,True,True,True,True,1.0,True
OV156,Resolution 7 (2005),2005,Resolution,Biological Prospecting in Antarctica,Biological Prospecting,,high,three_coder_unanimous+independent_audit,True,False,Biological Prospecting,Mineral resources,Inspections,0.9924834708460047,2.788670140292365,True,True,True,True,True,True,1.0,False
OV157,Resolution 5 (2007),2007,Resolution,Tourism in the Antarctic Treaty Area,Tourism and NG_Activities,,high,three_coder_unanimous+independent_audit,False,True,Tourism and NG_Activities,Search and Rescue,Institutional and legal matters,0.9429801840507734,1.9343267088665783,True,True,True,True,True,True,1.0,True
OV158,Resolution 1 (2008),2008,Resolution,"Guide to the Presentation of Working Papers Containing Proposals for Antarctic Specially Protected Areas, Antarctic Specially Managed Areas or Historic Sites and Monuments",Area Protection and Management Plans General,Historic Sites and Monuments,high,three_coder_unanimous+independent_audit,True,True,Area Protection and Management Plans General,Historic Sites and Monuments,Environmental Monitoring and Reporting,0.8858018982862742,1.2621094623197655,True,True,True,True,True,True,1.0,True
OV159,Resolution 3 (2008),2008,Resolution,Environmental Domains Analysis for the Antarctic continent as a dynamic model for a systematic environmental geographic framework,Environmental Domains Analysis,,high,three_coder_unanimous+independent_audit,True,False,Environmental Domains Analysis,Environmental Monitoring and Reporting,Liability,0.9791607755494118,2.0196348384816147,True,True,True,True,True,True,1.0,True
OV160,Resolution 5 (2008),2008,Resolution,Improving hydrographic surveying and charting to support safety of navigation and environmental protection in the Antarctic region,Safety and Operations in Antarctica,Environmental Protection General,high,three_coder_unanimous+independent_audit,False,True,Safety and Operations in Antarctica,Environmental Monitoring and Reporting,Environmental Domains Analysis,0.9922125130295968,2.6794997418780877,True,True,True,True,True,True,1.0,True
OV161,Resolution 6 (2008),2008,Resolution,Enhancing the role of Maritime Rescue Coordination Centres with Search and Rescue Regions in the Antarctic Treaty Area,Search and Rescue,,high,three_coder_unanimous+independent_audit,False,True,Search and Rescue,Safety and Operations in Antarctica,Marine Protected Areas,0.6716032307228302,0.7539344984156581,True,True,True,True,True,True,1.0,True
OV162,Resolution 5 (2009),2009,Resolution,Protection of the Southern Giant Petrel,Fauna and Flora_General,,high,three_coder_unanimous+independent_audit,False,True,Fauna and Flora_General,Environmental Protection General,Specially Protected Species,0.2121605097314778,0.2959735714727822,False,True,True,True,True,True,1.0,True
OV163,Resolution 7 (2009),2009,Resolution,General principles of Antarctic tourism,Tourism and NG_Activities,,high,three_coder_unanimous+independent_audit,True,False,Tourism and NG_Activities,Environmental Monitoring and Reporting,Biological Prospecting,0.8347139674704375,1.348856832546439,True,True,True,True,True,True,1.0,True
OV164,Resolution 2 (2010),2010,Resolution,The contribution of the IPY to hydrographic knowledge,International Polar Year,,high,three_coder_unanimous+independent_audit,True,False,Safety and Operations in Antarctica,International Polar Year,Fauna and Flora_General,0.3222259072884903,0.0890203541106464,False,True,False,True,True,True,0.2857142857142857,True
OV165,Resolution 7 (2010),2010,Resolution,Enhancement of port State control for passenger vessels bound,INSUFFICIENT_TITLE,,high,adversarial_adjudication+independent_audit,False,True,Search and Rescue,Tourism and NG_Activities,Safety and Operations in Antarctica,0.293638572107533,0.0823677171531567,False,False,False,False,False,False,,True
OV166,Resolution 2 (2011),2011,Resolution,Revised Guide to the Preparation of Management Plans for Antarctic Specially Protected Areas,Area Protection and Management Plans General,,high,three_coder_unanimous+independent_audit,True,False,Area Protection and Management Plans General,Management Plans,Climate Change,0.8225122738004439,1.0660942203102524,True,True,True,True,True,True,1.0,False
OV167,Resolution 2 (2012),2012,Resolution,Cooperation on questions related to the exercise of jurisdiction,Institutional and legal matters,,high,three_coder_unanimous+independent_audit,False,True,Operation of the Antarctic Treaty system General,Institutional and legal matters,Cooperation with Other Organisations,0.7456003697470831,0.6117406654852121,True,True,False,True,True,False,0.2916666666666667,True
OV168,Resolution 3 (2012),2012,Resolution,Improving Cooperation in Antarctica.,INSUFFICIENT_TITLE,,medium,three_coder_unanimous+independent_audit,False,True,Exchange of Information,Safety and Operations in Antarctica,Operation of the Antarctic Treaty system General,0.3217529424712599,0.3623732665709709,False,False,False,False,False,False,,True
OV169,Resolution 3 (2013),2013,Resolution,Site Guidelines for Visitors.,Site Guidelines for Visitors,,high,three_coder_unanimous+independent_audit,False,True,Site Guidelines for Visitors,Human Footprint and wilderness values,Tourism and NG_Activities,0.9975293547856916,3.117248863089452,True,True,True,True,True,True,1.0,True
OV170,Resolution 6 (2013),2013,Resolution,Biological Prospecting in Antarctica,Biological Prospecting,,high,three_coder_unanimous+independent_audit,True,True,Biological Prospecting,Fauna and Flora_General,Inspections,0.9951026040442256,3.0114945070880808,True,True,True,True,True,True,1.0,True
OV171,Resolution 2 (2014),2014,Resolution,"Cooperation, Facilitation, and Exchange of Meteorological and Related Oceanographic and Cryospheric Environmental Information.",Exchange of Information,Science issues,high,three_coder_unanimous+independent_audit,False,True,Exchange of Information,Environmental Monitoring and Reporting,Science issues,0.8256990041774499,1.390162532351118,True,True,True,True,True,True,1.0,True
OV172,Resolution 3 (2015),2015,Resolution,The Antarctic Environments Portal.,Exchange of Information,,medium,adversarial_adjudication+independent_audit,False,True,CEP Strategy Discussions,Environmental Monitoring and Reporting,Operation of the CEP,0.2761008524457407,0.0818630854628827,False,True,False,False,False,False,0.13636363636363635,True
OV173,Resolution 5 (2015),2015,Resolution,Important Bird Areas in Antarctica.,Fauna and Flora_General,,high,three_coder_unanimous+independent_audit,True,False,Fauna and Flora_General,Area Protection and Management Plans General,Environmental Monitoring and Reporting,0.3942646504907336,0.4563985905503794,False,True,True,True,True,True,1.0,True
OV174,Resolution 6 (2015),2015,Resolution,The Role of Antarctica in Global Climate Processes.,Climate Change,,high,three_coder_unanimous+independent_audit,True,True,Climate Change,Marine Protected Areas,Nonnative Species and Quarantine,0.8157452065643079,1.4445149904780736,True,True,True,True,True,True,1.0,True
OV175,Resolution 1 (2016),2016,Resolution,"Revised Guidelines for Environmental Impact Assessment in Antarctica, and highlighted the importance of the Guidelines for the ongoing implementation of the Protocol.",Environmental Impact Assessment EIA Other EIA Matters,,high,three_coder_unanimous+independent_audit,False,True,Environmental Impact Assessment EIA Other EIA Matters,Environmental Protection General,Human Footprint and wilderness values,0.2811543252295179,0.5158059595062174,False,True,True,True,True,True,1.0,True
OV176,Resolution 2 (2016),2016,Resolution,Site Guidelines for Visitors.,Site Guidelines for Visitors,,high,three_coder_unanimous+independent_audit,False,True,Site Guidelines for Visitors,Tourism and NG_Activities,Emergency report and contingency planning,0.992915351535879,2.4336071536687167,True,True,True,True,True,True,1.0,True
OV177,Resolution 4 (2016),2016,Resolution,The Committee for Environmental Protection Non-native Species Manual,Nonnative Species and Quarantine,,high,three_coder_unanimous+independent_audit,False,True,Nonnative Species and Quarantine,CEP Strategy Discussions,Operation of the CEP,0.8052647134650239,1.0404375933697088,True,True,True,True,True,True,1.0,True
OV178,Resolution 5 (2016),2016,Resolution,"Revised Guide to the presentation of Working Papers containing proposals for Antarctic Specially Protected Areas, Antarctic Specially Managed Areas or Historic Sites and Monuments",Area Protection and Management Plans General,Historic Sites and Monuments,high,three_coder_unanimous+independent_audit,False,True,Historic Sites and Monuments,Area Protection and Management Plans General,Educational issues,0.4259099232246135,0.1844372832105771,False,True,False,True,True,True,0.35714285714285715,True
OV179,Resolution 3 (2017),2017,Resolution,Antarctic Conservation Biogeographic Regions (ACBRs Version 2),Environmental Domains Analysis,,high,three_coder_unanimous+independent_audit,True,False,Management Plans,Fauna and Flora_General,Area Protection and Management Plans General,0.7202672281590694,1.094628624312009,True,True,False,False,False,False,0.05555555555555555,False
OV180,Resolution 4 (2017),2017,Resolution,Green Expedition in the Antarctic.,INSUFFICIENT_TITLE,,medium,independent_challenge+blind_arbitration,True,True,Operational issues,Fauna and Flora_General,Educational issues,0.4470006597626579,0.7059127036990087,True,False,False,False,False,False,,True
OV181,Resolution 5 (2017),2017,Resolution,Establishment of the Ross Sea Region Marine Protected Area,Marine Protected Areas,,high,three_coder_unanimous+independent_audit,False,True,Marine Protected Areas,Area Protection and Management Plans General,Management Plans,0.8784566290149531,1.4165889216888723,True,True,True,True,True,True,1.0,True
OV182,Resolution 6 (2017),2017,Resolution,"Guidelines on Contingency Planning, insurance and other matters for tourist and other non-governmental activities in the Antarctic Treaty Area.",Emergency report and contingency planning,Tourism and NG_Activities,high,three_coder_unanimous+independent_audit,False,True,Tourism and NG_Activities,Emergency report and contingency planning,Environmental Impact Assessment EIA Other EIA Matters,0.607921022526586,0.910644647178261,True,True,False,True,True,False,0.3333333333333333,True
OV183,Resolution 1 (2018),2018,Resolution,Site Guidelines for Visitors.,Site Guidelines for Visitors,,high,three_coder_unanimous+independent_audit,False,True,Site Guidelines for Visitors,Tourism and NG_Activities,Emergency report and contingency planning,0.992915351535879,2.4336071536687167,True,True,True,True,True,True,1.0,True
OV184,Resolution 4 (2018),2018,Resolution,Environmental guidelines for the operation of Remotely Piloted Aircraft Systems (RPAS) in Antarctica,Environmental Protection General,Operational issues,high,three_coder_unanimous+independent_audit,False,True,Fauna and Flora_General,Safety and Operations in Antarctica,Environmental Domains Analysis,0.7597242553391621,0.5635718587018461,False,True,False,False,False,True,0.28,True
OV185,Resolution 5 (2018),2018,Resolution,SCAR's Environmental Code of Conduct for Terrestrial Scientific Field Research in Antarctica.,Environmental Protection General,Science issues,high,adversarial_adjudication+independent_audit,True,False,Environmental Domains Analysis,Area Protection and Management Plans General,Environmental Protection General,0.4969957051057344,0.0593765543838571,False,True,False,True,True,False,0.16,True
OV186,Resolution 2 (2019),2019,Resolution,Site Guidelines for Visitors.,Site Guidelines for Visitors,,high,three_coder_unanimous+independent_audit,False,True,Site Guidelines for Visitors,Emergency report and contingency planning,Tourism and NG_Activities,0.9965717245423475,3.0850336535735225,True,True,True,True,True,True,1.0,True
OV187,Resolution 3 (2019),2019,Resolution,Visitor Site Guidelines Assessment and Review Checklist,Site Guidelines for Visitors,,high,three_coder_unanimous+independent_audit,False,True,Site Guidelines for Visitors,Tourism and NG_Activities,Environmental Impact Assessment EIA Other EIA Matters,0.8966949454129965,1.4208584682906376,True,True,True,True,True,True,1.0,True
OV188,Resolution 4 (2019),2019,Resolution,Scientific Committee on Antarctic Research's Code of Conduct for the Use of Animals for Scientific Purposes in Antarctica,Fauna and Flora_General,Science issues,high,adversarial_adjudication+independent_audit,True,False,Science issues,Fauna and Flora_General,CEP Strategy Discussions,0.5808912136272598,0.5336790645607702,False,True,False,True,True,False,0.12,True
OV189,Resolution 6 (2019),2019,Resolution,Hydrographic Mapping of Antarctic Waters,Operational issues,,medium,three_coder_unanimous+independent_audit,True,False,Safety and Operations in Antarctica,Environmental Monitoring and Reporting,Marine Acoustics,0.6718738262394364,1.1874717820844016,True,True,False,False,False,False,0.42857142857142855,True
OV190,Resolution 7 (2019),2019,Resolution,SCAR’s Sixtieth Anniversary and the Role of SCAR in Providing Scientific Advice to Support the Work of the Antarctic Treaty System,Cooperation with Other Organisations,Science issues,high,three_coder_unanimous+independent_audit,True,False,Science issues,Cooperation with Other Organisations,Operation of the Antarctic Treaty system Reports,0.2849940578893128,0.1398080771670777,False,True,False,True,True,False,0.16,False
OV191,Resolution 1 (2021),2021,Resolution,SCAR Environmental Code of Conduct for Geosciences Field Research Activities in Antarctica,Environmental Protection General,Science issues,high,adversarial_adjudication+independent_audit,True,False,Environmental Protection General,Environmental Domains Analysis,Area Protection and Management Plans General,0.4449007534122217,0.4518498655806123,False,True,True,True,True,True,1.0,False
OV192,Resolution 5 (2021),2021,Resolution,Coronavirus Disease 2019 and Antarctica,Safety and Operations in Antarctica,,medium,three_coder_unanimous+independent_audit,False,True,Fauna and Flora_General,Operation of the Antarctic Treaty system Reports,Operation of the Antarctic Treaty system General,0.1951886523739414,0.2540965893091773,False,True,False,False,False,True,0.23809523809523808,True
OV193,Resolution 6 (2021),2021,Resolution,Air Safety in Antarctica,Safety and Operations in Antarctica,,high,three_coder_unanimous+independent_audit,True,False,Safety and Operations in Antarctica,Operational issues,Search and Rescue,0.5334730949697974,0.1000756364111304,False,True,True,True,True,True,1.0,False
OV194,Resolution 4 (2022),2022,Resolution,Antarctic Climate Change and the Environment: A Decadal Synopsis and Recommendations for Action report,Climate Change,,high,three_coder_unanimous+independent_audit,False,True,Climate Change,CEP Strategy Discussions,Mineral resources,0.8152080162003429,1.1300569075578255,True,True,True,True,True,True,1.0,True
OV195,Resolution 2 (2023),2023,Resolution,Helsinki Declaration on Climate Change and the Antarctic,Climate Change,,high,three_coder_unanimous+independent_audit,False,True,Climate Change,Environmental Protection General,Institutional and legal matters,0.9700353207700108,2.2554946975136607,True,True,True,True,True,True,1.0,True
OV196,Resolution 4 (2023),2023,Resolution,Urgent measures to be taken with respect to certain tourist and non-governmental activities,Tourism and NG_Activities,,high,three_coder_unanimous+independent_audit,True,False,Tourism and NG_Activities,Nonnative Species and Quarantine,Management Plans,0.935437821961253,1.927586965018241,True,True,True,True,True,True,1.0,False
OV197,Resolution 2 (2024),2024,Resolution,General Guidelines for Visitors to the Antarctic,Tourism and NG_Activities,,high,adversarial_adjudication+independent_audit,False,True,Site Guidelines for Visitors,Tourism and NG_Activities,Mineral resources,0.8883587288406029,1.6113267354820158,True,True,False,True,True,True,0.5,True
OV198,Resolution 1 (2025),2025,Resolution,Site Guidelines for Visitors,Site Guidelines for Visitors,,high,three_coder_unanimous+independent_audit,False,True,Site Guidelines for Visitors,Tourism and NG_Activities,Emergency report and contingency planning,0.9953303794568984,2.7245947986122,True,True,True,True,True,True,1.0,True
OV199,Resolution 2 (2025),2025,Resolution,Revised Guidelines for implementation of the Framework for Antarctic Specially Protected Areas,Area Protection and Management Plans General,,high,three_coder_unanimous+independent_audit,False,True,Management Plans,Area Protection and Management Plans General,Operational issues,0.1389363164395204,0.0981293472138111,False,True,False,True,True,True,0.6111111111111112,True
OV200,Resolution 4 (2025),2025,Resolution,General Guidelines for Visitors to the Antarctic,Tourism and NG_Activities,,high,adversarial_adjudication+independent_audit,False,True,Site Guidelines for Visitors,Tourism and NG_Activities,Emergency report and contingency planning,0.8505418026970726,1.1214714018774377,True,True,False,True,True,True,0.5,True
OS001,Decision 1 (2007),2007,Decision,Review of the Status of Measures Relating to Area Protection and Management,Area Protection and Management Plans General,,high,three_coder_unanimous+independent_audit,False,False,Operation of the Antarctic Treaty system General,Area Protection and Management Plans General,Management Plans,0.353754334701743,0.3142518449104151,False,True,False,True,True,False,0.20833333333333334,True
OS002,Decision 5 (2019),2019,Decision,Multi-year Strategic Work Plan for the Antarctic Treaty Consultative Meeting,Multiyear strategic workplan,,high,three_coder_unanimous+independent_audit,False,False,Operation of the Antarctic Treaty system General,Operational issues,Multiyear strategic workplan,0.8248636688902448,1.1076696476403138,True,True,False,True,True,False,0.08333333333333333,True
OS003,Decision 2 (2021),2021,Decision,Staff Regulations for the Secretariat of the Antarctic Treaty,Operation of the Antarctic Treaty system The Secretariat,,high,three_coder_unanimous+independent_audit,False,False,Operation of the Antarctic Treaty system The Secretariat,Operational issues,Fauna and Flora_General,0.923846121099603,1.7432862303542578,True,True,True,True,True,True,1.0,True
OS004,Decision 5 (2025),2025,Decision,Appointment of the Executive Secretary,Operation of the Antarctic Treaty system The Secretariat,,medium,three_coder_unanimous+independent_audit,False,False,Operation of the Antarctic Treaty system The Secretariat,Science issues,Operation of the Antarctic Treaty system General,0.8890629801063781,1.8434207096087856,True,True,True,True,True,True,1.0,True
OS005,Decision 6 (2025),2025,Decision,Liability arising from environmental emergencies,Liability,,high,three_coder_unanimous+independent_audit,False,False,Liability,Emergency report and contingency planning,Repair and remediation of environmental damage,0.769225483434826,0.8976267074523631,True,True,True,True,True,True,1.0,True
OS006,Measure 1 (2005),2005,Measure,Annex VI to the Protocol on Environmental Protection to the Antarctic Treaty: Liability Arising From Environmental Emergencies,Liability,,high,three_coder_unanimous+independent_audit,False,False,Liability,Emergency report and contingency planning,Repair and remediation of environmental damage,0.9826252619298484,2.442241359582292,True,True,True,True,True,True,1.0,True
OS007,Measure 3 (2006),2006,Measure,Antarctic Historic Sites and Monuments: Rocher du Débarquement,Historic Sites and Monuments,,high,three_coder_unanimous+independent_audit,False,False,Historic Sites and Monuments,Science issues,Sub glacial Lakes,0.9936657887138656,2.909867008090643,True,True,True,True,True,True,1.0,True
OS008,Measure 4 (2008),2008,Measure,"Antarctic Specially Protected Area No 170: Marion Nunataks, Charcot Island, Antarctic Peninsula",Management Plans,,medium,three_coder_unanimous+independent_audit,False,False,Area Protection and Management Plans General,Management Plans,Science issues,0.6544213722658728,0.5913571033455225,False,True,False,True,True,True,0.6111111111111112,True
OS009,Measure 4 (2011),2011,Measure,"ASPA 126 (Byers Peninsula, Livingston Island, South Shetland Islands): Revised Management Plan",Management Plans,,high,three_coder_unanimous+independent_audit,False,False,Management Plans,Site Guidelines for Visitors,Area Protection and Management Plans General,0.7090123775451082,1.2298837364409203,True,True,True,True,True,True,1.0,True
OS010,Measure 4 (2012),2012,Measure,"ASPA No 112 (Coppermine Peninsula, Robert Island,",INSUFFICIENT_TITLE,,high,three_coder_unanimous+independent_audit,False,False,Area Protection and Management Plans General,Management Plans,Historic Sites and Monuments,0.4904850447264674,0.4773676540643825,False,False,False,False,False,False,,True
OS011,Measure 4 (2014),2014,Measure,"Antarctic Specially Protected Area No 128 (Western shores of Admiralty Bay, King George Island, South Shetland Islands): Revised Management Plan.",Management Plans,,high,three_coder_unanimous+independent_audit,False,False,Management Plans,Area Protection and Management Plans General,Environmental Protection General,0.9271897187744744,1.5538100095091472,True,True,True,True,True,True,1.0,True
OS012,Measure 4 (2016),2016,Measure,"Antarctic Specially Protected Area ASPA No. 126 (Byers Peninsula, Livingston Island, South Shetland Islands): Revised Management Plan.",Management Plans,,high,three_coder_unanimous+independent_audit,False,False,Management Plans,Area Protection and Management Plans General,Historic Sites and Monuments,0.8121096629623755,0.887583360975044,True,True,True,True,True,True,1.0,True
OS013,Measure 3 (2022),2022,Measure,"Antarctic Specially Protected Area No 110 (Lynch Island, South Orkney Islands): Revised Management Plan",Management Plans,,high,three_coder_unanimous+independent_audit,False,False,Management Plans,Inspections,Nonnative Species and Quarantine,0.9933558802148064,2.9794124233981627,True,True,True,True,True,True,1.0,True
OS014,Measure 4 (2022),2022,Measure,"Antarctic Specially Protected Area No 111 (Southern Powell Island and adjacent islands, South Orkney Islands): Revised Management Plan",Management Plans,,high,three_coder_unanimous+independent_audit,False,False,Management Plans,Environmental Protection General,Tourism and NG_Activities,0.9847462140773132,2.580916666070305,True,True,True,True,True,True,1.0,True
OS015,Measure 11 (2023),2023,Measure,"Antarctic Specially Protected Area No 147 (Ablation Valley and Ganymede Heights, Alexander Island): Revised Management Plan",Management Plans,,high,three_coder_unanimous+independent_audit,False,False,Management Plans,Area Protection and Management Plans General,Environmental Protection General,0.9509272718824444,1.960971068300356,True,True,True,True,True,True,1.0,True
OS016,Measure 15 (2023),2023,Measure,"Antarctic Specially Protected Area No 168 (Mount Harding, Grove Mountains, East Antarctica): Revised Management Plan",Management Plans,,high,three_coder_unanimous+independent_audit,False,False,Management Plans,Area Protection and Management Plans General,Specially Protected Species,0.9874701865392356,2.5462224068458905,True,True,True,True,True,True,1.0,True
OS017,Measure 4 (2023),2023,Measure,"Antarctic Specially Protected Area No 122 (Arrival Heights, Hut Point Peninsula, Ross Island): Revised Management Plan",Management Plans,,high,three_coder_unanimous+independent_audit,False,False,Management Plans,Area Protection and Management Plans General,Historic Sites and Monuments,0.5375447613987413,0.1161068211076428,False,True,True,True,True,True,1.0,True
OS018,Measure 1 (2024),2024,Measure,"Antarctic Specially Protected Area No 116 (New College Valley, Caughley Beach, Cape Bird, Ross Island): Revised Management Plan",Management Plans,,high,three_coder_unanimous+independent_audit,False,False,Management Plans,Area Protection and Management Plans General,Site Guidelines for Visitors,0.9597600565484656,2.0941368697425204,True,True,True,True,True,True,1.0,True
OS019,Measure 6 (2024),2024,Measure,"Antarctic Specially Protected Area No 141 (Yukidori Valley, Langhovde, Lützow-Holm Bay): Revised Management Plan",Management Plans,,high,three_coder_unanimous+independent_audit,False,False,Management Plans,Area Protection and Management Plans General,Exchange of Information,0.9778528598299469,2.1686389265921955,True,True,True,True,True,True,1.0,True
OS020,Resolution 1 (2001),2001,Resolution,Decision on superseded recommendations,Operation of the Antarctic Treaty system General,,high,three_coder_unanimous+independent_audit,False,False,Mineral resources,Area Protection and Management Plans General,Operation of the Antarctic Treaty system Reports,0.3318924027304437,0.3671376762440692,False,True,False,False,False,False,0.125,True
OS021,Resolution 1 (2004),2004,Resolution,ENHANCING PREVENTION OF MARINE POLLUTION BY FISHING ACTIVITIES,Prevention of marine pollution,Marine living resources,medium,independent_challenge+blind_arbitration,False,False,Prevention of marine pollution,Marine Protected Areas,Tourism and NG_Activities,0.6004980098491567,0.914335351375701,True,True,True,True,True,True,1.0,True
OS022,Resolution 4 (2004),2004,Resolution,"GUIDELINES ON CONTINGENCY PLANNING, INSURANCE AND OTHER MATTERS FOR TOURIST AND OTHER NON-GOVERNMENTAL ACTIVITIES IN THE ANTARCTIC TREATY AREA",Emergency report and contingency planning,Tourism and NG_Activities,high,three_coder_unanimous+independent_audit,False,False,Tourism and NG_Activities,Emergency report and contingency planning,Environmental Impact Assessment EIA Other EIA Matters,0.6211030468516595,0.9018752511274424,True,True,False,True,True,False,0.3333333333333333,True
OS023,Resolution 4 (2008),2008,Resolution,Checklist to assist in the inspection of Antarctic Specially Protected Areas and Antarctic Specially Managed Areas,Inspections,Area Protection and Management Plans General,high,three_coder_unanimous+independent_audit,False,False,Inspections,Area Protection and Management Plans General,Management Plans,0.4801980555944448,0.1967466776363677,False,True,True,True,True,True,1.0,True
OS024,Resolution 1 (2010),2010,Resolution,Site Guidelines for visitors,Site Guidelines for Visitors,,high,three_coder_unanimous+independent_audit,False,False,Site Guidelines for Visitors,Tourism and NG_Activities,Emergency report and contingency planning,0.997164897153468,3.0671301280214767,True,True,True,True,True,True,1.0,True
OS025,Resolution 3 (2010),2010,Resolution,"Revised Antarctic inspection Checklist ""A""",Inspections,,high,three_coder_unanimous+independent_audit,False,False,Inspections,Management Plans,Tourism and NG_Activities,0.9555123881708514,2.0394506384007185,True,True,True,True,True,True,1.0,True
OS026,Resolution 5 (2010),2010,Resolution,Co-ordination among Antarctic Treaty Parties on Antarctic proposals under consideration in the IMO,Cooperation with Other Organisations,,high,three_coder_unanimous+independent_audit,False,False,Liability,Tourism and NG_Activities,Exchange of Information,0.148287128968273,0.1559830015645629,False,True,False,False,False,True,0.17647058823529413,True
OS027,Resolution 6 (2010),2010,Resolution,Improving the co-ordination of maritime search and rescue,Search and Rescue,,high,three_coder_unanimous+independent_audit,False,False,Search and Rescue,Safety and Operations in Antarctica,Institutional and legal matters,0.4918923975816888,0.1392126838653478,False,True,True,True,True,True,1.0,True
OS028,Resolution 6 (2011),2011,Resolution,Non-native Species,Nonnative Species and Quarantine,,high,three_coder_unanimous+independent_audit,False,False,Nonnative Species and Quarantine,Specially Protected Species,Opening statements,0.9994386873371908,3.616984338475407,True,True,True,True,True,True,1.0,True
OS029,Resolution 7 (2012),2012,Resolution,Vessel Safety in the Antarctic Treaty area.,Safety and Operations in Antarctica,,high,three_coder_unanimous+independent_audit,False,False,Operational issues,Safety and Operations in Antarctica,Search and Rescue,0.5523806032776095,0.3436368993145576,False,True,False,True,True,False,0.42857142857142855,True
OS030,Resolution 8 (2012),2012,Resolution,"Improved Coordination of Maritime, Aeronautical and Land-Based Search and Rescue.",Search and Rescue,,high,three_coder_unanimous+independent_audit,False,False,Search and Rescue,Safety and Operations in Antarctica,Area Protection and Management Plans General,0.4246870594282559,0.0400368808768986,False,True,True,True,True,True,1.0,True
OS031,Resolution 9 (2012),2012,Resolution,The Assessment of Land-Based Expeditionary Activities.,Operational issues,,medium,independent_challenge+blind_arbitration,False,False,Tourism and NG_Activities,Environmental Impact Assessment EIA Other EIA Matters,Science issues,0.557972309801473,0.3447255623312586,False,True,False,False,False,False,0.15,True
OS032,Resolution 1 (2013),2013,Resolution,Air Safety in Antarctica,Safety and Operations in Antarctica,,high,three_coder_unanimous+independent_audit,False,False,Safety and Operations in Antarctica,Operational issues,Search and Rescue,0.5086957264495419,0.0625454718451209,False,True,True,True,True,True,1.0,True
OS033,Resolution 1 (2014),2014,Resolution,Fuel Storage and Handling,Operational issues,,medium,three_coder_unanimous+independent_audit,False,False,Prevention of marine pollution,Emergency report and contingency planning,Operation of the Antarctic Treaty system General,0.6955052995705301,0.9938729949773114,True,True,False,False,False,False,0.3,True
OS034,Resolution 3 (2014),2014,Resolution,Supporting the Polar Code,Institutional and legal matters,,medium,independent_challenge+blind_arbitration,False,False,Safety and Operations in Antarctica,Operational issues,Environmental Monitoring and Reporting,0.5913418797116821,0.7145240311245046,True,True,False,False,False,True,0.5238095238095238,True
OS035,Resolution 4 (2014),2014,Resolution,Site Guidelines for visitors,Site Guidelines for Visitors,,high,three_coder_unanimous+independent_audit,False,False,Site Guidelines for Visitors,Tourism and NG_Activities,Emergency report and contingency planning,0.997164897153468,3.0671301280214767,True,True,True,True,True,True,1.0,True
OS036,Resolution 5 (2014),2014,Resolution,Strengthening Cooperation in Hydrographic Surveying and Charting of Antarctic Waters,Operational issues,,high,three_coder_unanimous+independent_audit,False,False,Science issues,Cooperation with Other Organisations,Tourism and NG_Activities,0.1756641198948537,0.0604570770057558,False,True,False,False,False,True,0.4,True
OS037,Resolution 6 (2014),2014,Resolution,Toward a Risk-based Assessment of Tourism and Non-Governmental Activities.,Tourism and NG_Activities,,high,three_coder_unanimous+independent_audit,False,False,Tourism and NG_Activities,Environmental Impact Assessment EIA Other EIA Matters,Area Protection and Management Plans General,0.8257500103110158,0.6992657029621767,True,True,True,True,True,True,1.0,True
OS038,Resolution 1 (2015),2015,Resolution,Cooperative Air Transport Systems.,Operational issues,,high,three_coder_unanimous+independent_audit,False,False,Operational issues,Safety and Operations in Antarctica,Climate Change,0.8646245641410133,1.0557042986777792,True,True,True,True,True,True,1.0,True
OS039,Resolution 3 (2016),2016,Resolution,Code of Conduct for Activity within Terrestrial Geothermal Environments in Antarctica,Environmental Protection General,,medium,three_coder_unanimous+independent_audit,False,False,Area Protection and Management Plans General,Fauna and Flora_General,Human Footprint and wilderness values,0.7694991708149177,1.2007212162171277,True,True,False,False,False,True,0.24,True
OS040,Resolution 1 (2017),2017,Resolution,Guidance Material for Antarctic Specially Managed Area (ASMA) designations,Area Protection and Management Plans General,,high,three_coder_unanimous+independent_audit,False,False,Area Protection and Management Plans General,Management Plans,Biological Prospecting,0.4228752397484354,0.1242033789733947,False,True,True,True,True,True,1.0,True
OS041,Resolution 2 (2018),2018,Resolution,Guidelines for the assessment and management of Heritage in Antarctica,Historic Sites and Monuments,,high,three_coder_unanimous+independent_audit,False,False,Historic Sites and Monuments,Safety and Operations in Antarctica,Tourism and NG_Activities,0.3188558203261032,0.2179623418562104,False,True,True,True,True,True,1.0,True
OS042,Resolution 1 (2019),2019,Resolution,Revised Antarctic Clean-Up Manual,Repair and remediation of environmental damage,,medium,three_coder_unanimous+independent_audit,False,False,Repair and remediation of environmental damage,Emergency report and contingency planning,CEP Strategy Discussions,0.5551751639372192,0.2251224843573327,False,True,True,True,True,True,1.0,True
OS043,Resolution 5 (2019),2019,Resolution,Reducing Plastic Pollution in Antarctica and the Southern Ocean,Prevention of marine pollution,,medium,three_coder_unanimous+independent_audit,False,False,Environmental Monitoring and Reporting,Prevention of marine pollution,Environmental Protection General,0.694245224497095,1.0571122477517547,True,True,False,True,True,False,0.2857142857142857,True
OS044,Resolution 2 (2021),2021,Resolution,"Revised Guide to the presentation of Working Papers containing proposals for Antarctic Specially Protected Areas, Antarctic Specially Managed Areas or Historic Sites and Monuments",Area Protection and Management Plans General,Historic Sites and Monuments,high,three_coder_unanimous+independent_audit,False,False,Historic Sites and Monuments,Area Protection and Management Plans General,Educational issues,0.4259099232246135,0.1844372832105771,False,True,False,True,True,True,0.35714285714285715,True
OS045,Resolution 6 (2022),2022,Resolution,Revised standard Post Visit Report Form,Site Guidelines for Visitors,,high,three_coder_unanimous+independent_audit,False,False,Tourism and NG_Activities,Management Plans,Exchange of Information,0.92066538039785,1.651040713146771,True,True,False,False,False,True,0.5,True
OS046,Resolution 1 (2024),2024,Resolution,Revised Guide to the Preparation of Management Plans for Antarctic Specially Protected Areas,Area Protection and Management Plans General,,high,three_coder_unanimous+independent_audit,False,False,Area Protection and Management Plans General,Management Plans,Climate Change,0.8225122738004439,1.0660942203102524,True,True,True,True,True,True,1.0,True
